market_id,condition_id,wallet,category,timestamp,timestamp_utc,side,outcome,outcome_index,asset_id,price,size_shares,notional_usdc,transaction_hash,source_file,source_row
3029440,0x13178ce83741883342e46ba645bc6bd8417633ce4c22bfbbe40b4070672c86be,0x54a80b25396fb4ae193a018334f49b1b22f752fd,Crypto,1784998786,2026-07-25T16:59:46+00:00,BUY,No,1,108663457396485825789306998137659084561349201649377958127574381186033559773294,0.998,15.55,15.5189,0x0854ecb02d562c596c747c8a5a85594b45be0b5eb87d5616539afa7b447a54a8,trades_3029440_0.json,0
3029440,0x13178ce83741883342e46ba645bc6bd8417633ce4c22bfbbe40b4070672c86be,0x7e4c30c01e7dc97b1624e2e9b82e85b4790a1cf9,Crypto,1784998786,2026-07-25T16:59:46+00:00,BUY,Yes,0,78423296503963723739064283312890026953778459701557886376608171970985684969246,0.002,15.55,0.031100000000000003,0x0854ecb02d562c596c747c8a5a85594b45be0b5eb87d5616539afa7b447a54a8,trades_3029440_0.json,1
3029440,0x13178ce83741883342e46ba645bc6bd8417633ce4c22bfbbe40b4070672c86be,0x54a80b25396fb4ae193a018334f49b1b22f752fd,Crypto,1784998764,2026-07-25T16:59:24+00:00,BUY,No,1,108663457396485825789306998137659084561349201649377958127574381186033559773294,0.999,3670.0,3666.33,0x6e3a7b88d41c6e83d68f47d92998a8d3284ff5aa25f708af6d041a2f2ba351c6,trades_3029440_0.json,2
3029440,0x13178ce83741883342e46ba645bc6bd8417633ce4c22bfbbe40b4070672c86be,0xaa81efdc21ae5511553e76d60fb1a845f999aaf7,Crypto,1784998764,2026-07-25T16:59:24+00:00,BUY,Yes,0,78423296503963723739064283312890026953778459701557886376608171970985684969246,0.001,2000.0,2.0,0x6e3a7b88d41c6e83d68f47d92998a8d3284ff5aa25f708af6d041a2f2ba351c6,trades_3029440_0.json,3
3029440,0x13178ce83741883342e46ba645bc6bd8417633ce4c22bfbbe40b4070672c86be,0x4ffe49ba2a4cae123536a8af4fda48faeb609f71,Crypto,1784998764,2026-07-25T16:59:24+00:00,BUY,Yes,0,78423296503963723739064283312890026953778459701557886376608171970985684969246,0.001,1555.0,1.555,0x6e3a7b88d41c6e83d68f47d92998a8d3284ff5aa25f708af6d041a2f2ba351c6,trades_3029440_0.json,4
3029440,0x13178ce83741883342e46ba645bc6bd8417633ce4c22bfbbe40b4070672c86be,0x3329cfc2b8d8ceb8d198f081bdf4262f421f43a6,Crypto,1784998764,2026-07-25T16:59:24+00:00,BUY,Yes,0,78423296503963723739064283312890026953778459701557886376608171970985684969246,0.001,100.0,0.1,0x6e3a7b88d41c6e83d68f47d92998a8d3284ff5aa25f708af6d041a2f2ba351c6,trades_3029440_0.json,5
3029440,0x13178ce83741883342e46ba645bc6bd8417633ce4c22bfbbe40b4070672c86be,0xeab7b0a830a1755f1296fee950b3080e3529b389,Crypto,1784998764,2026-07-25T16:59:24+00:00,BUY,Yes,0,78423296503963723739064283312890026953778459701557886376608171970985684969246,0.001,15.0,0.015,0x6e3a7b88d41c6e83d68f47d92998a8d3284ff5aa25f708af6d041a2f2ba351c6,trades_3029440_0.json,6
3029440,0x13178ce83741883342e46ba645bc6bd8417633ce4c22bfbbe40b4070672c86be,0xc0c4c9ab74e8828dbf29b96dca886eefcb248129,Crypto,1784998749,2026-07-25T16:59:09+00:00,BUY,No,1,108663457396485825789306998137659084561349201649377958127574381186033559773294,0.998,1447.0,1444.106,0x79a4fb273fbb114a34d67c9aff1b47e95b762ffce91774c453df7af97b62a3d8,trades_3029440_0.json,7
3029440,0x13178ce83741883342e46ba645bc6bd8417633ce4c22bfbbe40b4070672c86be,0x74957ea27ac4fbdee46d861fdae357859ff67fcf,Crypto,1784998749,2026-07-25T16:59:09+00:00,BUY,Yes,0,78423296503963723739064283312890026953778459701557886376608171970985684969246,0.002,697.0,1.3940000000000001,0x79a4fb273fbb114a34d67c9aff1b47e95b762ffce91774c453df7af97b62a3d8,trades_3029440_0.json,8
3029440,0x13178ce83741883342e46ba645bc6bd8417633ce4c22bfbbe40b4070672c86be,0x4a3b6ae4cccdd47cbd8563cd813155761deb3149,Crypto,1784998749,2026-07-25T16:59:09+00:00,BUY,Yes,0,78423296503963723739064283312890026953778459701557886376608171970985684969246,0.002,750.0,1.5,0x79a4fb273fbb114a34d67c9aff1b47e95b762ffce91774c453df7af97b62a3d8,trades_3029440_0.json,9
3029440,0x13178ce83741883342e46ba645bc6bd8417633ce4c22bfbbe40b4070672c86be,0xbec57787131eadb97aecdc95fd9a49dfef201aee,Crypto,1784998551,2026-07-25T16:55:51+00:00,BUY,No,1,108663457396485825789306998137659084561349201649377958127574381186033559773294,0.997,125.0,124.625,0x0f2ff317a893f0032a4992a2f8a3726f8ac839fd5c11f90fdbb3d5b86fac3a9b,trades_3029440_0.json,10
3029440,0x13178ce83741883342e46ba645bc6bd8417633ce4c22bfbbe40b4070672c86be,0x613b668ef24d3a37417cb5756c5943cae761da44,Crypto,1784998551,2026-07-25T16:55:51+00:00,BUY,Yes,0,78423296503963723739064283312890026953778459701557886376608171970985684969246,0.003,100.0,0.3,0x0f2ff317a893f0032a4992a2f8a3726f8ac839fd5c11f90fdbb3d5b86fac3a9b,trades_3029440_0.json,11
3029440,0x13178ce83741883342e46ba645bc6bd8417633ce4c22bfbbe40b4070672c86be,0xeace539957dc19048c7be9bb64e1af6b517b38b9,Crypto,1784998551,2026-07-25T16:55:51+00:00,BUY,Yes,0,78423296503963723739064283312890026953778459701557886376608171970985684969246,0.003,25.0,0.075,0x0f2ff317a893f0032a4992a2f8a3726f8ac839fd5c11f90fdbb3d5b86fac3a9b,trades_3029440_0.json,12
3029440,0x13178ce83741883342e46ba645bc6bd8417633ce4c22bfbbe40b4070672c86be,0x850af00531f5e3e4d56e12c9412731bdf1d0ef01,Crypto,1784997361,2026-07-25T16:36:01+00:00,BUY,No,1,108663457396485825789306998137659084561349201649377958127574381186033559773294,0.9796832101,94.7,92.77599999647,0x1ac1aeefce1a4fb8651278de2ff17d7330a75fbda252c7ba025b77ba39445ada,trades_3029440_0.json,13
3029440,0x13178ce83741883342e46ba645bc6bd8417633ce4c22bfbbe40b4070672c86be,0x765c3441b5161683541bbbf7c0bc7d71b3d9dbb6,Crypto,1784997361,2026-07-25T16:36:01+00:00,BUY,Yes,0,78423296503963723739064283312890026953778459701557886376608171970985684969246,0.02,64.7,1.294,0x1ac1aeefce1a4fb8651278de2ff17d7330a75fbda252c7ba025b77ba39445ada,trades_3029440_0.json,14
3029440,0x13178ce83741883342e46ba645bc6bd8417633ce4c22bfbbe40b4070672c86be,0x510f4963b66b1b18505faab74b0bb943d1dda43c,Crypto,1784997361,2026-07-25T16:36:01+00:00,BUY,Yes,0,78423296503963723739064283312890026953778459701557886376608171970985684969246,0.021,30.0,0.63,0x1ac1aeefce1a4fb8651278de2ff17d7330a75fbda252c7ba025b77ba39445ada,trades_3029440_0.json,15
3029440,0x13178ce83741883342e46ba645bc6bd8417633ce4c22bfbbe40b4070672c86be,0x9620ec195fa46d35141150466d84a96dc7ad5052,Crypto,1784994385,2026-07-25T15:46:25+00:00,BUY,Yes,0,78423296503963723739064283312890026953778459701557886376608171970985684969246,0.1,10.0,1.0,0x6fc322c54dc7a762ce045714d97185e4b6692885c6032670174a6881d7826580,trades_3029440_0.json,16
3029440,0x13178ce83741883342e46ba645bc6bd8417633ce4c22bfbbe40b4070672c86be,0x131502dbd9c67fc805a069f61444c2be1c43a84a,Crypto,1784994385,2026-07-25T15:46:25+00:00,BUY,No,1,108663457396485825789306998137659084561349201649377958127574381186033559773294,0.9,10.0,9.0,0x6fc322c54dc7a762ce045714d97185e4b6692885c6032670174a6881d7826580,trades_3029440_0.json,17
3029440,0x13178ce83741883342e46ba645bc6bd8417633ce4c22bfbbe40b4070672c86be,0x9a6cad1ddaf04bad24711958942b3eabe84c5834,Crypto,1784994373,2026-07-25T15:46:13+00:00,BUY,Yes,0,78423296503963723739064283312890026953778459701557886376608171970985684969246,0.0881170018,492.3,43.37999998614,0xdf2033ef28ca7bbd8e5dd4bbabae6150ddd2b053e35e458a687ef91b83e469c1,trades_3029440_0.json,18
3029440,0x13178ce83741883342e46ba645bc6bd8417633ce4c22bfbbe40b4070672c86be,0x131502dbd9c67fc805a069f61444c2be1c43a84a,Crypto,1784994373,2026-07-25T15:46:13+00:00,BUY,No,1,108663457396485825789306998137659084561349201649377958127574381186033559773294,0.9,265.3,238.77,0xdf2033ef28ca7bbd8e5dd4bbabae6150ddd2b053e35e458a687ef91b83e469c1,trades_3029440_0.json,19
3029440,0x13178ce83741883342e46ba645bc6bd8417633ce4c22bfbbe40b4070672c86be,0x489a6942253203fd0c5e786c230419a02840fff2,Crypto,1784994373,2026-07-25T15:46:13+00:00,SELL,Yes,0,78423296503963723739064283312890026953778459701557886376608171970985684969246,0.098,5.0,0.49,0xdf2033ef28ca7bbd8e5dd4bbabae6150ddd2b053e35e458a687ef91b83e469c1,trades_3029440_0.json,20
3029440,0x13178ce83741883342e46ba645bc6bd8417633ce4c22bfbbe40b4070672c86be,0x765c3441b5161683541bbbf7c0bc7d71b3d9dbb6,Crypto,1784994373,2026-07-25T15:46:13+00:00,SELL,Yes,0,78423296503963723739064283312890026953778459701557886376608171970985684969246,0.08,22.0,1.76,0xdf2033ef28ca7bbd8e5dd4bbabae6150ddd2b053e35e458a687ef91b83e469c1,trades_3029440_0.json,21
3029440,0x13178ce83741883342e46ba645bc6bd8417633ce4c22bfbbe40b4070672c86be,0xb41ead279375742d6c2a1a2239bdce56376411fd,Crypto,1784994373,2026-07-25T15:46:13+00:00,SELL,Yes,0,78423296503963723739064283312890026953778459701557886376608171970985684969246,0.073,200.0,14.6,0xdf2033ef28ca7bbd8e5dd4bbabae6150ddd2b053e35e458a687ef91b83e469c1,trades_3029440_0.json,22
3029440,0x13178ce83741883342e46ba645bc6bd8417633ce4c22bfbbe40b4070672c86be,0x9620ec195fa46d35141150466d84a96dc7ad5052,Crypto,1784994340,2026-07-25T15:45:40+00:00,BUY,Yes,0,78423296503963723739064283312890026953778459701557886376608171970985684969246,0.0739999631,27.027027,1.9999990007027035,0x55f810b739c94d2d88d2ed4136de09f86079eb4b0a78d65605670c97380fcf95,trades_3029440_0.json,23
3029440,0x13178ce83741883342e46ba645bc6bd8417633ce4c22bfbbe40b4070672c86be,0x510f4963b66b1b18505faab74b0bb943d1dda43c,Crypto,1784994340,2026-07-25T15:45:40+00:00,SELL,Yes,0,78423296503963723739064283312890026953778459701557886376608171970985684969246,0.0739999631,27.027027,1.9999990007027035,0x55f810b739c94d2d88d2ed4136de09f86079eb4b0a78d65605670c97380fcf95,trades_3029440_0.json,24
3029440,0x13178ce83741883342e46ba645bc6bd8417633ce4c22bfbbe40b4070672c86be,0x4ad4aa15ca7c8746e38f34d16bb04cc733621704,Crypto,1784989966,2026-07-25T14:32:46+00:00,BUY,No,1,108663457396485825789306998137659084561349201649377958127574381186033559773294,0.968,132.0,127.776,0xfe980c87d797202b012330cae2ebfe60967d62946eaf21a66dda9bd6bd56dfa4,trades_3029440_0.json,25
3029440,0x13178ce83741883342e46ba645bc6bd8417633ce4c22bfbbe40b4070672c86be,0xc4d5a24a240ec9f52669e3251e0473fd0c5687cf,Crypto,1784989966,2026-07-25T14:32:46+00:00,BUY,Yes,0,78423296503963723739064283312890026953778459701557886376608171970985684969246,0.032,127.0,4.064,0xfe980c87d797202b012330cae2ebfe60967d62946eaf21a66dda9bd6bd56dfa4,trades_3029440_0.json,26
3029440,0x13178ce83741883342e46ba645bc6bd8417633ce4c22bfbbe40b4070672c86be,0x489a6942253203fd0c5e786c230419a02840fff2,Crypto,1784989966,2026-07-25T14:32:46+00:00,BUY,Yes,0,78423296503963723739064283312890026953778459701557886376608171970985684969246,0.032,5.0,0.16,0xfe980c87d797202b012330cae2ebfe60967d62946eaf21a66dda9bd6bd56dfa4,trades_3029440_0.json,27
3029440,0x13178ce83741883342e46ba645bc6bd8417633ce4c22bfbbe40b4070672c86be,0x1e8efeed2bbfe3c93643b0d960f8a5466f410cc4,Crypto,1784985537,2026-07-25T13:18:57+00:00,BUY,Yes,0,78423296503963723739064283312890026953778459701557886376608171970985684969246,0.0424,500.0,21.2,0xb82c3d6e497e529a59bbd9136672eb974b2fa44a5853386363733693e7262806,trades_3029440_0.json,28
3029440,0x13178ce83741883342e46ba645bc6bd8417633ce4c22bfbbe40b4070672c86be,0xaa81efdc21ae5511553e76d60fb1a845f999aaf7,Crypto,1784985537,2026-07-25T13:18:57+00:00,SELL,Yes,0,78423296503963723739064283312890026953778459701557886376608171970985684969246,0.043,200.0,8.6,0xb82c3d6e497e529a59bbd9136672eb974b2fa44a5853386363733693e7262806,trades_3029440_0.json,29
3029440,0x13178ce83741883342e46ba645bc6bd8417633ce4c22bfbbe40b4070672c86be,0x4ffe49ba2a4cae123536a8af4fda48faeb609f71,Crypto,1784985537,2026-07-25T13:18:57+00:00,SELL,Yes,0,78423296503963723739064283312890026953778459701557886376608171970985684969246,0.042,300.0,12.600000000000001,0xb82c3d6e497e529a59bbd9136672eb974b2fa44a5853386363733693e7262806,trades_3029440_0.json,30
3029440,0x13178ce83741883342e46ba645bc6bd8417633ce4c22bfbbe40b4070672c86be,0x18e157e46f9c7386cea37877e38a039bb169a55a,Crypto,1784982543,2026-07-25T12:29:03+00:00,BUY,No,1,108663457396485825789306998137659084561349201649377958127574381186033559773294,0.97,2200.0,2134.0,0xa70caf6bcf5e1e352b14fd822078f93ffb7c1e9095fc2b8676b89dfa8c663b7f,trades_3029440_0.json,31
3029440,0x13178ce83741883342e46ba645bc6bd8417633ce4c22bfbbe40b4070672c86be,0xaa81efdc21ae5511553e76d60fb1a845f999aaf7,Crypto,1784982543,2026-07-25T12:29:03+00:00,BUY,Yes,0,78423296503963723739064283312890026953778459701557886376608171970985684969246,0.03,200.0,6.0,0xa70caf6bcf5e1e352b14fd822078f93ffb7c1e9095fc2b8676b89dfa8c663b7f,trades_3029440_0.json,32
3029440,0x13178ce83741883342e46ba645bc6bd8417633ce4c22bfbbe40b4070672c86be,0xd8ef37046bd8591ecafd145f73f7fb1511800656,Crypto,1784982543,2026-07-25T12:29:03+00:00,BUY,Yes,0,78423296503963723739064283312890026953778459701557886376608171970985684969246,0.03,1000.0,30.0,0xa70caf6bcf5e1e352b14fd822078f93ffb7c1e9095fc2b8676b89dfa8c663b7f,trades_3029440_0.json,33
3029440,0x13178ce83741883342e46ba645bc6bd8417633ce4c22bfbbe40b4070672c86be,0xd8ef37046bd8591ecafd145f73f7fb1511800656,Crypto,1784982543,2026-07-25T12:29:03+00:00,BUY,Yes,0,78423296503963723739064283312890026953778459701557886376608171970985684969246,0.03,1000.0,30.0,0xa70caf6bcf5e1e352b14fd822078f93ffb7c1e9095fc2b8676b89dfa8c663b7f,trades_3029440_0.json,34
3029440,0x13178ce83741883342e46ba645bc6bd8417633ce4c22bfbbe40b4070672c86be,0x18e157e46f9c7386cea37877e38a039bb169a55a,Crypto,1784982487,2026-07-25T12:28:07+00:00,BUY,No,1,108663457396485825789306998137659084561349201649377958127574381186033559773294,0.96,40.0,38.4,0x01d1eeb07d32465ea08c352b2236c08d7010c1a013213b9f81d5b635a0078316,trades_3029440_0.json,35
3029440,0x13178ce83741883342e46ba645bc6bd8417633ce4c22bfbbe40b4070672c86be,0xb41ead279375742d6c2a1a2239bdce56376411fd,Crypto,1784982487,2026-07-25T12:28:07+00:00,BUY,Yes,0,78423296503963723739064283312890026953778459701557886376608171970985684969246,0.04,40.0,1.6,0x01d1eeb07d32465ea08c352b2236c08d7010c1a013213b9f81d5b635a0078316,trades_3029440_0.json,36
3029440,0x13178ce83741883342e46ba645bc6bd8417633ce4c22bfbbe40b4070672c86be,0x18e157e46f9c7386cea37877e38a039bb169a55a,Crypto,1784982481,2026-07-25T12:28:01+00:00,BUY,No,1,108663457396485825789306998137659084561349201649377958127574381186033559773294,0.96,40.0,38.4,0x801954a0d13ca3c527f17e7097c87b6e9125b9787d85c3599db08f3f80264d2b,trades_3029440_0.json,37
3029440,0x13178ce83741883342e46ba645bc6bd8417633ce4c22bfbbe40b4070672c86be,0xb41ead279375742d6c2a1a2239bdce56376411fd,Crypto,1784982481,2026-07-25T12:28:01+00:00,BUY,Yes,0,78423296503963723739064283312890026953778459701557886376608171970985684969246,0.04,40.0,1.6,0x801954a0d13ca3c527f17e7097c87b6e9125b9787d85c3599db08f3f80264d2b,trades_3029440_0.json,38
3029440,0x13178ce83741883342e46ba645bc6bd8417633ce4c22bfbbe40b4070672c86be,0x18e157e46f9c7386cea37877e38a039bb169a55a,Crypto,1784982475,2026-07-25T12:27:55+00:00,BUY,No,1,108663457396485825789306998137659084561349201649377958127574381186033559773294,0.96,40.0,38.4,0xb9f263ced1ddd778a67d8972f465e9c4e7cb25430ff121d9361572bafae7dd21,trades_3029440_0.json,39
3029440,0x13178ce83741883342e46ba645bc6bd8417633ce4c22bfbbe40b4070672c86be,0xb41ead279375742d6c2a1a2239bdce56376411fd,Crypto,1784982475,2026-07-25T12:27:55+00:00,BUY,Yes,0,78423296503963723739064283312890026953778459701557886376608171970985684969246,0.04,40.0,1.6,0xb9f263ced1ddd778a67d8972f465e9c4e7cb25430ff121d9361572bafae7dd21,trades_3029440_0.json,40
3029440,0x13178ce83741883342e46ba645bc6bd8417633ce4c22bfbbe40b4070672c86be,0x18e157e46f9c7386cea37877e38a039bb169a55a,Crypto,1784982468,2026-07-25T12:27:48+00:00,BUY,No,1,108663457396485825789306998137659084561349201649377958127574381186033559773294,0.96,40.0,38.4,0x7fae7b296905e40f97ff4b26adf786d5144863eec824946cb1141079cd85bbdb,trades_3029440_0.json,41
3029440,0x13178ce83741883342e46ba645bc6bd8417633ce4c22bfbbe40b4070672c86be,0xb41ead279375742d6c2a1a2239bdce56376411fd,Crypto,1784982468,2026-07-25T12:27:48+00:00,BUY,Yes,0,78423296503963723739064283312890026953778459701557886376608171970985684969246,0.04,40.0,1.6,0x7fae7b296905e40f97ff4b26adf786d5144863eec824946cb1141079cd85bbdb,trades_3029440_0.json,42
3029440,0x13178ce83741883342e46ba645bc6bd8417633ce4c22bfbbe40b4070672c86be,0x18e157e46f9c7386cea37877e38a039bb169a55a,Crypto,1784982450,2026-07-25T12:27:30+00:00,BUY,No,1,108663457396485825789306998137659084561349201649377958127574381186033559773294,0.9558673469,392.0,374.6999999848,0xece80afce5364e9ea8546c0ea65b776bcfc3b8cc27e23df9266583e2a2104976,trades_3029440_0.json,43
3029440,0x13178ce83741883342e46ba645bc6bd8417633ce4c22bfbbe40b4070672c86be,0x4ffe49ba2a4cae123536a8af4fda48faeb609f71,Crypto,1784982450,2026-07-25T12:27:30+00:00,BUY,Yes,0,78423296503963723739064283312890026953778459701557886376608171970985684969246,0.04,300.0,12.0,0xece80afce5364e9ea8546c0ea65b776bcfc3b8cc27e23df9266583e2a2104976,trades_3029440_0.json,44
3029440,0x13178ce83741883342e46ba645bc6bd8417633ce4c22bfbbe40b4070672c86be,0x765c3441b5161683541bbbf7c0bc7d71b3d9dbb6,Crypto,1784982450,2026-07-25T12:27:30+00:00,BUY,Yes,0,78423296503963723739064283312890026953778459701557886376608171970985684969246,0.05,22.0,1.1,0xece80afce5364e9ea8546c0ea65b776bcfc3b8cc27e23df9266583e2a2104976,trades_3029440_0.json,45
3029440,0x13178ce83741883342e46ba645bc6bd8417633ce4c22bfbbe40b4070672c86be,0x510f4963b66b1b18505faab74b0bb943d1dda43c,Crypto,1784982450,2026-07-25T12:27:30+00:00,BUY,Yes,0,78423296503963723739064283312890026953778459701557886376608171970985684969246,0.06,30.0,1.7999999999999998,0xece80afce5364e9ea8546c0ea65b776bcfc3b8cc27e23df9266583e2a2104976,trades_3029440_0.json,46
3029440,0x13178ce83741883342e46ba645bc6bd8417633ce4c22bfbbe40b4070672c86be,0xb41ead279375742d6c2a1a2239bdce56376411fd,Crypto,1784982450,2026-07-25T12:27:30+00:00,BUY,Yes,0,78423296503963723739064283312890026953778459701557886376608171970985684969246,0.06,40.0,2.4,0xece80afce5364e9ea8546c0ea65b776bcfc3b8cc27e23df9266583e2a2104976,trades_3029440_0.json,47
3029440,0x13178ce83741883342e46ba645bc6bd8417633ce4c22bfbbe40b4070672c86be,0x1e8efeed2bbfe3c93643b0d960f8a5466f410cc4,Crypto,1784981047,2026-07-25T12:04:07+00:00,BUY,Yes,0,78423296503963723739064283312890026953778459701557886376608171970985684969246,0.14,30.0,4.2,0x1417432a19c21622836c4f8acd4489f59bc92743319327c8c824a5124cebf422,trades_3029440_0.json,48
3029440,0x13178ce83741883342e46ba645bc6bd8417633ce4c22bfbbe40b4070672c86be,0x510f4963b66b1b18505faab74b0bb943d1dda43c,Crypto,1784981047,2026-07-25T12:04:07+00:00,SELL,Yes,0,78423296503963723739064283312890026953778459701557886376608171970985684969246,0.14,30.0,4.2,0x1417432a19c21622836c4f8acd4489f59bc92743319327c8c824a5124cebf422,trades_3029440_0.json,49
3029440,0x13178ce83741883342e46ba645bc6bd8417633ce4c22bfbbe40b4070672c86be,0xa3b8d4723cc2e848304945263ae0fe7e258b8359,Crypto,1784972641,2026-07-25T09:44:01+00:00,BUY,No,1,108663457396485825789306998137659084561349201649377958127574381186033559773294,0.95,30.0,28.5,0x5473591a4955e0260b1ea59fd16a61c2cbc374f859ef297d0d0dd33e5ecf4123,trades_3029440_0.json,50
3029440,0x13178ce83741883342e46ba645bc6bd8417633ce4c22bfbbe40b4070672c86be,0x510f4963b66b1b18505faab74b0bb943d1dda43c,Crypto,1784972641,2026-07-25T09:44:01+00:00,BUY,Yes,0,78423296503963723739064283312890026953778459701557886376608171970985684969246,0.05,30.0,1.5,0x5473591a4955e0260b1ea59fd16a61c2cbc374f859ef297d0d0dd33e5ecf4123,trades_3029440_0.json,51
3029440,0x13178ce83741883342e46ba645bc6bd8417633ce4c22bfbbe40b4070672c86be,0xa3b8d4723cc2e848304945263ae0fe7e258b8359,Crypto,1784972634,2026-07-25T09:43:54+00:00,BUY,No,1,108663457396485825789306998137659084561349201649377958127574381186033559773294,0.92,3.39,3.1188000000000002,0x80b6fba38efcd9f4fd5c305dcf71be0ae0e4d58109b2b43d355b3fad8aacdf20,trades_3029440_0.json,52
3029440,0x13178ce83741883342e46ba645bc6bd8417633ce4c22bfbbe40b4070672c86be,0xc4567fe2a835b23f40db07f567ba0efbbdc98996,Crypto,1784972634,2026-07-25T09:43:54+00:00,SELL,No,1,108663457396485825789306998137659084561349201649377958127574381186033559773294,0.92,3.39,3.1188000000000002,0x80b6fba38efcd9f4fd5c305dcf71be0ae0e4d58109b2b43d355b3fad8aacdf20,trades_3029440_0.json,53
3029440,0x13178ce83741883342e46ba645bc6bd8417633ce4c22bfbbe40b4070672c86be,0x0a8fa7afcaf13e874269a3e44a9dfdbf5ec5a2cf,Crypto,1784972517,2026-07-25T09:41:57+00:00,BUY,No,1,108663457396485825789306998137659084561349201649377958127574381186033559773294,0.92,73.09,67.2428,0xeebcc745aa12ec719595c5f393907791fb7eec1e11cff8d9b2d078e19d54e3f0,trades_3029440_0.json,54
3029440,0x13178ce83741883342e46ba645bc6bd8417633ce4c22bfbbe40b4070672c86be,0xc4567fe2a835b23f40db07f567ba0efbbdc98996,Crypto,1784972517,2026-07-25T09:41:57+00:00,SELL,No,1,108663457396485825789306998137659084561349201649377958127574381186033559773294,0.92,73.09,67.2428,0xeebcc745aa12ec719595c5f393907791fb7eec1e11cff8d9b2d078e19d54e3f0,trades_3029440_0.json,55
3029440,0x13178ce83741883342e46ba645bc6bd8417633ce4c22bfbbe40b4070672c86be,0x0a8fa7afcaf13e874269a3e44a9dfdbf5ec5a2cf,Crypto,1784972506,2026-07-25T09:41:46+00:00,BUY,No,1,108663457396485825789306998137659084561349201649377958127574381186033559773294,0.91,100.0,91.0,0x2dcb1de2040b9cfa1e7aacc0a11f600e065f133720154dee08178394a95ca7bd,trades_3029440_0.json,56
3029440,0x13178ce83741883342e46ba645bc6bd8417633ce4c22bfbbe40b4070672c86be,0xd2617031c8b5623ade5b28079d83982abf6bb663,Crypto,1784972506,2026-07-25T09:41:46+00:00,BUY,Yes,0,78423296503963723739064283312890026953778459701557886376608171970985684969246,0.09,100.0,9.0,0x2dcb1de2040b9cfa1e7aacc0a11f600e065f133720154dee08178394a95ca7bd,trades_3029440_0.json,57
3029440,0x13178ce83741883342e46ba645bc6bd8417633ce4c22bfbbe40b4070672c86be,0xba3e4a5125a70fc1a39ecc1dafcbf61b6a0932df,Crypto,1784970861,2026-07-25T09:14:21+00:00,BUY,No,1,108663457396485825789306998137659084561349201649377958127574381186033559773294,0.89,34.4,30.616,0xace292097d800e1b8a8bac325d02a58c012eef28cbb62e2d19455fb1a3fee5f7,trades_3029440_0.json,58
3029440,0x13178ce83741883342e46ba645bc6bd8417633ce4c22bfbbe40b4070672c86be,0x45e6df48ccf5d1773d509c97052f819690cec078,Crypto,1784970861,2026-07-25T09:14:21+00:00,BUY,Yes,0,78423296503963723739064283312890026953778459701557886376608171970985684969246,0.11,34.4,3.784,0xace292097d800e1b8a8bac325d02a58c012eef28cbb62e2d19455fb1a3fee5f7,trades_3029440_0.json,59
3029440,0x13178ce83741883342e46ba645bc6bd8417633ce4c22bfbbe40b4070672c86be,0x6346d712b1a03c77e35b12dee782bf495e85cf21,Crypto,1784970688,2026-07-25T09:11:28+00:00,BUY,No,1,108663457396485825789306998137659084561349201649377958127574381186033559773294,0.89,35.6,31.684,0x1c88312c5cdb836bcf3b1ad3885e2bfada1c7dd14d6287f858ccb07cc21fad34,trades_3029440_0.json,60
3029440,0x13178ce83741883342e46ba645bc6bd8417633ce4c22bfbbe40b4070672c86be,0x45e6df48ccf5d1773d509c97052f819690cec078,Crypto,1784970688,2026-07-25T09:11:28+00:00,BUY,Yes,0,78423296503963723739064283312890026953778459701557886376608171970985684969246,0.11,35.6,3.9160000000000004,0x1c88312c5cdb836bcf3b1ad3885e2bfada1c7dd14d6287f858ccb07cc21fad34,trades_3029440_0.json,61
3029440,0x13178ce83741883342e46ba645bc6bd8417633ce4c22bfbbe40b4070672c86be,0x6346d712b1a03c77e35b12dee782bf495e85cf21,Crypto,1784970673,2026-07-25T09:11:13+00:00,BUY,No,1,108663457396485825789306998137659084561349201649377958127574381186033559773294,0.86,10.0,8.6,0xc87c00370f419cbde6b683221b34d9dacd1f8cad569b3cba10bdfc24e3036314,trades_3029440_0.json,62
3029440,0x13178ce83741883342e46ba645bc6bd8417633ce4c22bfbbe40b4070672c86be,0xd0e34ecc7813bb816c69575c07fb90a4d16701b9,Crypto,1784970673,2026-07-25T09:11:13+00:00,BUY,Yes,0,78423296503963723739064283312890026953778459701557886376608171970985684969246,0.14,10.0,1.4000000000000001,0xc87c00370f419cbde6b683221b34d9dacd1f8cad569b3cba10bdfc24e3036314,trades_3029440_0.json,63
3029440,0x13178ce83741883342e46ba645bc6bd8417633ce4c22bfbbe40b4070672c86be,0x108d30065a573f9d2fb06e05ca140810f453508a,Crypto,1784961798,2026-07-25T06:43:18+00:00,BUY,Yes,0,78423296503963723739064283312890026953778459701557886376608171970985684969246,0.19,52.63,9.9997,0xa6ccfca3243e1e84488eef53972e28b5748c227fdf3fa2f3639a5bc466d933b6,trades_3029440_0.json,64
3029440,0x13178ce83741883342e46ba645bc6bd8417633ce4c22bfbbe40b4070672c86be,0xc4567fe2a835b23f40db07f567ba0efbbdc98996,Crypto,1784961798,2026-07-25T06:43:18+00:00,BUY,No,1,108663457396485825789306998137659084561349201649377958127574381186033559773294,0.81,52.63,42.630300000000005,0xa6ccfca3243e1e84488eef53972e28b5748c227fdf3fa2f3639a5bc466d933b6,trades_3029440_0.json,65
3029440,0x13178ce83741883342e46ba645bc6bd8417633ce4c22bfbbe40b4070672c86be,0xd2617031c8b5623ade5b28079d83982abf6bb663,Crypto,1784961775,2026-07-25T06:42:55+00:00,BUY,Yes,0,78423296503963723739064283312890026953778459701557886376608171970985684969246,0.1543459384,6.478946,0.9999990002129263,0x3066989c37966821165b9b347557675a00c1b89e8681e210b1ed151106da8849,trades_3029440_0.json,66
3029440,0x13178ce83741883342e46ba645bc6bd8417633ce4c22bfbbe40b4070672c86be,0xc4567fe2a835b23f40db07f567ba0efbbdc98996,Crypto,1784961775,2026-07-25T06:42:55+00:00,BUY,No,1,108663457396485825789306998137659084561349201649377958127574381186033559773294,0.8100003981,1.858946,1.5057470000464026,0x3066989c37966821165b9b347557675a00c1b89e8681e210b1ed151106da8849,trades_3029440_0.json,67
3029440,0x13178ce83741883342e46ba645bc6bd8417633ce4c22bfbbe40b4070672c86be,0xb1198968d144997367fe23c14f3730348075680b,Crypto,1784961775,2026-07-25T06:42:55+00:00,SELL,Yes,0,78423296503963723739064283312890026953778459701557886376608171970985684969246,0.14,4.62,0.6468,0x3066989c37966821165b9b347557675a00c1b89e8681e210b1ed151106da8849,trades_3029440_0.json,68
3029440,0x13178ce83741883342e46ba645bc6bd8417633ce4c22bfbbe40b4070672c86be,0xd2617031c8b5623ade5b28079d83982abf6bb663,Crypto,1784961618,2026-07-25T06:40:18+00:00,BUY,Yes,0,78423296503963723739064283312890026953778459701557886376608171970985684969246,0.1305047782,651.317141,84.99999902406313,0x865900eb4e06d5fda5c96f06bf408d485f9d79f0b7eabac0bc2edea07ad8cd89,trades_3029440_0.json,69
3029440,0x13178ce83741883342e46ba645bc6bd8417633ce4c22bfbbe40b4070672c86be,0xb1198968d144997367fe23c14f3730348075680b,Crypto,1784961618,2026-07-25T06:40:18+00:00,SELL,Yes,0,78423296503963723739064283312890026953778459701557886376608171970985684969246,0.1399997428,2.877141,0.4027989999993348,0x865900eb4e06d5fda5c96f06bf408d485f9d79f0b7eabac0bc2edea07ad8cd89,trades_3029440_0.json,70
3029440,0x13178ce83741883342e46ba645bc6bd8417633ce4c22bfbbe40b4070672c86be,0x45e6df48ccf5d1773d509c97052f819690cec078,Crypto,1784961618,2026-07-25T06:40:18+00:00,SELL,Yes,0,78423296503963723739064283312890026953778459701557886376608171970985684969246,0.14,25.0,3.5000000000000004,0x865900eb4e06d5fda5c96f06bf408d485f9d79f0b7eabac0bc2edea07ad8cd89,trades_3029440_0.json,71
3029440,0x13178ce83741883342e46ba645bc6bd8417633ce4c22bfbbe40b4070672c86be,0x489a6942253203fd0c5e786c230419a02840fff2,Crypto,1784961618,2026-07-25T06:40:18+00:00,SELL,Yes,0,78423296503963723739064283312890026953778459701557886376608171970985684969246,0.14,5.0,0.7000000000000001,0x865900eb4e06d5fda5c96f06bf408d485f9d79f0b7eabac0bc2edea07ad8cd89,trades_3029440_0.json,72
3029440,0x13178ce83741883342e46ba645bc6bd8417633ce4c22bfbbe40b4070672c86be,0x098071d07912e18479606ed4dcab8026ce98a066,Crypto,1784961618,2026-07-25T06:40:18+00:00,BUY,No,1,108663457396485825789306998137659084561349201649377958127574381186033559773294,0.87,618.44,538.0428,0x865900eb4e06d5fda5c96f06bf408d485f9d79f0b7eabac0bc2edea07ad8cd89,trades_3029440_0.json,73
3029440,0x13178ce83741883342e46ba645bc6bd8417633ce4c22bfbbe40b4070672c86be,0xd2617031c8b5623ade5b28079d83982abf6bb663,Crypto,1784961585,2026-07-25T06:39:45+00:00,BUY,Yes,0,78423296503963723739064283312890026953778459701557886376608171970985684969246,0.1299999989,769.230768,99.99999899384615,0xccab3ee2977d6e93d262df3508e582b0fa21880112ae6d74e01fd76ddb5c9e0f,trades_3029440_0.json,74
3029440,0x13178ce83741883342e46ba645bc6bd8417633ce4c22bfbbe40b4070672c86be,0x098071d07912e18479606ed4dcab8026ce98a066,Crypto,1784961585,2026-07-25T06:39:45+00:00,BUY,No,1,108663457396485825789306998137659084561349201649377958127574381186033559773294,0.8700000011,769.230768,669.2307690061539,0xccab3ee2977d6e93d262df3508e582b0fa21880112ae6d74e01fd76ddb5c9e0f,trades_3029440_0.json,75
3029440,0x13178ce83741883342e46ba645bc6bd8417633ce4c22bfbbe40b4070672c86be,0xd2617031c8b5623ade5b28079d83982abf6bb663,Crypto,1784961567,2026-07-25T06:39:27+00:00,BUY,Yes,0,78423296503963723739064283312890026953778459701557886376608171970985684969246,0.12,17.89,2.1468,0xb4c833fe0d4238503ad3474f3f09dc0254a9ba12ad7d8d4a0115a47b08779466,trades_3029440_0.json,76
3029440,0x13178ce83741883342e46ba645bc6bd8417633ce4c22bfbbe40b4070672c86be,0xb1198968d144997367fe23c14f3730348075680b,Crypto,1784961567,2026-07-25T06:39:27+00:00,SELL,Yes,0,78423296503963723739064283312890026953778459701557886376608171970985684969246,0.12,7.5,0.8999999999999999,0xb4c833fe0d4238503ad3474f3f09dc0254a9ba12ad7d8d4a0115a47b08779466,trades_3029440_0.json,77
3029440,0x13178ce83741883342e46ba645bc6bd8417633ce4c22bfbbe40b4070672c86be,0x765c3441b5161683541bbbf7c0bc7d71b3d9dbb6,Crypto,1784961567,2026-07-25T06:39:27+00:00,SELL,Yes,0,78423296503963723739064283312890026953778459701557886376608171970985684969246,0.12,10.39,1.2468000000000001,0xb4c833fe0d4238503ad3474f3f09dc0254a9ba12ad7d8d4a0115a47b08779466,trades_3029440_0.json,78
3029440,0x13178ce83741883342e46ba645bc6bd8417633ce4c22bfbbe40b4070672c86be,0x098071d07912e18479606ed4dcab8026ce98a066,Crypto,1784956479,2026-07-25T05:14:39+00:00,BUY,No,1,108663457396485825789306998137659084561349201649377958127574381186033559773294,0.96,187.7,180.19199999999998,0x577a91ba1ea5e30b87b0fb8ce163e2268d0cb204da2b08a68e53ea2943310653,trades_3029440_0.json,79
3029440,0x13178ce83741883342e46ba645bc6bd8417633ce4c22bfbbe40b4070672c86be,0x45e6df48ccf5d1773d509c97052f819690cec078,Crypto,1784956479,2026-07-25T05:14:39+00:00,BUY,Yes,0,78423296503963723739064283312890026953778459701557886376608171970985684969246,0.04,20.0,0.8,0x577a91ba1ea5e30b87b0fb8ce163e2268d0cb204da2b08a68e53ea2943310653,trades_3029440_0.json,80
3029440,0x13178ce83741883342e46ba645bc6bd8417633ce4c22bfbbe40b4070672c86be,0x69448d9d3ae6c6c62d94ab9c1ea696532fa47275,Crypto,1784956479,2026-07-25T05:14:39+00:00,BUY,Yes,0,78423296503963723739064283312890026953778459701557886376608171970985684969246,0.04,167.7,6.707999999999999,0x577a91ba1ea5e30b87b0fb8ce163e2268d0cb204da2b08a68e53ea2943310653,trades_3029440_0.json,81
3029440,0x13178ce83741883342e46ba645bc6bd8417633ce4c22bfbbe40b4070672c86be,0x098071d07912e18479606ed4dcab8026ce98a066,Crypto,1784956473,2026-07-25T05:14:33+00:00,BUY,No,1,108663457396485825789306998137659084561349201649377958127574381186033559773294,0.9067862903,99.2,89.95319999776001,0x923e2b5a2bb4476ebf45d59f2a4d9cd6583c05018b2663ecc2c991a67ac3293d,trades_3029440_0.json,82
3029440,0x13178ce83741883342e46ba645bc6bd8417633ce4c22bfbbe40b4070672c86be,0x45e6df48ccf5d1773d509c97052f819690cec078,Crypto,1784956473,2026-07-25T05:14:33+00:00,BUY,Yes,0,78423296503963723739064283312890026953778459701557886376608171970985684969246,0.05,5.0,0.25,0x923e2b5a2bb4476ebf45d59f2a4d9cd6583c05018b2663ecc2c991a67ac3293d,trades_3029440_0.json,83
3029440,0x13178ce83741883342e46ba645bc6bd8417633ce4c22bfbbe40b4070672c86be,0x489a6942253203fd0c5e786c230419a02840fff2,Crypto,1784956473,2026-07-25T05:14:33+00:00,BUY,Yes,0,78423296503963723739064283312890026953778459701557886376608171970985684969246,0.05,5.0,0.25,0x923e2b5a2bb4476ebf45d59f2a4d9cd6583c05018b2663ecc2c991a67ac3293d,trades_3029440_0.json,84
3029440,0x13178ce83741883342e46ba645bc6bd8417633ce4c22bfbbe40b4070672c86be,0x765c3441b5161683541bbbf7c0bc7d71b3d9dbb6,Crypto,1784956473,2026-07-25T05:14:33+00:00,BUY,Yes,0,78423296503963723739064283312890026953778459701557886376608171970985684969246,0.07,10.38,0.7266000000000001,0x923e2b5a2bb4476ebf45d59f2a4d9cd6583c05018b2663ecc2c991a67ac3293d,trades_3029440_0.json,85
3029440,0x13178ce83741883342e46ba645bc6bd8417633ce4c22bfbbe40b4070672c86be,0xb1198968d144997367fe23c14f3730348075680b,Crypto,1784956473,2026-07-25T05:14:33+00:00,BUY,Yes,0,78423296503963723739064283312890026953778459701557886376608171970985684969246,0.1,15.0,1.5,0x923e2b5a2bb4476ebf45d59f2a4d9cd6583c05018b2663ecc2c991a67ac3293d,trades_3029440_0.json,86
3029440,0x13178ce83741883342e46ba645bc6bd8417633ce4c22bfbbe40b4070672c86be,0xb717bbbe36fb45be7eeb4c694447703492ccd819,Crypto,1784956473,2026-07-25T05:14:33+00:00,BUY,Yes,0,78423296503963723739064283312890026953778459701557886376608171970985684969246,0.1,50.0,5.0,0x923e2b5a2bb4476ebf45d59f2a4d9cd6583c05018b2663ecc2c991a67ac3293d,trades_3029440_0.json,87
3029440,0x13178ce83741883342e46ba645bc6bd8417633ce4c22bfbbe40b4070672c86be,0xaa81efdc21ae5511553e76d60fb1a845f999aaf7,Crypto,1784956473,2026-07-25T05:14:33+00:00,SELL,No,1,108663457396485825789306998137659084561349201649377958127574381186033559773294,0.89,13.82,12.299800000000001,0x923e2b5a2bb4476ebf45d59f2a4d9cd6583c05018b2663ecc2c991a67ac3293d,trades_3029440_0.json,88
3029440,0x13178ce83741883342e46ba645bc6bd8417633ce4c22bfbbe40b4070672c86be,0x1e8efeed2bbfe3c93643b0d960f8a5466f410cc4,Crypto,1784925375,2026-07-24T20:36:15+00:00,BUY,Yes,0,78423296503963723739064283312890026953778459701557886376608171970985684969246,0.14,7.45,1.0430000000000001,0x95d01ac2060ace4f624c50e04ba915a5cc3f413a309c9564953f39f430191014,trades_3029440_0.json,89
3029440,0x13178ce83741883342e46ba645bc6bd8417633ce4c22bfbbe40b4070672c86be,0x765c3441b5161683541bbbf7c0bc7d71b3d9dbb6,Crypto,1784925375,2026-07-24T20:36:15+00:00,SELL,Yes,0,78423296503963723739064283312890026953778459701557886376608171970985684969246,0.14,7.45,1.0430000000000001,0x95d01ac2060ace4f624c50e04ba915a5cc3f413a309c9564953f39f430191014,trades_3029440_0.json,90
3029440,0x13178ce83741883342e46ba645bc6bd8417633ce4c22bfbbe40b4070672c86be,0x9620ec195fa46d35141150466d84a96dc7ad5052,Crypto,1784922112,2026-07-24T19:41:52+00:00,BUY,Yes,0,78423296503963723739064283312890026953778459701557886376608171970985684969246,0.179999958,16.666665,2.9999990000000696,0x27d84f0fbce8433157f4851277a0b874bc08ae5f02e72141990572906310a325,trades_3029440_0.json,91
3029440,0x13178ce83741883342e46ba645bc6bd8417633ce4c22bfbbe40b4070672c86be,0x765c3441b5161683541bbbf7c0bc7d71b3d9dbb6,Crypto,1784922112,2026-07-24T19:41:52+00:00,SELL,Yes,0,78423296503963723739064283312890026953778459701557886376608171970985684969246,0.1799999518,14.526665,2.614798999814747,0x27d84f0fbce8433157f4851277a0b874bc08ae5f02e72141990572906310a325,trades_3029440_0.json,92
3029440,0x13178ce83741883342e46ba645bc6bd8417633ce4c22bfbbe40b4070672c86be,0x69448d9d3ae6c6c62d94ab9c1ea696532fa47275,Crypto,1784922112,2026-07-24T19:41:52+00:00,BUY,No,1,108663457396485825789306998137659084561349201649377958127574381186033559773294,0.82,2.14,1.7548,0x27d84f0fbce8433157f4851277a0b874bc08ae5f02e72141990572906310a325,trades_3029440_0.json,93
3029440,0x13178ce83741883342e46ba645bc6bd8417633ce4c22bfbbe40b4070672c86be,0xaa81efdc21ae5511553e76d60fb1a845f999aaf7,Crypto,1784904186,2026-07-24T14:43:06+00:00,SELL,No,1,108663457396485825789306998137659084561349201649377958127574381186033559773294,0.95,0.63,0.5984999999999999,0x1035cc4d1777d3fad21f31ea47cac3f344fc1a4f44335a6ad42ebd7ae1892e49,trades_3029440_0.json,94
3029440,0x13178ce83741883342e46ba645bc6bd8417633ce4c22bfbbe40b4070672c86be,0xad372eaefecc644cae72d761754f68407ddedd45,Crypto,1784904186,2026-07-24T14:43:06+00:00,BUY,No,1,108663457396485825789306998137659084561349201649377958127574381186033559773294,0.95,0.63,0.5984999999999999,0x1035cc4d1777d3fad21f31ea47cac3f344fc1a4f44335a6ad42ebd7ae1892e49,trades_3029440_0.json,95
3029440,0x13178ce83741883342e46ba645bc6bd8417633ce4c22bfbbe40b4070672c86be,0xad372eaefecc644cae72d761754f68407ddedd45,Crypto,1784904183,2026-07-24T14:43:03+00:00,SELL,Yes,0,78423296503963723739064283312890026953778459701557886376608171970985684969246,0.04,5.09,0.2036,0x9571acaeec5cc032d0771524acf30a28e54e44e505130ce72aba4c15305b0728,trades_3029440_0.json,96
3029440,0x13178ce83741883342e46ba645bc6bd8417633ce4c22bfbbe40b4070672c86be,0x69448d9d3ae6c6c62d94ab9c1ea696532fa47275,Crypto,1784904183,2026-07-24T14:43:03+00:00,BUY,Yes,0,78423296503963723739064283312890026953778459701557886376608171970985684969246,0.04,5.09,0.2036,0x9571acaeec5cc032d0771524acf30a28e54e44e505130ce72aba4c15305b0728,trades_3029440_0.json,97
3029440,0x13178ce83741883342e46ba645bc6bd8417633ce4c22bfbbe40b4070672c86be,0xad372eaefecc644cae72d761754f68407ddedd45,Crypto,1784903911,2026-07-24T14:38:31+00:00,SELL,No,1,108663457396485825789306998137659084561349201649377958127574381186033559773294,0.82,30.0,24.599999999999998,0x48a0100d7522625ddec946bd95ac2064e2479ad213b8ae627cb3a09af0586858,trades_3029440_0.json,98
3029440,0x13178ce83741883342e46ba645bc6bd8417633ce4c22bfbbe40b4070672c86be,0x69448d9d3ae6c6c62d94ab9c1ea696532fa47275,Crypto,1784903911,2026-07-24T14:38:31+00:00,BUY,No,1,108663457396485825789306998137659084561349201649377958127574381186033559773294,0.82,30.0,24.599999999999998,0x48a0100d7522625ddec946bd95ac2064e2479ad213b8ae627cb3a09af0586858,trades_3029440_0.json,99
3029440,0x13178ce83741883342e46ba645bc6bd8417633ce4c22bfbbe40b4070672c86be,0xad372eaefecc644cae72d761754f68407ddedd45,Crypto,1784903899,2026-07-24T14:38:19+00:00,SELL,Yes,0,78423296503963723739064283312890026953778459701557886376608171970985684969246,0.04,77.21,3.0884,0xa34a006fabc36d778fbc4cb393945b180f96853291bcb298401186ec679eb911,trades_3029440_1.json,0
3029440,0x13178ce83741883342e46ba645bc6bd8417633ce4c22bfbbe40b4070672c86be,0x69448d9d3ae6c6c62d94ab9c1ea696532fa47275,Crypto,1784903899,2026-07-24T14:38:19+00:00,BUY,Yes,0,78423296503963723739064283312890026953778459701557886376608171970985684969246,0.04,77.21,3.0884,0xa34a006fabc36d778fbc4cb393945b180f96853291bcb298401186ec679eb911,trades_3029440_1.json,1
3029440,0x13178ce83741883342e46ba645bc6bd8417633ce4c22bfbbe40b4070672c86be,0xad372eaefecc644cae72d761754f68407ddedd45,Crypto,1784903890,2026-07-24T14:38:10+00:00,BUY,Yes,0,78423296503963723739064283312890026953778459701557886376608171970985684969246,0.1782442794,82.302776,14.669999000739613,0x12ee71c1b67d7df06ec485c88bf1629d977e192f3511f0e0571a34b5f4e3a200,trades_3029440_1.json,2
3029440,0x13178ce83741883342e46ba645bc6bd8417633ce4c22bfbbe40b4070672c86be,0x69448d9d3ae6c6c62d94ab9c1ea696532fa47275,Crypto,1784903890,2026-07-24T14:38:10+00:00,BUY,No,1,108663457396485825789306998137659084561349201649377958127574381186033559773294,0.82000001,67.852776,55.63927699852776,0x12ee71c1b67d7df06ec485c88bf1629d977e192f3511f0e0571a34b5f4e3a200,trades_3029440_1.json,3
3029440,0x13178ce83741883342e46ba645bc6bd8417633ce4c22bfbbe40b4070672c86be,0xaa81efdc21ae5511553e76d60fb1a845f999aaf7,Crypto,1784903890,2026-07-24T14:38:10+00:00,BUY,No,1,108663457396485825789306998137659084561349201649377958127574381186033559773294,0.83,14.45,11.9935,0x12ee71c1b67d7df06ec485c88bf1629d977e192f3511f0e0571a34b5f4e3a200,trades_3029440_1.json,4
3029440,0x13178ce83741883342e46ba645bc6bd8417633ce4c22bfbbe40b4070672c86be,0xb717bbbe36fb45be7eeb4c694447703492ccd819,Crypto,1784895838,2026-07-24T12:23:58+00:00,BUY,Yes,0,78423296503963723739064283312890026953778459701557886376608171970985684969246,0.05,30.0,1.5,0x41030995c43b60483e5d3c21406648bad5004328076503ea6e267977a029b7e6,trades_3029440_1.json,5
3029440,0x13178ce83741883342e46ba645bc6bd8417633ce4c22bfbbe40b4070672c86be,0xad372eaefecc644cae72d761754f68407ddedd45,Crypto,1784895838,2026-07-24T12:23:58+00:00,BUY,No,1,108663457396485825789306998137659084561349201649377958127574381186033559773294,0.95,30.0,28.5,0x41030995c43b60483e5d3c21406648bad5004328076503ea6e267977a029b7e6,trades_3029440_1.json,6
3029440,0x13178ce83741883342e46ba645bc6bd8417633ce4c22bfbbe40b4070672c86be,0xad372eaefecc644cae72d761754f68407ddedd45,Crypto,1784895181,2026-07-24T12:13:01+00:00,SELL,No,1,108663457396485825789306998137659084561349201649377958127574381186033559773294,0.81,22.0,17.82,0xc16a4cc157a717b57fe0152ff4c3b378ddb6ad3d4849c2b03d379745c6a5e061,trades_3029440_1.json,7
3029440,0x13178ce83741883342e46ba645bc6bd8417633ce4c22bfbbe40b4070672c86be,0xc4567fe2a835b23f40db07f567ba0efbbdc98996,Crypto,1784895181,2026-07-24T12:13:01+00:00,BUY,No,1,108663457396485825789306998137659084561349201649377958127574381186033559773294,0.81,22.0,17.82,0xc16a4cc157a717b57fe0152ff4c3b378ddb6ad3d4849c2b03d379745c6a5e061,trades_3029440_1.json,8
3029440,0x13178ce83741883342e46ba645bc6bd8417633ce4c22bfbbe40b4070672c86be,0xad372eaefecc644cae72d761754f68407ddedd45,Crypto,1784895136,2026-07-24T12:12:16+00:00,BUY,No,1,108663457396485825789306998137659084561349201649377958127574381186033559773294,0.95,22.0,20.9,0x43779cf5a8acbc4a3c8564f372ec1c7f45607548dcfbfe1d40c018f4c87292c9,trades_3029440_1.json,9
3029440,0x13178ce83741883342e46ba645bc6bd8417633ce4c22bfbbe40b4070672c86be,0x765c3441b5161683541bbbf7c0bc7d71b3d9dbb6,Crypto,1784895136,2026-07-24T12:12:16+00:00,BUY,Yes,0,78423296503963723739064283312890026953778459701557886376608171970985684969246,0.05,22.0,1.1,0x43779cf5a8acbc4a3c8564f372ec1c7f45607548dcfbfe1d40c018f4c87292c9,trades_3029440_1.json,10
3029440,0x13178ce83741883342e46ba645bc6bd8417633ce4c22bfbbe40b4070672c86be,0x4f4d6c13e48588999e272cc60551486a14bb7670,Crypto,1784753175,2026-07-22T20:46:15+00:00,BUY,No,1,108663457396485825789306998137659084561349201649377958127574381186033559773294,0.8699999963,32.034476,27.86999400147244,0xad1a58a710753fc72a4f0283452e855798cdb894b7da5ebfbe297a9417458c07,trades_3029440_1.json,11
3029440,0x13178ce83741883342e46ba645bc6bd8417633ce4c22bfbbe40b4070672c86be,0xad5353afe30c2da57709e2704ef3ccdcf67eef24,Crypto,1784753175,2026-07-22T20:46:15+00:00,BUY,Yes,0,78423296503963723739064283312890026953778459701557886376608171970985684969246,0.1300000037,32.034476,4.164481998527561,0xad1a58a710753fc72a4f0283452e855798cdb894b7da5ebfbe297a9417458c07,trades_3029440_1.json,12
3093334,0x1d8f9398b0412678865cfc50aea7d49025b35e54a8a4fe1a223db45447e4138a,0x99f7df5c91f048d291c3759cd086ce670196f5ae,Politics,1788734224,2026-09-06T22:37:04+00:00,BUY,Yes,0,38714119439404106302972492485329196841151064566582021985293927113515226088434,0.001,5.0,0.005,0xbe38fe96f781476e4e4f4aab72b5d06dd1cf8810ff655e8652805d455170a2a4,trades_3093334_0.json,0
3093334,0x1d8f9398b0412678865cfc50aea7d49025b35e54a8a4fe1a223db45447e4138a,0x1963ae02929655d74180c1f6118facfc9b465bea,Politics,1788734224,2026-09-06T22:37:04+00:00,SELL,Yes,0,38714119439404106302972492485329196841151064566582021985293927113515226088434,0.001,5.0,0.005,0xbe38fe96f781476e4e4f4aab72b5d06dd1cf8810ff655e8652805d455170a2a4,trades_3093334_0.json,1
3093334,0x1d8f9398b0412678865cfc50aea7d49025b35e54a8a4fe1a223db45447e4138a,0x4a71342803d2e8e687b1d61590614656d0d2bc09,Politics,1788728617,2026-09-06T21:03:37+00:00,BUY,Yes,0,38714119439404106302972492485329196841151064566582021985293927113515226088434,0.001,200.0,0.2,0x32dce5c119948ed56754f836ebdd6ee9bba798aac5f0a9009c810b8d55cd3f25,trades_3093334_0.json,2
3093334,0x1d8f9398b0412678865cfc50aea7d49025b35e54a8a4fe1a223db45447e4138a,0x1963ae02929655d74180c1f6118facfc9b465bea,Politics,1788728617,2026-09-06T21:03:37+00:00,SELL,Yes,0,38714119439404106302972492485329196841151064566582021985293927113515226088434,0.001,200.0,0.2,0x32dce5c119948ed56754f836ebdd6ee9bba798aac5f0a9009c810b8d55cd3f25,trades_3093334_0.json,3
3093334,0x1d8f9398b0412678865cfc50aea7d49025b35e54a8a4fe1a223db45447e4138a,0x375036529a90e2a8858dd08304327b75c16c0f3b,Politics,1788719863,2026-09-06T18:37:43+00:00,BUY,Yes,0,38714119439404106302972492485329196841151064566582021985293927113515226088434,0.003,333.333332,0.999999996,0x960328ec3bb68cba2cdaa7aad6418512c3452f26e00e53138598b20f8c6577a1,trades_3093334_0.json,4
3093334,0x1d8f9398b0412678865cfc50aea7d49025b35e54a8a4fe1a223db45447e4138a,0x448861155279dbf833d041b963e3ac854599e319,Politics,1788719863,2026-09-06T18:37:43+00:00,BUY,No,1,23475711340885934352787729272930498770878072662236266552319640865835200753508,0.997000003,333.333332,332.333333004,0x960328ec3bb68cba2cdaa7aad6418512c3452f26e00e53138598b20f8c6577a1,trades_3093334_0.json,5
3093334,0x1d8f9398b0412678865cfc50aea7d49025b35e54a8a4fe1a223db45447e4138a,0x99f7df5c91f048d291c3759cd086ce670196f5ae,Politics,1788719829,2026-09-06T18:37:09+00:00,BUY,Yes,0,38714119439404106302972492485329196841151064566582021985293927113515226088434,0.003,5.0,0.015,0xd45f2ef31ea27f72fe5dd35169bc4b03e3e95251541226824edb57ef3b987f30,trades_3093334_0.json,6
3093334,0x1d8f9398b0412678865cfc50aea7d49025b35e54a8a4fe1a223db45447e4138a,0x448861155279dbf833d041b963e3ac854599e319,Politics,1788719829,2026-09-06T18:37:09+00:00,BUY,No,1,23475711340885934352787729272930498770878072662236266552319640865835200753508,0.997,5.0,4.985,0xd45f2ef31ea27f72fe5dd35169bc4b03e3e95251541226824edb57ef3b987f30,trades_3093334_0.json,7
3093334,0x1d8f9398b0412678865cfc50aea7d49025b35e54a8a4fe1a223db45447e4138a,0xf41cd2c0d0c30c07f33f0f9a7ae25fd56fe025bb,Politics,1788715782,2026-09-06T17:29:42+00:00,BUY,Yes,0,38714119439404106302972492485329196841151064566582021985293927113515226088434,0.0049485352,4041.6,19.99999986432,0x0d56b7dbe6f5ef8e412ef17dc2ba921ba6087dc5db6b3cf19c211719562033d9,trades_3093334_0.json,8
3093334,0x1d8f9398b0412678865cfc50aea7d49025b35e54a8a4fe1a223db45447e4138a,0x448861155279dbf833d041b963e3ac854599e319,Politics,1788715782,2026-09-06T17:29:42+00:00,BUY,No,1,23475711340885934352787729272930498770878072662236266552319640865835200753508,0.99,660.6,653.994,0x0d56b7dbe6f5ef8e412ef17dc2ba921ba6087dc5db6b3cf19c211719562033d9,trades_3093334_0.json,9
3093334,0x1d8f9398b0412678865cfc50aea7d49025b35e54a8a4fe1a223db45447e4138a,0x5a218c7ad04135830a45c41aaed7294df7809318,Politics,1788715782,2026-09-06T17:29:42+00:00,BUY,No,1,23475711340885934352787729272930498770878072662236266552319640865835200753508,0.99,20.0,19.8,0x0d56b7dbe6f5ef8e412ef17dc2ba921ba6087dc5db6b3cf19c211719562033d9,trades_3093334_0.json,10
3093334,0x1d8f9398b0412678865cfc50aea7d49025b35e54a8a4fe1a223db45447e4138a,0x448861155279dbf833d041b963e3ac854599e319,Politics,1788715782,2026-09-06T17:29:42+00:00,BUY,No,1,23475711340885934352787729272930498770878072662236266552319640865835200753508,0.995,1250.0,1243.75,0x0d56b7dbe6f5ef8e412ef17dc2ba921ba6087dc5db6b3cf19c211719562033d9,trades_3093334_0.json,11
3093334,0x1d8f9398b0412678865cfc50aea7d49025b35e54a8a4fe1a223db45447e4138a,0x4ffe49ba2a4cae123536a8af4fda48faeb609f71,Politics,1788715782,2026-09-06T17:29:42+00:00,SELL,Yes,0,38714119439404106302972492485329196841151064566582021985293927113515226088434,0.004,1111.0,4.444,0x0d56b7dbe6f5ef8e412ef17dc2ba921ba6087dc5db6b3cf19c211719562033d9,trades_3093334_0.json,12
3093334,0x1d8f9398b0412678865cfc50aea7d49025b35e54a8a4fe1a223db45447e4138a,0x448861155279dbf833d041b963e3ac854599e319,Politics,1788715782,2026-09-06T17:29:42+00:00,BUY,No,1,23475711340885934352787729272930498770878072662236266552319640865835200753508,0.997,500.0,498.5,0x0d56b7dbe6f5ef8e412ef17dc2ba921ba6087dc5db6b3cf19c211719562033d9,trades_3093334_0.json,13
3093334,0x1d8f9398b0412678865cfc50aea7d49025b35e54a8a4fe1a223db45447e4138a,0x448861155279dbf833d041b963e3ac854599e319,Politics,1788715782,2026-09-06T17:29:42+00:00,BUY,No,1,23475711340885934352787729272930498770878072662236266552319640865835200753508,0.998,500.0,499.0,0x0d56b7dbe6f5ef8e412ef17dc2ba921ba6087dc5db6b3cf19c211719562033d9,trades_3093334_0.json,14
3093334,0x1d8f9398b0412678865cfc50aea7d49025b35e54a8a4fe1a223db45447e4138a,0x28bf066c6cb952da62d6d182c16ad173ada64a4e,Politics,1788714559,2026-09-06T17:09:19+00:00,BUY,No,1,23475711340885934352787729272930498770878072662236266552319640865835200753508,0.999,10.0,9.99,0x06ecfc854126798888a8b5f11f108a9dcfd555ce66fb6d9f9216ea62811ad40d,trades_3093334_0.json,15
3093334,0x1d8f9398b0412678865cfc50aea7d49025b35e54a8a4fe1a223db45447e4138a,0x7c9e0b03d7505dad7e87777cd282628f75b2db3d,Politics,1788714559,2026-09-06T17:09:19+00:00,BUY,Yes,0,38714119439404106302972492485329196841151064566582021985293927113515226088434,0.001,10.0,0.01,0x06ecfc854126798888a8b5f11f108a9dcfd555ce66fb6d9f9216ea62811ad40d,trades_3093334_0.json,16
3093334,0x1d8f9398b0412678865cfc50aea7d49025b35e54a8a4fe1a223db45447e4138a,0x9b129ad05bc0a8df3c73dfcc66fe75252daec2d5,Politics,1788714559,2026-09-06T17:09:19+00:00,BUY,No,1,23475711340885934352787729272930498770878072662236266552319640865835200753508,0.999,6.61,6.60339,0x3508f794b985168a77e592319b1cd658bd72efc8def67c41c063ee720c430da0,trades_3093334_0.json,17
3093334,0x1d8f9398b0412678865cfc50aea7d49025b35e54a8a4fe1a223db45447e4138a,0x7c9e0b03d7505dad7e87777cd282628f75b2db3d,Politics,1788714559,2026-09-06T17:09:19+00:00,BUY,Yes,0,38714119439404106302972492485329196841151064566582021985293927113515226088434,0.001,6.61,0.00661,0x3508f794b985168a77e592319b1cd658bd72efc8def67c41c063ee720c430da0,trades_3093334_0.json,18
3093334,0x1d8f9398b0412678865cfc50aea7d49025b35e54a8a4fe1a223db45447e4138a,0xd71776a8d4fddeb3c150c4607b3f8bec31213b85,Politics,1788714559,2026-09-06T17:09:19+00:00,BUY,No,1,23475711340885934352787729272930498770878072662236266552319640865835200753508,0.999,6.01,6.00399,0xa1afb0320d080f401d7a7ed5c515dc37b64220dc2d27b69ba59dd8c61c697268,trades_3093334_0.json,19
3093334,0x1d8f9398b0412678865cfc50aea7d49025b35e54a8a4fe1a223db45447e4138a,0x7c9e0b03d7505dad7e87777cd282628f75b2db3d,Politics,1788714559,2026-09-06T17:09:19+00:00,BUY,Yes,0,38714119439404106302972492485329196841151064566582021985293927113515226088434,0.001,6.01,0.00601,0xa1afb0320d080f401d7a7ed5c515dc37b64220dc2d27b69ba59dd8c61c697268,trades_3093334_0.json,20
3093334,0x1d8f9398b0412678865cfc50aea7d49025b35e54a8a4fe1a223db45447e4138a,0xfd557e6db670c9704bc1d0d8e8b585c7d9c9f905,Politics,1788713698,2026-09-06T16:54:58+00:00,BUY,No,1,23475711340885934352787729272930498770878072662236266552319640865835200753508,0.999,7.0,6.993,0xa0ffa2f5a42fe8f5587ee78bfbaa8f5ab766dfe5b6c2928562494a4294a6be22,trades_3093334_0.json,21
3093334,0x1d8f9398b0412678865cfc50aea7d49025b35e54a8a4fe1a223db45447e4138a,0x7c9e0b03d7505dad7e87777cd282628f75b2db3d,Politics,1788713698,2026-09-06T16:54:58+00:00,BUY,Yes,0,38714119439404106302972492485329196841151064566582021985293927113515226088434,0.001,7.0,0.007,0xa0ffa2f5a42fe8f5587ee78bfbaa8f5ab766dfe5b6c2928562494a4294a6be22,trades_3093334_0.json,22
3093334,0x1d8f9398b0412678865cfc50aea7d49025b35e54a8a4fe1a223db45447e4138a,0x1f85eb9c455c5bdef5d96c2739076678c7157b02,Politics,1788713698,2026-09-06T16:54:58+00:00,BUY,No,1,23475711340885934352787729272930498770878072662236266552319640865835200753508,0.999,5.16,5.15484,0x780593d83bdfa7beb5d0e299a385c1660e28cb36c9dfcae510fa945203d9c450,trades_3093334_0.json,23
3093334,0x1d8f9398b0412678865cfc50aea7d49025b35e54a8a4fe1a223db45447e4138a,0x7c9e0b03d7505dad7e87777cd282628f75b2db3d,Politics,1788713698,2026-09-06T16:54:58+00:00,BUY,Yes,0,38714119439404106302972492485329196841151064566582021985293927113515226088434,0.001,5.16,0.0051600000000000005,0x780593d83bdfa7beb5d0e299a385c1660e28cb36c9dfcae510fa945203d9c450,trades_3093334_0.json,24
3093334,0x1d8f9398b0412678865cfc50aea7d49025b35e54a8a4fe1a223db45447e4138a,0x7c9e0b03d7505dad7e87777cd282628f75b2db3d,Politics,1788713559,2026-09-06T16:52:39+00:00,BUY,Yes,0,38714119439404106302972492485329196841151064566582021985293927113515226088434,0.001,7007.98,7.00798,0x4d7d39ce8c6295c4f68fdfd54f19c46c8b92371536b3c78f4e1a68d1901287f9,trades_3093334_0.json,25
3093334,0x1d8f9398b0412678865cfc50aea7d49025b35e54a8a4fe1a223db45447e4138a,0x448861155279dbf833d041b963e3ac854599e319,Politics,1788713559,2026-09-06T16:52:39+00:00,BUY,No,1,23475711340885934352787729272930498770878072662236266552319640865835200753508,0.999,7007.98,7000.972019999999,0x4d7d39ce8c6295c4f68fdfd54f19c46c8b92371536b3c78f4e1a68d1901287f9,trades_3093334_0.json,26
3093334,0x1d8f9398b0412678865cfc50aea7d49025b35e54a8a4fe1a223db45447e4138a,0xb00096270fdcde1e7df623cc8bf2b26cd156e8fa,Politics,1788713418,2026-09-06T16:50:18+00:00,SELL,No,1,23475711340885934352787729272930498770878072662236266552319640865835200753508,0.999,10.13,10.11987,0x8f7091ef9b6a6beaa6b0ccd6827b78d65d3718b268b832349560e191377cf5b8,trades_3093334_0.json,27
3093334,0x1d8f9398b0412678865cfc50aea7d49025b35e54a8a4fe1a223db45447e4138a,0x448861155279dbf833d041b963e3ac854599e319,Politics,1788713418,2026-09-06T16:50:18+00:00,BUY,No,1,23475711340885934352787729272930498770878072662236266552319640865835200753508,0.999,10.13,10.11987,0x8f7091ef9b6a6beaa6b0ccd6827b78d65d3718b268b832349560e191377cf5b8,trades_3093334_0.json,28
3093334,0x1d8f9398b0412678865cfc50aea7d49025b35e54a8a4fe1a223db45447e4138a,0x448861155279dbf833d041b963e3ac854599e319,Politics,1788713413,2026-09-06T16:50:13+00:00,BUY,No,1,23475711340885934352787729272930498770878072662236266552319640865835200753508,0.999,8536.89,8528.35311,0x7ad81c5a399e2edb4091098910e1bdbbf5a478ed08793a0d40dc11d55cf37e86,trades_3093334_0.json,29
3093334,0x1d8f9398b0412678865cfc50aea7d49025b35e54a8a4fe1a223db45447e4138a,0x4ffe49ba2a4cae123536a8af4fda48faeb609f71,Politics,1788713413,2026-09-06T16:50:13+00:00,BUY,Yes,0,38714119439404106302972492485329196841151064566582021985293927113515226088434,0.001,1111.0,1.111,0x7ad81c5a399e2edb4091098910e1bdbbf5a478ed08793a0d40dc11d55cf37e86,trades_3093334_0.json,30
3093334,0x1d8f9398b0412678865cfc50aea7d49025b35e54a8a4fe1a223db45447e4138a,0xcb5b56e67b9191261ecfc2680eb1f453baaddb32,Politics,1788713413,2026-09-06T16:50:13+00:00,BUY,Yes,0,38714119439404106302972492485329196841151064566582021985293927113515226088434,0.001,7.0,0.007,0x7ad81c5a399e2edb4091098910e1bdbbf5a478ed08793a0d40dc11d55cf37e86,trades_3093334_0.json,31
3093334,0x1d8f9398b0412678865cfc50aea7d49025b35e54a8a4fe1a223db45447e4138a,0x7c9e0b03d7505dad7e87777cd282628f75b2db3d,Politics,1788713413,2026-09-06T16:50:13+00:00,BUY,Yes,0,38714119439404106302972492485329196841151064566582021985293927113515226088434,0.001,7418.89,7.41889,0x7ad81c5a399e2edb4091098910e1bdbbf5a478ed08793a0d40dc11d55cf37e86,trades_3093334_0.json,32
3093334,0x1d8f9398b0412678865cfc50aea7d49025b35e54a8a4fe1a223db45447e4138a,0xe40aaa5ce1dac0b7dc24c9d0284f27e17c3fe4a2,Politics,1788712464,2026-09-06T16:34:24+00:00,BUY,No,1,23475711340885934352787729272930498770878072662236266552319640865835200753508,0.999,63.6,63.5364,0xc2d7b5e4c84328805e020e64974fb4cb7af3cf2e814f8fb404dfdbe68d5cadab,trades_3093334_0.json,33
3093334,0x1d8f9398b0412678865cfc50aea7d49025b35e54a8a4fe1a223db45447e4138a,0x7c9e0b03d7505dad7e87777cd282628f75b2db3d,Politics,1788712464,2026-09-06T16:34:24+00:00,BUY,Yes,0,38714119439404106302972492485329196841151064566582021985293927113515226088434,0.001,63.6,0.0636,0xc2d7b5e4c84328805e020e64974fb4cb7af3cf2e814f8fb404dfdbe68d5cadab,trades_3093334_0.json,34
3093334,0x1d8f9398b0412678865cfc50aea7d49025b35e54a8a4fe1a223db45447e4138a,0x03805a13a0b3e058f55f6c6af95389d4f431073d,Politics,1788712462,2026-09-06T16:34:22+00:00,BUY,No,1,23475711340885934352787729272930498770878072662236266552319640865835200753508,0.999,124.804,124.679196,0xd995c18bb3c8c66e8eee1f6aefba67c026ac4fc94cb8c3ac7776d850077b534e,trades_3093334_0.json,35
3093334,0x1d8f9398b0412678865cfc50aea7d49025b35e54a8a4fe1a223db45447e4138a,0x7c9e0b03d7505dad7e87777cd282628f75b2db3d,Politics,1788712462,2026-09-06T16:34:22+00:00,BUY,Yes,0,38714119439404106302972492485329196841151064566582021985293927113515226088434,0.001,124.804,0.124804,0xd995c18bb3c8c66e8eee1f6aefba67c026ac4fc94cb8c3ac7776d850077b534e,trades_3093334_0.json,36
3093334,0x1d8f9398b0412678865cfc50aea7d49025b35e54a8a4fe1a223db45447e4138a,0x28bf066c6cb952da62d6d182c16ad173ada64a4e,Politics,1788712462,2026-09-06T16:34:22+00:00,BUY,No,1,23475711340885934352787729272930498770878072662236266552319640865835200753508,0.999,30.0,29.97,0xb4dcfa61e415d551c5821d49bedd8c3e48f5a2dc83e8c1ea964478a0f458836f,trades_3093334_0.json,37
3093334,0x1d8f9398b0412678865cfc50aea7d49025b35e54a8a4fe1a223db45447e4138a,0x7c9e0b03d7505dad7e87777cd282628f75b2db3d,Politics,1788712462,2026-09-06T16:34:22+00:00,BUY,Yes,0,38714119439404106302972492485329196841151064566582021985293927113515226088434,0.001,30.0,0.03,0xb4dcfa61e415d551c5821d49bedd8c3e48f5a2dc83e8c1ea964478a0f458836f,trades_3093334_0.json,38
3093334,0x1d8f9398b0412678865cfc50aea7d49025b35e54a8a4fe1a223db45447e4138a,0xd32ce89f16509d3c8f8b5e9750305a5b2bc2a4c2,Politics,1788712462,2026-09-06T16:34:22+00:00,BUY,No,1,23475711340885934352787729272930498770878072662236266552319640865835200753508,0.999,81.0,80.919,0xa026ebcfe6ee0ed0bab0e897bc585fb4b0fe8fa398b4fa5272399de3e26f6763,trades_3093334_0.json,39
3093334,0x1d8f9398b0412678865cfc50aea7d49025b35e54a8a4fe1a223db45447e4138a,0x7c9e0b03d7505dad7e87777cd282628f75b2db3d,Politics,1788712462,2026-09-06T16:34:22+00:00,BUY,Yes,0,38714119439404106302972492485329196841151064566582021985293927113515226088434,0.001,81.0,0.081,0xa026ebcfe6ee0ed0bab0e897bc585fb4b0fe8fa398b4fa5272399de3e26f6763,trades_3093334_0.json,40
3093334,0x1d8f9398b0412678865cfc50aea7d49025b35e54a8a4fe1a223db45447e4138a,0x69f0c154a3412f2b3fa7eb22c6d08e6b5b32fb27,Politics,1788712462,2026-09-06T16:34:22+00:00,BUY,No,1,23475711340885934352787729272930498770878072662236266552319640865835200753508,0.999,7.1,7.092899999999999,0xa0ef8245dacc1d2637b16e2557060623e22b4cf0e3fe6d6087d236bb7208fda7,trades_3093334_0.json,41
3093334,0x1d8f9398b0412678865cfc50aea7d49025b35e54a8a4fe1a223db45447e4138a,0x7c9e0b03d7505dad7e87777cd282628f75b2db3d,Politics,1788712462,2026-09-06T16:34:22+00:00,BUY,Yes,0,38714119439404106302972492485329196841151064566582021985293927113515226088434,0.001,7.1,0.0070999999999999995,0xa0ef8245dacc1d2637b16e2557060623e22b4cf0e3fe6d6087d236bb7208fda7,trades_3093334_0.json,42
3093334,0x1d8f9398b0412678865cfc50aea7d49025b35e54a8a4fe1a223db45447e4138a,0x28bf066c6cb952da62d6d182c16ad173ada64a4e,Politics,1788712462,2026-09-06T16:34:22+00:00,BUY,No,1,23475711340885934352787729272930498770878072662236266552319640865835200753508,0.999,10.0,9.99,0x5df5f8ff1f478fcff3170157cb602c7d1e7fa3fdf7ab20392246b8c1fd6cb55f,trades_3093334_0.json,43
3093334,0x1d8f9398b0412678865cfc50aea7d49025b35e54a8a4fe1a223db45447e4138a,0x7c9e0b03d7505dad7e87777cd282628f75b2db3d,Politics,1788712462,2026-09-06T16:34:22+00:00,BUY,Yes,0,38714119439404106302972492485329196841151064566582021985293927113515226088434,0.001,10.0,0.01,0x5df5f8ff1f478fcff3170157cb602c7d1e7fa3fdf7ab20392246b8c1fd6cb55f,trades_3093334_0.json,44
3093334,0x1d8f9398b0412678865cfc50aea7d49025b35e54a8a4fe1a223db45447e4138a,0xeb68675c06e0bb9f08ba510550912d77289ce362,Politics,1788712462,2026-09-06T16:34:22+00:00,BUY,No,1,23475711340885934352787729272930498770878072662236266552319640865835200753508,0.999,73.81,73.73619000000001,0x43e85845671581df44f6d2fdc3e37e583f52455cad93e88ee58f072c1d25a108,trades_3093334_0.json,45
3093334,0x1d8f9398b0412678865cfc50aea7d49025b35e54a8a4fe1a223db45447e4138a,0x7c9e0b03d7505dad7e87777cd282628f75b2db3d,Politics,1788712462,2026-09-06T16:34:22+00:00,BUY,Yes,0,38714119439404106302972492485329196841151064566582021985293927113515226088434,0.001,73.81,0.07381,0x43e85845671581df44f6d2fdc3e37e583f52455cad93e88ee58f072c1d25a108,trades_3093334_0.json,46
3093334,0x1d8f9398b0412678865cfc50aea7d49025b35e54a8a4fe1a223db45447e4138a,0x090af6fd2aeb04202abc97370aa86c1b81d90fa6,Politics,1788712462,2026-09-06T16:34:22+00:00,BUY,No,1,23475711340885934352787729272930498770878072662236266552319640865835200753508,0.999,30.0,29.97,0x2307563f952537cc13e1017c906853184e6caf528e41694d09ce40971e0b363d,trades_3093334_0.json,47
3093334,0x1d8f9398b0412678865cfc50aea7d49025b35e54a8a4fe1a223db45447e4138a,0x7c9e0b03d7505dad7e87777cd282628f75b2db3d,Politics,1788712462,2026-09-06T16:34:22+00:00,BUY,Yes,0,38714119439404106302972492485329196841151064566582021985293927113515226088434,0.001,30.0,0.03,0x2307563f952537cc13e1017c906853184e6caf528e41694d09ce40971e0b363d,trades_3093334_0.json,48
3093334,0x1d8f9398b0412678865cfc50aea7d49025b35e54a8a4fe1a223db45447e4138a,0x1a93ed90452e38b4a481460f4f6c05bbf4df24e0,Politics,1788712462,2026-09-06T16:34:22+00:00,BUY,No,1,23475711340885934352787729272930498770878072662236266552319640865835200753508,0.999,10.0,9.99,0x8fd778d3baf19e5d43dcc98f57bdb6c98b3a5311ee25511b80064f1a587d5b84,trades_3093334_0.json,49
3093334,0x1d8f9398b0412678865cfc50aea7d49025b35e54a8a4fe1a223db45447e4138a,0x7c9e0b03d7505dad7e87777cd282628f75b2db3d,Politics,1788712462,2026-09-06T16:34:22+00:00,BUY,Yes,0,38714119439404106302972492485329196841151064566582021985293927113515226088434,0.001,10.0,0.01,0x8fd778d3baf19e5d43dcc98f57bdb6c98b3a5311ee25511b80064f1a587d5b84,trades_3093334_0.json,50
3093334,0x1d8f9398b0412678865cfc50aea7d49025b35e54a8a4fe1a223db45447e4138a,0xe40aaa5ce1dac0b7dc24c9d0284f27e17c3fe4a2,Politics,1788712462,2026-09-06T16:34:22+00:00,BUY,No,1,23475711340885934352787729272930498770878072662236266552319640865835200753508,0.999,30.1,30.0699,0x5c7c9b54b3117ce1158b82b7ccc6c41547d76d0bf2595117f935b6a488fbcb34,trades_3093334_0.json,51
3093334,0x1d8f9398b0412678865cfc50aea7d49025b35e54a8a4fe1a223db45447e4138a,0x7c9e0b03d7505dad7e87777cd282628f75b2db3d,Politics,1788712462,2026-09-06T16:34:22+00:00,BUY,Yes,0,38714119439404106302972492485329196841151064566582021985293927113515226088434,0.001,30.1,0.030100000000000002,0x5c7c9b54b3117ce1158b82b7ccc6c41547d76d0bf2595117f935b6a488fbcb34,trades_3093334_0.json,52
3093334,0x1d8f9398b0412678865cfc50aea7d49025b35e54a8a4fe1a223db45447e4138a,0xb0c85813a7a4428f1139ff91d3118a92c391fe7f,Politics,1788712312,2026-09-06T16:31:52+00:00,BUY,No,1,23475711340885934352787729272930498770878072662236266552319640865835200753508,0.999,58.79,58.73121,0x58744da15a5247501c9a3ff0ac5f56603f94fedff1eb924186d5457705b85d7a,trades_3093334_0.json,53
3093334,0x1d8f9398b0412678865cfc50aea7d49025b35e54a8a4fe1a223db45447e4138a,0x7c9e0b03d7505dad7e87777cd282628f75b2db3d,Politics,1788712312,2026-09-06T16:31:52+00:00,BUY,Yes,0,38714119439404106302972492485329196841151064566582021985293927113515226088434,0.001,58.79,0.05879,0x58744da15a5247501c9a3ff0ac5f56603f94fedff1eb924186d5457705b85d7a,trades_3093334_0.json,54
3093334,0x1d8f9398b0412678865cfc50aea7d49025b35e54a8a4fe1a223db45447e4138a,0xe40aaa5ce1dac0b7dc24c9d0284f27e17c3fe4a2,Politics,1788711471,2026-09-06T16:17:51+00:00,BUY,No,1,23475711340885934352787729272930498770878072662236266552319640865835200753508,0.999,80.0,79.92,0x9abd717f9e9f26ad6f59e331bec0679a00269c5e01999e778f3f93c3a0c7b734,trades_3093334_0.json,55
3093334,0x1d8f9398b0412678865cfc50aea7d49025b35e54a8a4fe1a223db45447e4138a,0x7c9e0b03d7505dad7e87777cd282628f75b2db3d,Politics,1788711471,2026-09-06T16:17:51+00:00,BUY,Yes,0,38714119439404106302972492485329196841151064566582021985293927113515226088434,0.001,80.0,0.08,0x9abd717f9e9f26ad6f59e331bec0679a00269c5e01999e778f3f93c3a0c7b734,trades_3093334_0.json,56
3093334,0x1d8f9398b0412678865cfc50aea7d49025b35e54a8a4fe1a223db45447e4138a,0x63adda169ca8f3311b361e3e7dc1a98fa882c072,Politics,1788711405,2026-09-06T16:16:45+00:00,BUY,No,1,23475711340885934352787729272930498770878072662236266552319640865835200753508,0.999,2.362,2.359638,0x81aa72f32c798c3e9144c87e3349b35b2a5af36f9a5a0340de1cb3529d425d8f,trades_3093334_0.json,57
3093334,0x1d8f9398b0412678865cfc50aea7d49025b35e54a8a4fe1a223db45447e4138a,0x7c9e0b03d7505dad7e87777cd282628f75b2db3d,Politics,1788711405,2026-09-06T16:16:45+00:00,BUY,Yes,0,38714119439404106302972492485329196841151064566582021985293927113515226088434,0.001,2.362,0.002362,0x81aa72f32c798c3e9144c87e3349b35b2a5af36f9a5a0340de1cb3529d425d8f,trades_3093334_0.json,58
3093334,0x1d8f9398b0412678865cfc50aea7d49025b35e54a8a4fe1a223db45447e4138a,0x43cb4ae1f4ddc9e671486c79c9f40a6fd98b84df,Politics,1788711405,2026-09-06T16:16:45+00:00,BUY,Yes,0,38714119439404106302972492485329196841151064566582021985293927113515226088434,0.02,10.0,0.2,0xf3279746c5eee145b71b49b291fb376305ea40aff8a6dc6a9f6d4008a2f69012,trades_3093334_0.json,59
3093334,0x1d8f9398b0412678865cfc50aea7d49025b35e54a8a4fe1a223db45447e4138a,0x5a218c7ad04135830a45c41aaed7294df7809318,Politics,1788711405,2026-09-06T16:16:45+00:00,BUY,No,1,23475711340885934352787729272930498770878072662236266552319640865835200753508,0.98,10.0,9.8,0xf3279746c5eee145b71b49b291fb376305ea40aff8a6dc6a9f6d4008a2f69012,trades_3093334_0.json,60
3093334,0x1d8f9398b0412678865cfc50aea7d49025b35e54a8a4fe1a223db45447e4138a,0xe040ffe586e21cb49449e8daf19b1cdff87a824f,Politics,1788711403,2026-09-06T16:16:43+00:00,BUY,No,1,23475711340885934352787729272930498770878072662236266552319640865835200753508,0.999,10.0,9.99,0xb89d717338de729298b69767a28135e45541a427a13271cbd4400c852823d0a9,trades_3093334_0.json,61
3093334,0x1d8f9398b0412678865cfc50aea7d49025b35e54a8a4fe1a223db45447e4138a,0x7c9e0b03d7505dad7e87777cd282628f75b2db3d,Politics,1788711403,2026-09-06T16:16:43+00:00,BUY,Yes,0,38714119439404106302972492485329196841151064566582021985293927113515226088434,0.001,10.0,0.01,0xb89d717338de729298b69767a28135e45541a427a13271cbd4400c852823d0a9,trades_3093334_0.json,62
3093334,0x1d8f9398b0412678865cfc50aea7d49025b35e54a8a4fe1a223db45447e4138a,0xb2e42d29690b7b63335a03c0fd5e64df0681b7f1,Politics,1788710940,2026-09-06T16:09:00+00:00,BUY,No,1,23475711340885934352787729272930498770878072662236266552319640865835200753508,0.999,32.47,32.437529999999995,0x86a05f42c7e4f4a31d2e7d30d239daec4abb32089092bdb3951ee68f271c9572,trades_3093334_0.json,63
3093334,0x1d8f9398b0412678865cfc50aea7d49025b35e54a8a4fe1a223db45447e4138a,0x7c9e0b03d7505dad7e87777cd282628f75b2db3d,Politics,1788710940,2026-09-06T16:09:00+00:00,BUY,Yes,0,38714119439404106302972492485329196841151064566582021985293927113515226088434,0.001,32.47,0.03247,0x86a05f42c7e4f4a31d2e7d30d239daec4abb32089092bdb3951ee68f271c9572,trades_3093334_0.json,64
3093334,0x1d8f9398b0412678865cfc50aea7d49025b35e54a8a4fe1a223db45447e4138a,0xfd557e6db670c9704bc1d0d8e8b585c7d9c9f905,Politics,1788710940,2026-09-06T16:09:00+00:00,BUY,No,1,23475711340885934352787729272930498770878072662236266552319640865835200753508,0.999,40.0,39.96,0xfea0cbe36e4a2e6eca4333b7caae14b09efa70921ee9650d3092a93767e9848a,trades_3093334_0.json,65
3093334,0x1d8f9398b0412678865cfc50aea7d49025b35e54a8a4fe1a223db45447e4138a,0x7c9e0b03d7505dad7e87777cd282628f75b2db3d,Politics,1788710940,2026-09-06T16:09:00+00:00,BUY,Yes,0,38714119439404106302972492485329196841151064566582021985293927113515226088434,0.001,40.0,0.04,0xfea0cbe36e4a2e6eca4333b7caae14b09efa70921ee9650d3092a93767e9848a,trades_3093334_0.json,66
3093334,0x1d8f9398b0412678865cfc50aea7d49025b35e54a8a4fe1a223db45447e4138a,0xb0c85813a7a4428f1139ff91d3118a92c391fe7f,Politics,1788710628,2026-09-06T16:03:48+00:00,BUY,No,1,23475711340885934352787729272930498770878072662236266552319640865835200753508,0.998,80.0,79.84,0x69ade495fae008fba4c0225c395251f639ef28f4ff7fbd35fbd92734898e755b,trades_3093334_0.json,67
3093334,0x1d8f9398b0412678865cfc50aea7d49025b35e54a8a4fe1a223db45447e4138a,0x74957ea27ac4fbdee46d861fdae357859ff67fcf,Politics,1788710628,2026-09-06T16:03:48+00:00,BUY,Yes,0,38714119439404106302972492485329196841151064566582021985293927113515226088434,0.002,80.0,0.16,0x69ade495fae008fba4c0225c395251f639ef28f4ff7fbd35fbd92734898e755b,trades_3093334_0.json,68
3093334,0x1d8f9398b0412678865cfc50aea7d49025b35e54a8a4fe1a223db45447e4138a,0xb0c85813a7a4428f1139ff91d3118a92c391fe7f,Politics,1788710628,2026-09-06T16:03:48+00:00,BUY,No,1,23475711340885934352787729272930498770878072662236266552319640865835200753508,0.99857675,160.0,159.77228,0x6714972dbacd4f4df37478d85e451973d2471bab170f58b703f8e1993c8d4fbc,trades_3093334_0.json,69
3093334,0x1d8f9398b0412678865cfc50aea7d49025b35e54a8a4fe1a223db45447e4138a,0x7c9e0b03d7505dad7e87777cd282628f75b2db3d,Politics,1788710628,2026-09-06T16:03:48+00:00,BUY,Yes,0,38714119439404106302972492485329196841151064566582021985293927113515226088434,0.001,92.28,0.09228,0x6714972dbacd4f4df37478d85e451973d2471bab170f58b703f8e1993c8d4fbc,trades_3093334_0.json,70
3093334,0x1d8f9398b0412678865cfc50aea7d49025b35e54a8a4fe1a223db45447e4138a,0x74957ea27ac4fbdee46d861fdae357859ff67fcf,Politics,1788710628,2026-09-06T16:03:48+00:00,BUY,Yes,0,38714119439404106302972492485329196841151064566582021985293927113515226088434,0.002,67.72,0.13544,0x6714972dbacd4f4df37478d85e451973d2471bab170f58b703f8e1993c8d4fbc,trades_3093334_0.json,71
3093334,0x1d8f9398b0412678865cfc50aea7d49025b35e54a8a4fe1a223db45447e4138a,0xfd557e6db670c9704bc1d0d8e8b585c7d9c9f905,Politics,1788710626,2026-09-06T16:03:46+00:00,BUY,No,1,23475711340885934352787729272930498770878072662236266552319640865835200753508,0.998,40.0,39.92,0x4d965b4b85c6041426770f49e65a3be09ddccb6a494ae815f9926797d4cb0c7a,trades_3093334_0.json,72
3093334,0x1d8f9398b0412678865cfc50aea7d49025b35e54a8a4fe1a223db45447e4138a,0x74957ea27ac4fbdee46d861fdae357859ff67fcf,Politics,1788710626,2026-09-06T16:03:46+00:00,BUY,Yes,0,38714119439404106302972492485329196841151064566582021985293927113515226088434,0.002,40.0,0.08,0x4d965b4b85c6041426770f49e65a3be09ddccb6a494ae815f9926797d4cb0c7a,trades_3093334_0.json,73
3093334,0x1d8f9398b0412678865cfc50aea7d49025b35e54a8a4fe1a223db45447e4138a,0x511f9c771449162349795d17becf8b37031acbe1,Politics,1788710626,2026-09-06T16:03:46+00:00,BUY,No,1,23475711340885934352787729272930498770878072662236266552319640865835200753508,0.998,40.68,40.59864,0xd4de506873d8dd6ebce9824995ecafa4a1ace371031ee91b6d987b7e092bbb59,trades_3093334_0.json,74
3093334,0x1d8f9398b0412678865cfc50aea7d49025b35e54a8a4fe1a223db45447e4138a,0x74957ea27ac4fbdee46d861fdae357859ff67fcf,Politics,1788710626,2026-09-06T16:03:46+00:00,BUY,Yes,0,38714119439404106302972492485329196841151064566582021985293927113515226088434,0.002,40.68,0.08136,0xd4de506873d8dd6ebce9824995ecafa4a1ace371031ee91b6d987b7e092bbb59,trades_3093334_0.json,75
3093334,0x1d8f9398b0412678865cfc50aea7d49025b35e54a8a4fe1a223db45447e4138a,0xb0c85813a7a4428f1139ff91d3118a92c391fe7f,Politics,1788710575,2026-09-06T16:02:55+00:00,BUY,No,1,23475711340885934352787729272930498770878072662236266552319640865835200753508,0.998,30.0,29.94,0x73670c1e3d5ec5d098c02e4be69ce6ef1bcaa4f313597e7d23a092e57f62e02e,trades_3093334_0.json,76
3093334,0x1d8f9398b0412678865cfc50aea7d49025b35e54a8a4fe1a223db45447e4138a,0x74957ea27ac4fbdee46d861fdae357859ff67fcf,Politics,1788710575,2026-09-06T16:02:55+00:00,BUY,Yes,0,38714119439404106302972492485329196841151064566582021985293927113515226088434,0.002,30.0,0.06,0x73670c1e3d5ec5d098c02e4be69ce6ef1bcaa4f313597e7d23a092e57f62e02e,trades_3093334_0.json,77
3093334,0x1d8f9398b0412678865cfc50aea7d49025b35e54a8a4fe1a223db45447e4138a,0x4f1d5ae26fc31472966e951af3183308736d8de2,Politics,1788710575,2026-09-06T16:02:55+00:00,BUY,No,1,23475711340885934352787729272930498770878072662236266552319640865835200753508,0.998,7.6,7.5847999999999995,0xc023b82836490dd5bb4bb29b2c5a1b6ff096c725a5d9637cad6a462b3609b356,trades_3093334_0.json,78
3093334,0x1d8f9398b0412678865cfc50aea7d49025b35e54a8a4fe1a223db45447e4138a,0x74957ea27ac4fbdee46d861fdae357859ff67fcf,Politics,1788710575,2026-09-06T16:02:55+00:00,BUY,Yes,0,38714119439404106302972492485329196841151064566582021985293927113515226088434,0.002,7.6,0.0152,0xc023b82836490dd5bb4bb29b2c5a1b6ff096c725a5d9637cad6a462b3609b356,trades_3093334_0.json,79
3093334,0x1d8f9398b0412678865cfc50aea7d49025b35e54a8a4fe1a223db45447e4138a,0xfbd8c9c22ca76b3662d0e53a4f79719fdc684027,Politics,1788710575,2026-09-06T16:02:55+00:00,BUY,No,1,23475711340885934352787729272930498770878072662236266552319640865835200753508,0.998,10.0,9.98,0x5d22b1305bf9d4c41677d205b9e4b249ff3f9f67b581e7ceede41e8ab9f98742,trades_3093334_0.json,80
3093334,0x1d8f9398b0412678865cfc50aea7d49025b35e54a8a4fe1a223db45447e4138a,0x74957ea27ac4fbdee46d861fdae357859ff67fcf,Politics,1788710575,2026-09-06T16:02:55+00:00,BUY,Yes,0,38714119439404106302972492485329196841151064566582021985293927113515226088434,0.002,10.0,0.02,0x5d22b1305bf9d4c41677d205b9e4b249ff3f9f67b581e7ceede41e8ab9f98742,trades_3093334_0.json,81
3093334,0x1d8f9398b0412678865cfc50aea7d49025b35e54a8a4fe1a223db45447e4138a,0x764b305694b026c1acce7bf862c3b5456a146bad,Politics,1788710575,2026-09-06T16:02:55+00:00,BUY,No,1,23475711340885934352787729272930498770878072662236266552319640865835200753508,0.998,40.0,39.92,0xe81e0d9db8ed66a3431c90928f7ea01c51c216a26a13bebcd402e63a84737b5f,trades_3093334_0.json,82
3093334,0x1d8f9398b0412678865cfc50aea7d49025b35e54a8a4fe1a223db45447e4138a,0x74957ea27ac4fbdee46d861fdae357859ff67fcf,Politics,1788710575,2026-09-06T16:02:55+00:00,BUY,Yes,0,38714119439404106302972492485329196841151064566582021985293927113515226088434,0.002,40.0,0.08,0xe81e0d9db8ed66a3431c90928f7ea01c51c216a26a13bebcd402e63a84737b5f,trades_3093334_0.json,83
3093334,0x1d8f9398b0412678865cfc50aea7d49025b35e54a8a4fe1a223db45447e4138a,0xaf4635074c8f9966ff44f2497183b53fc0578c1d,Politics,1788709542,2026-09-06T15:45:42+00:00,SELL,Yes,0,38714119439404106302972492485329196841151064566582021985293927113515226088434,0.007882836,113.26,0.8928100053600001,0x4f13e4c244f0ba1725bb71e8d24cf4362e9c9fe2f29bfe99f4c2f8e3a7340987,trades_3093334_0.json,84
3093334,0x1d8f9398b0412678865cfc50aea7d49025b35e54a8a4fe1a223db45447e4138a,0x648fde5a0d60b7d422e5fc4da51df03fe26d4b36,Politics,1788709542,2026-09-06T15:45:42+00:00,BUY,Yes,0,38714119439404106302972492485329196841151064566582021985293927113515226088434,0.007,13.27,0.09289,0x4f13e4c244f0ba1725bb71e8d24cf4362e9c9fe2f29bfe99f4c2f8e3a7340987,trades_3093334_0.json,85
3093334,0x1d8f9398b0412678865cfc50aea7d49025b35e54a8a4fe1a223db45447e4138a,0x613b668ef24d3a37417cb5756c5943cae761da44,Politics,1788709542,2026-09-06T15:45:42+00:00,BUY,Yes,0,38714119439404106302972492485329196841151064566582021985293927113515226088434,0.008,99.99,0.79992,0x4f13e4c244f0ba1725bb71e8d24cf4362e9c9fe2f29bfe99f4c2f8e3a7340987,trades_3093334_0.json,86
3093334,0x1d8f9398b0412678865cfc50aea7d49025b35e54a8a4fe1a223db45447e4138a,0x63adda169ca8f3311b361e3e7dc1a98fa882c072,Politics,1788708790,2026-09-06T15:33:10+00:00,BUY,No,1,23475711340885934352787729272930498770878072662236266552319640865835200753508,0.999,4.734,4.729266,0x2bc96b9ba6b7f7d6ec6432de17fcfe5ff124e0e755625c92dc449cf0e06fe71e,trades_3093334_0.json,87
3093334,0x1d8f9398b0412678865cfc50aea7d49025b35e54a8a4fe1a223db45447e4138a,0x7c9e0b03d7505dad7e87777cd282628f75b2db3d,Politics,1788708790,2026-09-06T15:33:10+00:00,BUY,Yes,0,38714119439404106302972492485329196841151064566582021985293927113515226088434,0.001,4.734,0.004734,0x2bc96b9ba6b7f7d6ec6432de17fcfe5ff124e0e755625c92dc449cf0e06fe71e,trades_3093334_0.json,88
3093334,0x1d8f9398b0412678865cfc50aea7d49025b35e54a8a4fe1a223db45447e4138a,0x642fbe64e6ebb8f41ab63bde72a3ff3f0a2a5c0d,Politics,1788708789,2026-09-06T15:33:09+00:00,BUY,Yes,0,38714119439404106302972492485329196841151064566582021985293927113515226088434,0.0082278713,1611.595332,13.259998979376773,0xd054c27467be64f7fc5130b41202079d8631aff38b6df57b82ef76244d7d990e,trades_3093334_0.json,89
3093334,0x1d8f9398b0412678865cfc50aea7d49025b35e54a8a4fe1a223db45447e4138a,0x11b2a5df5f36f8573b1c3408540a3c812b7b6d33,Politics,1788708789,2026-09-06T15:33:09+00:00,SELL,Yes,0,38714119439404106302972492485329196841151064566582021985293927113515226088434,0.0299999338,14.495332,0.4348590004090216,0xd054c27467be64f7fc5130b41202079d8631aff38b6df57b82ef76244d7d990e,trades_3093334_0.json,90
3093334,0x1d8f9398b0412678865cfc50aea7d49025b35e54a8a4fe1a223db45447e4138a,0x11b2a5df5f36f8573b1c3408540a3c812b7b6d33,Politics,1788708789,2026-09-06T15:33:09+00:00,SELL,Yes,0,38714119439404106302972492485329196841151064566582021985293927113515226088434,0.03,8.0,0.24,0xd054c27467be64f7fc5130b41202079d8631aff38b6df57b82ef76244d7d990e,trades_3093334_0.json,91
3093334,0x1d8f9398b0412678865cfc50aea7d49025b35e54a8a4fe1a223db45447e4138a,0x4aa385258f5783b4d056b550c89ef7b33cfc11ce,Politics,1788708789,2026-09-06T15:33:09+00:00,SELL,Yes,0,38714119439404106302972492485329196841151064566582021985293927113515226088434,0.03,21.0,0.63,0xd054c27467be64f7fc5130b41202079d8631aff38b6df57b82ef76244d7d990e,trades_3093334_0.json,92
3093334,0x1d8f9398b0412678865cfc50aea7d49025b35e54a8a4fe1a223db45447e4138a,0x4aa385258f5783b4d056b550c89ef7b33cfc11ce,Politics,1788708789,2026-09-06T15:33:09+00:00,SELL,Yes,0,38714119439404106302972492485329196841151064566582021985293927113515226088434,0.02,23.0,0.46,0xd054c27467be64f7fc5130b41202079d8631aff38b6df57b82ef76244d7d990e,trades_3093334_0.json,93
3093334,0x1d8f9398b0412678865cfc50aea7d49025b35e54a8a4fe1a223db45447e4138a,0x5a218c7ad04135830a45c41aaed7294df7809318,Politics,1788708789,2026-09-06T15:33:09+00:00,BUY,No,1,23475711340885934352787729272930498770878072662236266552319640865835200753508,0.981,20.0,19.62,0xd054c27467be64f7fc5130b41202079d8631aff38b6df57b82ef76244d7d990e,trades_3093334_0.json,94
3093334,0x1d8f9398b0412678865cfc50aea7d49025b35e54a8a4fe1a223db45447e4138a,0x11b2a5df5f36f8573b1c3408540a3c812b7b6d33,Politics,1788708789,2026-09-06T15:33:09+00:00,SELL,Yes,0,38714119439404106302972492485329196841151064566582021985293927113515226088434,0.019,41.15,0.7818499999999999,0xd054c27467be64f7fc5130b41202079d8631aff38b6df57b82ef76244d7d990e,trades_3093334_0.json,95
3093334,0x1d8f9398b0412678865cfc50aea7d49025b35e54a8a4fe1a223db45447e4138a,0x11b2a5df5f36f8573b1c3408540a3c812b7b6d33,Politics,1788708789,2026-09-06T15:33:09+00:00,SELL,Yes,0,38714119439404106302972492485329196841151064566582021985293927113515226088434,0.019,8.85,0.16815,0xd054c27467be64f7fc5130b41202079d8631aff38b6df57b82ef76244d7d990e,trades_3093334_0.json,96
3093334,0x1d8f9398b0412678865cfc50aea7d49025b35e54a8a4fe1a223db45447e4138a,0x648fde5a0d60b7d422e5fc4da51df03fe26d4b36,Politics,1788708789,2026-09-06T15:33:09+00:00,BUY,No,1,23475711340885934352787729272930498770878072662236266552319640865835200753508,0.986,5.3,5.2258,0xd054c27467be64f7fc5130b41202079d8631aff38b6df57b82ef76244d7d990e,trades_3093334_0.json,97
3093334,0x1d8f9398b0412678865cfc50aea7d49025b35e54a8a4fe1a223db45447e4138a,0xb00096270fdcde1e7df623cc8bf2b26cd156e8fa,Politics,1788708789,2026-09-06T15:33:09+00:00,BUY,No,1,23475711340885934352787729272930498770878072662236266552319640865835200753508,0.987,10.13,9.99831,0xd054c27467be64f7fc5130b41202079d8631aff38b6df57b82ef76244d7d990e,trades_3093334_0.json,98
3093334,0x1d8f9398b0412678865cfc50aea7d49025b35e54a8a4fe1a223db45447e4138a,0x090af6fd2aeb04202abc97370aa86c1b81d90fa6,Politics,1788708789,2026-09-06T15:33:09+00:00,BUY,No,1,23475711340885934352787729272930498770878072662236266552319640865835200753508,0.987,115.03,113.53461,0xd054c27467be64f7fc5130b41202079d8631aff38b6df57b82ef76244d7d990e,trades_3093334_0.json,99
3093334,0x1d8f9398b0412678865cfc50aea7d49025b35e54a8a4fe1a223db45447e4138a,0x3a3099e8714178666a19bfd7e7525250426f99ec,Politics,1788708789,2026-09-06T15:33:09+00:00,SELL,Yes,0,38714119439404106302972492485329196841151064566582021985293927113515226088434,0.011,110.76,1.2183599999999999,0xd054c27467be64f7fc5130b41202079d8631aff38b6df57b82ef76244d7d990e,trades_3093334_1.json,0
3093334,0x1d8f9398b0412678865cfc50aea7d49025b35e54a8a4fe1a223db45447e4138a,0x648fde5a0d60b7d422e5fc4da51df03fe26d4b36,Politics,1788708789,2026-09-06T15:33:09+00:00,BUY,No,1,23475711340885934352787729272930498770878072662236266552319640865835200753508,0.99,7.97,7.8903,0xd054c27467be64f7fc5130b41202079d8631aff38b6df57b82ef76244d7d990e,trades_3093334_1.json,1
3093334,0x1d8f9398b0412678865cfc50aea7d49025b35e54a8a4fe1a223db45447e4138a,0xe3164027a2be859579fcd84fce34513f0bc9bcf9,Politics,1788708789,2026-09-06T15:33:09+00:00,BUY,No,1,23475711340885934352787729272930498770878072662236266552319640865835200753508,0.991,184.07,182.41337,0xd054c27467be64f7fc5130b41202079d8631aff38b6df57b82ef76244d7d990e,trades_3093334_1.json,2
3093334,0x1d8f9398b0412678865cfc50aea7d49025b35e54a8a4fe1a223db45447e4138a,0x613b668ef24d3a37417cb5756c5943cae761da44,Politics,1788708789,2026-09-06T15:33:09+00:00,SELL,Yes,0,38714119439404106302972492485329196841151064566582021985293927113515226088434,0.008,99.99,0.79992,0xd054c27467be64f7fc5130b41202079d8631aff38b6df57b82ef76244d7d990e,trades_3093334_1.json,3
3093334,0x1d8f9398b0412678865cfc50aea7d49025b35e54a8a4fe1a223db45447e4138a,0x5b242dc2ebe5eb233d019d17301fdd63618ff36a,Politics,1788708789,2026-09-06T15:33:09+00:00,SELL,Yes,0,38714119439404106302972492485329196841151064566582021985293927113515226088434,0.005,941.85,4.70925,0xd054c27467be64f7fc5130b41202079d8631aff38b6df57b82ef76244d7d990e,trades_3093334_1.json,4
3093334,0x1d8f9398b0412678865cfc50aea7d49025b35e54a8a4fe1a223db45447e4138a,0x03805a13a0b3e058f55f6c6af95389d4f431073d,Politics,1788708387,2026-09-06T15:26:27+00:00,BUY,No,1,23475711340885934352787729272930498770878072662236266552319640865835200753508,0.999,1.991,1.989009,0x75d9745311c9a284e005fa8b9e560e9399d58bcdf53a5d8c251bcf929b15a9ee,trades_3093334_1.json,5
3093334,0x1d8f9398b0412678865cfc50aea7d49025b35e54a8a4fe1a223db45447e4138a,0x7c9e0b03d7505dad7e87777cd282628f75b2db3d,Politics,1788708387,2026-09-06T15:26:27+00:00,BUY,Yes,0,38714119439404106302972492485329196841151064566582021985293927113515226088434,0.001,1.991,0.001991,0x75d9745311c9a284e005fa8b9e560e9399d58bcdf53a5d8c251bcf929b15a9ee,trades_3093334_1.json,6
3093334,0x1d8f9398b0412678865cfc50aea7d49025b35e54a8a4fe1a223db45447e4138a,0xfe2d0b7350141c8413da4ab3eb72b5d71026da35,Politics,1788708387,2026-09-06T15:26:27+00:00,BUY,No,1,23475711340885934352787729272930498770878072662236266552319640865835200753508,0.999,8.0,7.992,0x5838aa42382d630d389ac963c8b6b42d8547e3edd2419ba117e67dd15dd65470,trades_3093334_1.json,7
3093334,0x1d8f9398b0412678865cfc50aea7d49025b35e54a8a4fe1a223db45447e4138a,0x7c9e0b03d7505dad7e87777cd282628f75b2db3d,Politics,1788708387,2026-09-06T15:26:27+00:00,BUY,Yes,0,38714119439404106302972492485329196841151064566582021985293927113515226088434,0.001,8.0,0.008,0x5838aa42382d630d389ac963c8b6b42d8547e3edd2419ba117e67dd15dd65470,trades_3093334_1.json,8
3093334,0x1d8f9398b0412678865cfc50aea7d49025b35e54a8a4fe1a223db45447e4138a,0x03805a13a0b3e058f55f6c6af95389d4f431073d,Politics,1788706872,2026-09-06T15:01:12+00:00,BUY,No,1,23475711340885934352787729272930498770878072662236266552319640865835200753508,0.999,68.578,68.509422,0xd8c855226dec27988d091278f2efd32d9a4b0b41a0ad2a597623943d1e4820b2,trades_3093334_1.json,9
3093334,0x1d8f9398b0412678865cfc50aea7d49025b35e54a8a4fe1a223db45447e4138a,0x7c9e0b03d7505dad7e87777cd282628f75b2db3d,Politics,1788706872,2026-09-06T15:01:12+00:00,BUY,Yes,0,38714119439404106302972492485329196841151064566582021985293927113515226088434,0.001,68.578,0.068578,0xd8c855226dec27988d091278f2efd32d9a4b0b41a0ad2a597623943d1e4820b2,trades_3093334_1.json,10
3093334,0x1d8f9398b0412678865cfc50aea7d49025b35e54a8a4fe1a223db45447e4138a,0x005ed998fcb786679eb8bfd0d20c15c0903d6d8e,Politics,1788706872,2026-09-06T15:01:12+00:00,BUY,No,1,23475711340885934352787729272930498770878072662236266552319640865835200753508,0.999,5.13,5.12487,0xf30013ab27ff42dd043d02347cbe5ffa03e645cb70545dafd31e7753dad3c336,trades_3093334_1.json,11
3093334,0x1d8f9398b0412678865cfc50aea7d49025b35e54a8a4fe1a223db45447e4138a,0x7c9e0b03d7505dad7e87777cd282628f75b2db3d,Politics,1788706872,2026-09-06T15:01:12+00:00,BUY,Yes,0,38714119439404106302972492485329196841151064566582021985293927113515226088434,0.001,5.13,0.00513,0xf30013ab27ff42dd043d02347cbe5ffa03e645cb70545dafd31e7753dad3c336,trades_3093334_1.json,12
3093334,0x1d8f9398b0412678865cfc50aea7d49025b35e54a8a4fe1a223db45447e4138a,0x4f1d5ae26fc31472966e951af3183308736d8de2,Politics,1788706872,2026-09-06T15:01:12+00:00,BUY,No,1,23475711340885934352787729272930498770878072662236266552319640865835200753508,0.999,52.42,52.367580000000004,0xa5e70ac369ca85d5053b3eff87a2e40db54bd79c825317f38456acd2260b070a,trades_3093334_1.json,13
3093334,0x1d8f9398b0412678865cfc50aea7d49025b35e54a8a4fe1a223db45447e4138a,0x7c9e0b03d7505dad7e87777cd282628f75b2db3d,Politics,1788706872,2026-09-06T15:01:12+00:00,BUY,Yes,0,38714119439404106302972492485329196841151064566582021985293927113515226088434,0.001,52.42,0.05242,0xa5e70ac369ca85d5053b3eff87a2e40db54bd79c825317f38456acd2260b070a,trades_3093334_1.json,14
3093334,0x1d8f9398b0412678865cfc50aea7d49025b35e54a8a4fe1a223db45447e4138a,0xb2e42d29690b7b63335a03c0fd5e64df0681b7f1,Politics,1788706872,2026-09-06T15:01:12+00:00,BUY,No,1,23475711340885934352787729272930498770878072662236266552319640865835200753508,0.999,5.18,5.1748199999999995,0x041fbf77f21e243ace132564c15e3753782cf4843b5a55fff070a85f9c664cca,trades_3093334_1.json,15
3093334,0x1d8f9398b0412678865cfc50aea7d49025b35e54a8a4fe1a223db45447e4138a,0x7c9e0b03d7505dad7e87777cd282628f75b2db3d,Politics,1788706872,2026-09-06T15:01:12+00:00,BUY,Yes,0,38714119439404106302972492485329196841151064566582021985293927113515226088434,0.001,5.18,0.00518,0x041fbf77f21e243ace132564c15e3753782cf4843b5a55fff070a85f9c664cca,trades_3093334_1.json,16
3093334,0x1d8f9398b0412678865cfc50aea7d49025b35e54a8a4fe1a223db45447e4138a,0x1f85eb9c455c5bdef5d96c2739076678c7157b02,Politics,1788706872,2026-09-06T15:01:12+00:00,BUY,No,1,23475711340885934352787729272930498770878072662236266552319640865835200753508,0.999,24.15,24.12585,0xa0294d0ef58e8f3df4580dcbb79f0ea13d6f043a71be0e1657386b3b041fffc3,trades_3093334_1.json,17
3093334,0x1d8f9398b0412678865cfc50aea7d49025b35e54a8a4fe1a223db45447e4138a,0x7c9e0b03d7505dad7e87777cd282628f75b2db3d,Politics,1788706872,2026-09-06T15:01:12+00:00,BUY,Yes,0,38714119439404106302972492485329196841151064566582021985293927113515226088434,0.001,24.15,0.024149999999999998,0xa0294d0ef58e8f3df4580dcbb79f0ea13d6f043a71be0e1657386b3b041fffc3,trades_3093334_1.json,18
3093334,0x1d8f9398b0412678865cfc50aea7d49025b35e54a8a4fe1a223db45447e4138a,0x28bf066c6cb952da62d6d182c16ad173ada64a4e,Politics,1788706872,2026-09-06T15:01:12+00:00,BUY,No,1,23475711340885934352787729272930498770878072662236266552319640865835200753508,0.999,40.0,39.96,0xdbf3e9a3c1b1074de51348a1ae4813168968957f62f8530f3ded369ce4075f33,trades_3093334_1.json,19
3093334,0x1d8f9398b0412678865cfc50aea7d49025b35e54a8a4fe1a223db45447e4138a,0x7c9e0b03d7505dad7e87777cd282628f75b2db3d,Politics,1788706872,2026-09-06T15:01:12+00:00,BUY,Yes,0,38714119439404106302972492485329196841151064566582021985293927113515226088434,0.001,40.0,0.04,0xdbf3e9a3c1b1074de51348a1ae4813168968957f62f8530f3ded369ce4075f33,trades_3093334_1.json,20
3093334,0x1d8f9398b0412678865cfc50aea7d49025b35e54a8a4fe1a223db45447e4138a,0x3653235d75a0d5969c42f7514d4df8ea5f8cef74,Politics,1788706872,2026-09-06T15:01:12+00:00,BUY,No,1,23475711340885934352787729272930498770878072662236266552319640865835200753508,0.999,30.55,30.51945,0x97144e3cc6adcd54547642ad32102f2199978b87de0e633314377afda168d602,trades_3093334_1.json,21
3093334,0x1d8f9398b0412678865cfc50aea7d49025b35e54a8a4fe1a223db45447e4138a,0x7c9e0b03d7505dad7e87777cd282628f75b2db3d,Politics,1788706872,2026-09-06T15:01:12+00:00,BUY,Yes,0,38714119439404106302972492485329196841151064566582021985293927113515226088434,0.001,30.55,0.03055,0x97144e3cc6adcd54547642ad32102f2199978b87de0e633314377afda168d602,trades_3093334_1.json,22
3093334,0x1d8f9398b0412678865cfc50aea7d49025b35e54a8a4fe1a223db45447e4138a,0xe40aaa5ce1dac0b7dc24c9d0284f27e17c3fe4a2,Politics,1788706321,2026-09-06T14:52:01+00:00,BUY,No,1,23475711340885934352787729272930498770878072662236266552319640865835200753508,0.999,10.0,9.99,0x4c3a49f4999da2dd6869c409d35d2b7237e0e29bce38a8417d957be3d2e80b79,trades_3093334_1.json,23
3093334,0x1d8f9398b0412678865cfc50aea7d49025b35e54a8a4fe1a223db45447e4138a,0x7c9e0b03d7505dad7e87777cd282628f75b2db3d,Politics,1788706321,2026-09-06T14:52:01+00:00,BUY,Yes,0,38714119439404106302972492485329196841151064566582021985293927113515226088434,0.001,10.0,0.01,0x4c3a49f4999da2dd6869c409d35d2b7237e0e29bce38a8417d957be3d2e80b79,trades_3093334_1.json,24
3093334,0x1d8f9398b0412678865cfc50aea7d49025b35e54a8a4fe1a223db45447e4138a,0xf6036d1e7fd02f2e5ba773a9e8ad9d0e3606d895,Politics,1788706321,2026-09-06T14:52:01+00:00,BUY,No,1,23475711340885934352787729272930498770878072662236266552319640865835200753508,0.999,4.994,4.989006,0x3c610f05738702ca040d5f236558af9c1a1d5d09ceded44b77596eddff15d604,trades_3093334_1.json,25
3093334,0x1d8f9398b0412678865cfc50aea7d49025b35e54a8a4fe1a223db45447e4138a,0x7c9e0b03d7505dad7e87777cd282628f75b2db3d,Politics,1788706321,2026-09-06T14:52:01+00:00,BUY,Yes,0,38714119439404106302972492485329196841151064566582021985293927113515226088434,0.001,4.994,0.004994,0x3c610f05738702ca040d5f236558af9c1a1d5d09ceded44b77596eddff15d604,trades_3093334_1.json,26
3093334,0x1d8f9398b0412678865cfc50aea7d49025b35e54a8a4fe1a223db45447e4138a,0x03805a13a0b3e058f55f6c6af95389d4f431073d,Politics,1788706321,2026-09-06T14:52:01+00:00,BUY,No,1,23475711340885934352787729272930498770878072662236266552319640865835200753508,0.999,10.0,9.99,0x0350924669bd2e96292b60bdcc713313f92d7ebd420b63aa814e2a4615ca53f8,trades_3093334_1.json,27
3093334,0x1d8f9398b0412678865cfc50aea7d49025b35e54a8a4fe1a223db45447e4138a,0x7c9e0b03d7505dad7e87777cd282628f75b2db3d,Politics,1788706321,2026-09-06T14:52:01+00:00,BUY,Yes,0,38714119439404106302972492485329196841151064566582021985293927113515226088434,0.001,10.0,0.01,0x0350924669bd2e96292b60bdcc713313f92d7ebd420b63aa814e2a4615ca53f8,trades_3093334_1.json,28
3093334,0x1d8f9398b0412678865cfc50aea7d49025b35e54a8a4fe1a223db45447e4138a,0x16c7337106a0b3a06ff863a1c06d8e2cbf7322cd,Politics,1788706285,2026-09-06T14:51:25+00:00,BUY,No,1,23475711340885934352787729272930498770878072662236266552319640865835200753508,0.999,36.53,36.49347,0xef8af19bceeb57f6bca8daffa4dd634c2ee7e8bc887416dd39b7a4efb5181ad5,trades_3093334_1.json,29
3093334,0x1d8f9398b0412678865cfc50aea7d49025b35e54a8a4fe1a223db45447e4138a,0x7c9e0b03d7505dad7e87777cd282628f75b2db3d,Politics,1788706285,2026-09-06T14:51:25+00:00,BUY,Yes,0,38714119439404106302972492485329196841151064566582021985293927113515226088434,0.001,36.53,0.03653,0xef8af19bceeb57f6bca8daffa4dd634c2ee7e8bc887416dd39b7a4efb5181ad5,trades_3093334_1.json,30
3093334,0x1d8f9398b0412678865cfc50aea7d49025b35e54a8a4fe1a223db45447e4138a,0x3653235d75a0d5969c42f7514d4df8ea5f8cef74,Politics,1788706285,2026-09-06T14:51:25+00:00,BUY,No,1,23475711340885934352787729272930498770878072662236266552319640865835200753508,0.999,9.12,9.11088,0x177348294bdcdb02792ea5aad81d64ccfd7d2a1aa2bb7d70f8ac99ec779983d9,trades_3093334_1.json,31
3093334,0x1d8f9398b0412678865cfc50aea7d49025b35e54a8a4fe1a223db45447e4138a,0x7c9e0b03d7505dad7e87777cd282628f75b2db3d,Politics,1788706285,2026-09-06T14:51:25+00:00,BUY,Yes,0,38714119439404106302972492485329196841151064566582021985293927113515226088434,0.001,9.12,0.00912,0x177348294bdcdb02792ea5aad81d64ccfd7d2a1aa2bb7d70f8ac99ec779983d9,trades_3093334_1.json,32
3093334,0x1d8f9398b0412678865cfc50aea7d49025b35e54a8a4fe1a223db45447e4138a,0x03805a13a0b3e058f55f6c6af95389d4f431073d,Politics,1788706285,2026-09-06T14:51:25+00:00,BUY,No,1,23475711340885934352787729272930498770878072662236266552319640865835200753508,0.999,62.532,62.469468,0xe6e319c657f1e76187aecf89b0f444ec99dceb734e13041e635126c156feba8f,trades_3093334_1.json,33
3093334,0x1d8f9398b0412678865cfc50aea7d49025b35e54a8a4fe1a223db45447e4138a,0x7c9e0b03d7505dad7e87777cd282628f75b2db3d,Politics,1788706285,2026-09-06T14:51:25+00:00,BUY,Yes,0,38714119439404106302972492485329196841151064566582021985293927113515226088434,0.001,62.532,0.062532,0xe6e319c657f1e76187aecf89b0f444ec99dceb734e13041e635126c156feba8f,trades_3093334_1.json,34
3093334,0x1d8f9398b0412678865cfc50aea7d49025b35e54a8a4fe1a223db45447e4138a,0x8b8b9c565c8dca43cfb767f0f2c20b2b323d2512,Politics,1788706285,2026-09-06T14:51:25+00:00,BUY,No,1,23475711340885934352787729272930498770878072662236266552319640865835200753508,0.999,6.8,6.7932,0x30fc9145aa2e16273be68ca228b5f1d4fe0b08be9b415a68c024eeb174bd9d03,trades_3093334_1.json,35
3093334,0x1d8f9398b0412678865cfc50aea7d49025b35e54a8a4fe1a223db45447e4138a,0x7c9e0b03d7505dad7e87777cd282628f75b2db3d,Politics,1788706285,2026-09-06T14:51:25+00:00,BUY,Yes,0,38714119439404106302972492485329196841151064566582021985293927113515226088434,0.001,6.8,0.0068,0x30fc9145aa2e16273be68ca228b5f1d4fe0b08be9b415a68c024eeb174bd9d03,trades_3093334_1.json,36
3093334,0x1d8f9398b0412678865cfc50aea7d49025b35e54a8a4fe1a223db45447e4138a,0x4f1d5ae26fc31472966e951af3183308736d8de2,Politics,1788706285,2026-09-06T14:51:25+00:00,BUY,No,1,23475711340885934352787729272930498770878072662236266552319640865835200753508,0.999,83.88,83.79612,0xe67938f61951913d80a61e56fcede4efcec476bc50e9bd38c3f899676e711bc6,trades_3093334_1.json,37
3093334,0x1d8f9398b0412678865cfc50aea7d49025b35e54a8a4fe1a223db45447e4138a,0x7c9e0b03d7505dad7e87777cd282628f75b2db3d,Politics,1788706285,2026-09-06T14:51:25+00:00,BUY,Yes,0,38714119439404106302972492485329196841151064566582021985293927113515226088434,0.001,83.88,0.08388,0xe67938f61951913d80a61e56fcede4efcec476bc50e9bd38c3f899676e711bc6,trades_3093334_1.json,38
3093334,0x1d8f9398b0412678865cfc50aea7d49025b35e54a8a4fe1a223db45447e4138a,0x28bf066c6cb952da62d6d182c16ad173ada64a4e,Politics,1788706285,2026-09-06T14:51:25+00:00,BUY,No,1,23475711340885934352787729272930498770878072662236266552319640865835200753508,0.999,40.0,39.96,0x7e650de1fcf57416def7baf32c1af735b280672ffcd087e8cfa29a50b0fa6599,trades_3093334_1.json,39
3093334,0x1d8f9398b0412678865cfc50aea7d49025b35e54a8a4fe1a223db45447e4138a,0x7c9e0b03d7505dad7e87777cd282628f75b2db3d,Politics,1788706285,2026-09-06T14:51:25+00:00,BUY,Yes,0,38714119439404106302972492485329196841151064566582021985293927113515226088434,0.001,40.0,0.04,0x7e650de1fcf57416def7baf32c1af735b280672ffcd087e8cfa29a50b0fa6599,trades_3093334_1.json,40
3093334,0x1d8f9398b0412678865cfc50aea7d49025b35e54a8a4fe1a223db45447e4138a,0x090af6fd2aeb04202abc97370aa86c1b81d90fa6,Politics,1788705948,2026-09-06T14:45:48+00:00,BUY,No,1,23475711340885934352787729272930498770878072662236266552319640865835200753508,0.999,10.0,9.99,0x979412940b3b71ef4917b13d3e578356d1e9c95de29ba883583a5b6b02d79d76,trades_3093334_1.json,41
3093334,0x1d8f9398b0412678865cfc50aea7d49025b35e54a8a4fe1a223db45447e4138a,0x7c9e0b03d7505dad7e87777cd282628f75b2db3d,Politics,1788705948,2026-09-06T14:45:48+00:00,BUY,Yes,0,38714119439404106302972492485329196841151064566582021985293927113515226088434,0.001,10.0,0.01,0x979412940b3b71ef4917b13d3e578356d1e9c95de29ba883583a5b6b02d79d76,trades_3093334_1.json,42
3093334,0x1d8f9398b0412678865cfc50aea7d49025b35e54a8a4fe1a223db45447e4138a,0x4f1d5ae26fc31472966e951af3183308736d8de2,Politics,1788705948,2026-09-06T14:45:48+00:00,BUY,No,1,23475711340885934352787729272930498770878072662236266552319640865835200753508,0.999,52.42,52.367580000000004,0xb6f8c466ebbe0c70b74848225777c4702236d2bde2a500bd330c0f21c9d5799d,trades_3093334_1.json,43
3093334,0x1d8f9398b0412678865cfc50aea7d49025b35e54a8a4fe1a223db45447e4138a,0x7c9e0b03d7505dad7e87777cd282628f75b2db3d,Politics,1788705948,2026-09-06T14:45:48+00:00,BUY,Yes,0,38714119439404106302972492485329196841151064566582021985293927113515226088434,0.001,52.42,0.05242,0xb6f8c466ebbe0c70b74848225777c4702236d2bde2a500bd330c0f21c9d5799d,trades_3093334_1.json,44
3093334,0x1d8f9398b0412678865cfc50aea7d49025b35e54a8a4fe1a223db45447e4138a,0x03805a13a0b3e058f55f6c6af95389d4f431073d,Politics,1788705946,2026-09-06T14:45:46+00:00,BUY,No,1,23475711340885934352787729272930498770878072662236266552319640865835200753508,0.999,14.724,14.709276000000001,0xecad3860ee4d755f70e1e123c4bb373e24e86e411e7b28633ebed21f5e3cea09,trades_3093334_1.json,45
3093334,0x1d8f9398b0412678865cfc50aea7d49025b35e54a8a4fe1a223db45447e4138a,0x7c9e0b03d7505dad7e87777cd282628f75b2db3d,Politics,1788705946,2026-09-06T14:45:46+00:00,BUY,Yes,0,38714119439404106302972492485329196841151064566582021985293927113515226088434,0.001,14.724,0.014724000000000001,0xecad3860ee4d755f70e1e123c4bb373e24e86e411e7b28633ebed21f5e3cea09,trades_3093334_1.json,46
3093334,0x1d8f9398b0412678865cfc50aea7d49025b35e54a8a4fe1a223db45447e4138a,0xe40aaa5ce1dac0b7dc24c9d0284f27e17c3fe4a2,Politics,1788705946,2026-09-06T14:45:46+00:00,BUY,No,1,23475711340885934352787729272930498770878072662236266552319640865835200753508,0.999,57.1,57.0429,0xaa8bf7ae22ec7126c9f4e1dc5a7d1b05034e2b7c78ed7c397b5962f43059b686,trades_3093334_1.json,47
3093334,0x1d8f9398b0412678865cfc50aea7d49025b35e54a8a4fe1a223db45447e4138a,0x7c9e0b03d7505dad7e87777cd282628f75b2db3d,Politics,1788705946,2026-09-06T14:45:46+00:00,BUY,Yes,0,38714119439404106302972492485329196841151064566582021985293927113515226088434,0.001,57.1,0.057100000000000005,0xaa8bf7ae22ec7126c9f4e1dc5a7d1b05034e2b7c78ed7c397b5962f43059b686,trades_3093334_1.json,48
3093334,0x1d8f9398b0412678865cfc50aea7d49025b35e54a8a4fe1a223db45447e4138a,0x83733b87090cf97aee473b1000beb9bfab7af0bc,Politics,1788703489,2026-09-06T14:04:49+00:00,BUY,No,1,23475711340885934352787729272930498770878072662236266552319640865835200753508,0.999,142.0,141.858,0xa9553cfaed56508658632bae81c00f31ef66ea2f59736a06a8c2ff459d025170,trades_3093334_1.json,49
3093334,0x1d8f9398b0412678865cfc50aea7d49025b35e54a8a4fe1a223db45447e4138a,0x7c9e0b03d7505dad7e87777cd282628f75b2db3d,Politics,1788703489,2026-09-06T14:04:49+00:00,BUY,Yes,0,38714119439404106302972492485329196841151064566582021985293927113515226088434,0.001,142.0,0.14200000000000002,0xa9553cfaed56508658632bae81c00f31ef66ea2f59736a06a8c2ff459d025170,trades_3093334_1.json,50
3093334,0x1d8f9398b0412678865cfc50aea7d49025b35e54a8a4fe1a223db45447e4138a,0xe40aaa5ce1dac0b7dc24c9d0284f27e17c3fe4a2,Politics,1788703488,2026-09-06T14:04:48+00:00,BUY,No,1,23475711340885934352787729272930498770878072662236266552319640865835200753508,0.999,250.57,250.31942999999998,0x2ce18073fbc6c6854be7faef6a037dc74ef3d7702d93a5037750987c9ef86c01,trades_3093334_1.json,51
3093334,0x1d8f9398b0412678865cfc50aea7d49025b35e54a8a4fe1a223db45447e4138a,0x7c9e0b03d7505dad7e87777cd282628f75b2db3d,Politics,1788703488,2026-09-06T14:04:48+00:00,BUY,Yes,0,38714119439404106302972492485329196841151064566582021985293927113515226088434,0.001,250.57,0.25057,0x2ce18073fbc6c6854be7faef6a037dc74ef3d7702d93a5037750987c9ef86c01,trades_3093334_1.json,52
3093334,0x1d8f9398b0412678865cfc50aea7d49025b35e54a8a4fe1a223db45447e4138a,0x28bf066c6cb952da62d6d182c16ad173ada64a4e,Politics,1788703488,2026-09-06T14:04:48+00:00,BUY,No,1,23475711340885934352787729272930498770878072662236266552319640865835200753508,0.999,10.0,9.99,0x00b6757faf1275ae0de54305c2f50686f3a87eae9904d22ce55e129063383548,trades_3093334_1.json,53
3093334,0x1d8f9398b0412678865cfc50aea7d49025b35e54a8a4fe1a223db45447e4138a,0x7c9e0b03d7505dad7e87777cd282628f75b2db3d,Politics,1788703488,2026-09-06T14:04:48+00:00,BUY,Yes,0,38714119439404106302972492485329196841151064566582021985293927113515226088434,0.001,10.0,0.01,0x00b6757faf1275ae0de54305c2f50686f3a87eae9904d22ce55e129063383548,trades_3093334_1.json,54
3093334,0x1d8f9398b0412678865cfc50aea7d49025b35e54a8a4fe1a223db45447e4138a,0x4f1d5ae26fc31472966e951af3183308736d8de2,Politics,1788703486,2026-09-06T14:04:46+00:00,BUY,No,1,23475711340885934352787729272930498770878072662236266552319640865835200753508,0.999,32.75,32.71725,0x184aab543974415b29f1e69ff43a0463ff9c557fb7bb46b43183eb525d5971ea,trades_3093334_1.json,55
3093334,0x1d8f9398b0412678865cfc50aea7d49025b35e54a8a4fe1a223db45447e4138a,0x7c9e0b03d7505dad7e87777cd282628f75b2db3d,Politics,1788703486,2026-09-06T14:04:46+00:00,BUY,Yes,0,38714119439404106302972492485329196841151064566582021985293927113515226088434,0.001,32.75,0.03275,0x184aab543974415b29f1e69ff43a0463ff9c557fb7bb46b43183eb525d5971ea,trades_3093334_1.json,56
3093334,0x1d8f9398b0412678865cfc50aea7d49025b35e54a8a4fe1a223db45447e4138a,0x090af6fd2aeb04202abc97370aa86c1b81d90fa6,Politics,1788703306,2026-09-06T14:01:46+00:00,BUY,No,1,23475711340885934352787729272930498770878072662236266552319640865835200753508,0.999,17.26,17.24274,0x6e1d88147a78c7b7fcf112bde58aa287ed8bb5ab062b6832ab85bdaab0d29388,trades_3093334_1.json,57
3093334,0x1d8f9398b0412678865cfc50aea7d49025b35e54a8a4fe1a223db45447e4138a,0x7c9e0b03d7505dad7e87777cd282628f75b2db3d,Politics,1788703306,2026-09-06T14:01:46+00:00,BUY,Yes,0,38714119439404106302972492485329196841151064566582021985293927113515226088434,0.001,17.26,0.01726,0x6e1d88147a78c7b7fcf112bde58aa287ed8bb5ab062b6832ab85bdaab0d29388,trades_3093334_1.json,58
3093334,0x1d8f9398b0412678865cfc50aea7d49025b35e54a8a4fe1a223db45447e4138a,0x03805a13a0b3e058f55f6c6af95389d4f431073d,Politics,1788703299,2026-09-06T14:01:39+00:00,BUY,No,1,23475711340885934352787729272930498770878072662236266552319640865835200753508,0.999,88.858,88.769142,0x174a28c6cfd4acc8b306f693bf29a9d86ebbda729b1cd950b4ca31500641c5f7,trades_3093334_1.json,59
3093334,0x1d8f9398b0412678865cfc50aea7d49025b35e54a8a4fe1a223db45447e4138a,0x7c9e0b03d7505dad7e87777cd282628f75b2db3d,Politics,1788703299,2026-09-06T14:01:39+00:00,BUY,Yes,0,38714119439404106302972492485329196841151064566582021985293927113515226088434,0.001,88.858,0.088858,0x174a28c6cfd4acc8b306f693bf29a9d86ebbda729b1cd950b4ca31500641c5f7,trades_3093334_1.json,60
3093334,0x1d8f9398b0412678865cfc50aea7d49025b35e54a8a4fe1a223db45447e4138a,0x4f1d5ae26fc31472966e951af3183308736d8de2,Politics,1788703299,2026-09-06T14:01:39+00:00,BUY,No,1,23475711340885934352787729272930498770878072662236266552319640865835200753508,0.999,8.12,8.11188,0xb9ee3eacbacc6e01408c735d5f3d33251f3718de032e1164461a8cc5bac3982e,trades_3093334_1.json,61
3093334,0x1d8f9398b0412678865cfc50aea7d49025b35e54a8a4fe1a223db45447e4138a,0x7c9e0b03d7505dad7e87777cd282628f75b2db3d,Politics,1788703299,2026-09-06T14:01:39+00:00,BUY,Yes,0,38714119439404106302972492485329196841151064566582021985293927113515226088434,0.001,8.12,0.008119999999999999,0xb9ee3eacbacc6e01408c735d5f3d33251f3718de032e1164461a8cc5bac3982e,trades_3093334_1.json,62
3093334,0x1d8f9398b0412678865cfc50aea7d49025b35e54a8a4fe1a223db45447e4138a,0x4f1d5ae26fc31472966e951af3183308736d8de2,Politics,1788703299,2026-09-06T14:01:39+00:00,BUY,No,1,23475711340885934352787729272930498770878072662236266552319640865835200753508,0.9985790136,206.61,206.31640999989602,0xf4ab4b3303051808ce5f8f3bd03f2c4993d4bcfc114ce1b1dc9dc6496ba878de,trades_3093334_1.json,63
3093334,0x1d8f9398b0412678865cfc50aea7d49025b35e54a8a4fe1a223db45447e4138a,0x7c9e0b03d7505dad7e87777cd282628f75b2db3d,Politics,1788703299,2026-09-06T14:01:39+00:00,BUY,Yes,0,38714119439404106302972492485329196841151064566582021985293927113515226088434,0.001,119.63,0.11963,0xf4ab4b3303051808ce5f8f3bd03f2c4993d4bcfc114ce1b1dc9dc6496ba878de,trades_3093334_1.json,64
3093334,0x1d8f9398b0412678865cfc50aea7d49025b35e54a8a4fe1a223db45447e4138a,0x613b668ef24d3a37417cb5756c5943cae761da44,Politics,1788703299,2026-09-06T14:01:39+00:00,BUY,Yes,0,38714119439404106302972492485329196841151064566582021985293927113515226088434,0.002,86.98,0.17396,0xf4ab4b3303051808ce5f8f3bd03f2c4993d4bcfc114ce1b1dc9dc6496ba878de,trades_3093334_1.json,65
3093334,0x1d8f9398b0412678865cfc50aea7d49025b35e54a8a4fe1a223db45447e4138a,0x9f208e85f326f865077fffa68b32d8b0e2bc12c3,Politics,1788703299,2026-09-06T14:01:39+00:00,BUY,No,1,23475711340885934352787729272930498770878072662236266552319640865835200753508,0.999,30.0,29.97,0xf86ec4d4af402e66e5bddbb6efc6a154a51b2bc41c669ffe6ff243e067301f09,trades_3093334_1.json,66
3093334,0x1d8f9398b0412678865cfc50aea7d49025b35e54a8a4fe1a223db45447e4138a,0x7c9e0b03d7505dad7e87777cd282628f75b2db3d,Politics,1788703299,2026-09-06T14:01:39+00:00,BUY,Yes,0,38714119439404106302972492485329196841151064566582021985293927113515226088434,0.001,30.0,0.03,0xf86ec4d4af402e66e5bddbb6efc6a154a51b2bc41c669ffe6ff243e067301f09,trades_3093334_1.json,67
3093334,0x1d8f9398b0412678865cfc50aea7d49025b35e54a8a4fe1a223db45447e4138a,0x9f208e85f326f865077fffa68b32d8b0e2bc12c3,Politics,1788703299,2026-09-06T14:01:39+00:00,BUY,No,1,23475711340885934352787729272930498770878072662236266552319640865835200753508,0.998,10.0,9.98,0x781ce2f236a7ed4aa054f12edd846bd7f54aee10f9c8d2a66386c04fe5d2b77a,trades_3093334_1.json,68
3093334,0x1d8f9398b0412678865cfc50aea7d49025b35e54a8a4fe1a223db45447e4138a,0x613b668ef24d3a37417cb5756c5943cae761da44,Politics,1788703299,2026-09-06T14:01:39+00:00,BUY,Yes,0,38714119439404106302972492485329196841151064566582021985293927113515226088434,0.002,10.0,0.02,0x781ce2f236a7ed4aa054f12edd846bd7f54aee10f9c8d2a66386c04fe5d2b77a,trades_3093334_1.json,69
3093334,0x1d8f9398b0412678865cfc50aea7d49025b35e54a8a4fe1a223db45447e4138a,0xcfc7c527a1c142b0ff32ef768c9fee6164a458b8,Politics,1788703140,2026-09-06T13:59:00+00:00,BUY,Yes,0,38714119439404106302972492485329196841151064566582021985293927113515226088434,0.0072927492,137.1225,1.0000000021770001,0xbbded785f757b95385988d4ce344f3e932b1763bb61ba371d06850324fd8855b,trades_3093334_1.json,70
3093334,0x1d8f9398b0412678865cfc50aea7d49025b35e54a8a4fe1a223db45447e4138a,0xe3164027a2be859579fcd84fce34513f0bc9bcf9,Politics,1788703140,2026-09-06T13:59:00+00:00,BUY,No,1,23475711340885934352787729272930498770878072662236266552319640865835200753508,0.992,40.1425,39.82136,0xbbded785f757b95385988d4ce344f3e932b1763bb61ba371d06850324fd8855b,trades_3093334_1.json,71
3093334,0x1d8f9398b0412678865cfc50aea7d49025b35e54a8a4fe1a223db45447e4138a,0x613b668ef24d3a37417cb5756c5943cae761da44,Politics,1788703140,2026-09-06T13:59:00+00:00,SELL,Yes,0,38714119439404106302972492485329196841151064566582021985293927113515226088434,0.007,96.98,0.67886,0xbbded785f757b95385988d4ce344f3e932b1763bb61ba371d06850324fd8855b,trades_3093334_1.json,72
3093334,0x1d8f9398b0412678865cfc50aea7d49025b35e54a8a4fe1a223db45447e4138a,0xb0c85813a7a4428f1139ff91d3118a92c391fe7f,Politics,1788702855,2026-09-06T13:54:15+00:00,BUY,No,1,23475711340885934352787729272930498770878072662236266552319640865835200753508,0.999,122.74,122.61726,0x83e32544e50618edfdee509315d4dbb381ea7e5d5aa328762da837c0975ff7b7,trades_3093334_1.json,73
3093334,0x1d8f9398b0412678865cfc50aea7d49025b35e54a8a4fe1a223db45447e4138a,0x7c9e0b03d7505dad7e87777cd282628f75b2db3d,Politics,1788702855,2026-09-06T13:54:15+00:00,BUY,Yes,0,38714119439404106302972492485329196841151064566582021985293927113515226088434,0.001,122.74,0.12274,0x83e32544e50618edfdee509315d4dbb381ea7e5d5aa328762da837c0975ff7b7,trades_3093334_1.json,74
3093334,0x1d8f9398b0412678865cfc50aea7d49025b35e54a8a4fe1a223db45447e4138a,0x03805a13a0b3e058f55f6c6af95389d4f431073d,Politics,1788702544,2026-09-06T13:49:04+00:00,BUY,No,1,23475711340885934352787729272930498770878072662236266552319640865835200753508,0.9986180203,7.88,7.869109999964,0x07b8b66a810c3d5e7ef9a470d683c2a7b081558e2a049a566efb3b1203454417,trades_3093334_1.json,75
3093334,0x1d8f9398b0412678865cfc50aea7d49025b35e54a8a4fe1a223db45447e4138a,0x7c9e0b03d7505dad7e87777cd282628f75b2db3d,Politics,1788702544,2026-09-06T13:49:04+00:00,BUY,Yes,0,38714119439404106302972492485329196841151064566582021985293927113515226088434,0.001,4.87,0.00487,0x07b8b66a810c3d5e7ef9a470d683c2a7b081558e2a049a566efb3b1203454417,trades_3093334_1.json,76
3093334,0x1d8f9398b0412678865cfc50aea7d49025b35e54a8a4fe1a223db45447e4138a,0x613b668ef24d3a37417cb5756c5943cae761da44,Politics,1788702544,2026-09-06T13:49:04+00:00,BUY,Yes,0,38714119439404106302972492485329196841151064566582021985293927113515226088434,0.002,3.01,0.006019999999999999,0x07b8b66a810c3d5e7ef9a470d683c2a7b081558e2a049a566efb3b1203454417,trades_3093334_1.json,77
3093334,0x1d8f9398b0412678865cfc50aea7d49025b35e54a8a4fe1a223db45447e4138a,0x9f208e85f326f865077fffa68b32d8b0e2bc12c3,Politics,1788702544,2026-09-06T13:49:04+00:00,BUY,No,1,23475711340885934352787729272930498770878072662236266552319640865835200753508,0.998,40.0,39.92,0xba91488f21dfae72372a32504f93da46de888096ee345029c46d86dcf08468e1,trades_3093334_1.json,78
3093334,0x1d8f9398b0412678865cfc50aea7d49025b35e54a8a4fe1a223db45447e4138a,0x613b668ef24d3a37417cb5756c5943cae761da44,Politics,1788702544,2026-09-06T13:49:04+00:00,BUY,Yes,0,38714119439404106302972492485329196841151064566582021985293927113515226088434,0.002,40.0,0.08,0xba91488f21dfae72372a32504f93da46de888096ee345029c46d86dcf08468e1,trades_3093334_1.json,79
3093334,0x1d8f9398b0412678865cfc50aea7d49025b35e54a8a4fe1a223db45447e4138a,0xf83ec0e37ac9eece71c064507270e9001a734663,Politics,1788702543,2026-09-06T13:49:03+00:00,BUY,No,1,23475711340885934352787729272930498770878072662236266552319640865835200753508,0.998,52.13,52.02574,0xcdeb83ac23d7c103ba9ff85794bdc81fc6e48d87e7539a6c0bab10700ec5b1ff,trades_3093334_1.json,80
3093334,0x1d8f9398b0412678865cfc50aea7d49025b35e54a8a4fe1a223db45447e4138a,0x613b668ef24d3a37417cb5756c5943cae761da44,Politics,1788702543,2026-09-06T13:49:03+00:00,BUY,Yes,0,38714119439404106302972492485329196841151064566582021985293927113515226088434,0.002,52.13,0.10426,0xcdeb83ac23d7c103ba9ff85794bdc81fc6e48d87e7539a6c0bab10700ec5b1ff,trades_3093334_1.json,81
3093334,0x1d8f9398b0412678865cfc50aea7d49025b35e54a8a4fe1a223db45447e4138a,0x63adda169ca8f3311b361e3e7dc1a98fa882c072,Politics,1788699727,2026-09-06T13:02:07+00:00,BUY,No,1,23475711340885934352787729272930498770878072662236266552319640865835200753508,0.998,2.4245,2.419651,0x95a6e87d477debbab4187aeafc2400617693611fb7b47d1d3941a854aec93d80,trades_3093334_1.json,82
3093334,0x1d8f9398b0412678865cfc50aea7d49025b35e54a8a4fe1a223db45447e4138a,0x613b668ef24d3a37417cb5756c5943cae761da44,Politics,1788699727,2026-09-06T13:02:07+00:00,BUY,Yes,0,38714119439404106302972492485329196841151064566582021985293927113515226088434,0.002,2.4245,0.004849,0x95a6e87d477debbab4187aeafc2400617693611fb7b47d1d3941a854aec93d80,trades_3093334_1.json,83
3093334,0x1d8f9398b0412678865cfc50aea7d49025b35e54a8a4fe1a223db45447e4138a,0x63adda169ca8f3311b361e3e7dc1a98fa882c072,Politics,1788699727,2026-09-06T13:02:07+00:00,BUY,No,1,23475711340885934352787729272930498770878072662236266552319640865835200753508,0.998,2.4245,2.419651,0xe758755ee2beb881e006a8ef67dc7a14b4d7f05768ee89b4630a19c53687b3dc,trades_3093334_1.json,84
3093334,0x1d8f9398b0412678865cfc50aea7d49025b35e54a8a4fe1a223db45447e4138a,0x613b668ef24d3a37417cb5756c5943cae761da44,Politics,1788699727,2026-09-06T13:02:07+00:00,BUY,Yes,0,38714119439404106302972492485329196841151064566582021985293927113515226088434,0.002,2.4245,0.004849,0xe758755ee2beb881e006a8ef67dc7a14b4d7f05768ee89b4630a19c53687b3dc,trades_3093334_1.json,85
3093334,0x1d8f9398b0412678865cfc50aea7d49025b35e54a8a4fe1a223db45447e4138a,0xf41cd2c0d0c30c07f33f0f9a7ae25fd56fe025bb,Politics,1788699726,2026-09-06T13:02:06+00:00,BUY,Yes,0,38714119439404106302972492485329196841151064566582021985293927113515226088434,0.010891197,91.817272,0.999999997354584,0xf31fc22607a8745aefd31117435c83ab0ad171c5dd677404be96cc80478a5dab,trades_3093334_1.json,86
3093334,0x1d8f9398b0412678865cfc50aea7d49025b35e54a8a4fe1a223db45447e4138a,0x3a3099e8714178666a19bfd7e7525250426f99ec,Politics,1788699726,2026-09-06T13:02:06+00:00,SELL,Yes,0,38714119439404106302972492485329196841151064566582021985293927113515226088434,0.0109999879,81.827272,0.9000990018900087,0xf31fc22607a8745aefd31117435c83ab0ad171c5dd677404be96cc80478a5dab,trades_3093334_1.json,87
3093334,0x1d8f9398b0412678865cfc50aea7d49025b35e54a8a4fe1a223db45447e4138a,0x5a218c7ad04135830a45c41aaed7294df7809318,Politics,1788699726,2026-09-06T13:02:06+00:00,BUY,No,1,23475711340885934352787729272930498770878072662236266552319640865835200753508,0.99,9.99,9.8901,0xf31fc22607a8745aefd31117435c83ab0ad171c5dd677404be96cc80478a5dab,trades_3093334_1.json,88
3093334,0x1d8f9398b0412678865cfc50aea7d49025b35e54a8a4fe1a223db45447e4138a,0x63adda169ca8f3311b361e3e7dc1a98fa882c072,Politics,1788699681,2026-09-06T13:01:21+00:00,BUY,No,1,23475711340885934352787729272930498770878072662236266552319640865835200753508,0.999,2.432,2.4295679999999997,0x206d619de62e06f2392146d307276d09b4a89cf99950117e8f01e96a06eea5ae,trades_3093334_1.json,89
3093334,0x1d8f9398b0412678865cfc50aea7d49025b35e54a8a4fe1a223db45447e4138a,0x7c9e0b03d7505dad7e87777cd282628f75b2db3d,Politics,1788699681,2026-09-06T13:01:21+00:00,BUY,Yes,0,38714119439404106302972492485329196841151064566582021985293927113515226088434,0.001,2.432,0.002432,0x206d619de62e06f2392146d307276d09b4a89cf99950117e8f01e96a06eea5ae,trades_3093334_1.json,90
3093334,0x1d8f9398b0412678865cfc50aea7d49025b35e54a8a4fe1a223db45447e4138a,0xcfc7c527a1c142b0ff32ef768c9fee6164a458b8,Politics,1788699681,2026-09-06T13:01:21+00:00,BUY,Yes,0,38714119439404106302972492485329196841151064566582021985293927113515226088434,0.0090909917,109.999,0.9999999960083,0x0fb953c67382f31241b1bdf141982a904e91050614f8fe2ae757e19a40058486,trades_3093334_1.json,91
3093334,0x1d8f9398b0412678865cfc50aea7d49025b35e54a8a4fe1a223db45447e4138a,0x5a218c7ad04135830a45c41aaed7294df7809318,Politics,1788699681,2026-09-06T13:01:21+00:00,BUY,No,1,23475711340885934352787729272930498770878072662236266552319640865835200753508,0.99,10.009,9.90891,0x0fb953c67382f31241b1bdf141982a904e91050614f8fe2ae757e19a40058486,trades_3093334_1.json,92
3093334,0x1d8f9398b0412678865cfc50aea7d49025b35e54a8a4fe1a223db45447e4138a,0x613b668ef24d3a37417cb5756c5943cae761da44,Politics,1788699681,2026-09-06T13:01:21+00:00,SELL,Yes,0,38714119439404106302972492485329196841151064566582021985293927113515226088434,0.009,99.99,0.8999099999999999,0x0fb953c67382f31241b1bdf141982a904e91050614f8fe2ae757e19a40058486,trades_3093334_1.json,93
3093334,0x1d8f9398b0412678865cfc50aea7d49025b35e54a8a4fe1a223db45447e4138a,0x83733b87090cf97aee473b1000beb9bfab7af0bc,Politics,1788699643,2026-09-06T13:00:43+00:00,SELL,Yes,0,38714119439404106302972492485329196841151064566582021985293927113515226088434,0.001,331.81,0.33181,0x2467a40bf3e55420902ebfd3c90366828b6b24a6185dbdb211087faf5f73e870,trades_3093334_1.json,94
3093334,0x1d8f9398b0412678865cfc50aea7d49025b35e54a8a4fe1a223db45447e4138a,0x7c9e0b03d7505dad7e87777cd282628f75b2db3d,Politics,1788699643,2026-09-06T13:00:43+00:00,BUY,Yes,0,38714119439404106302972492485329196841151064566582021985293927113515226088434,0.001,331.81,0.33181,0x2467a40bf3e55420902ebfd3c90366828b6b24a6185dbdb211087faf5f73e870,trades_3093334_1.json,95
3093334,0x1d8f9398b0412678865cfc50aea7d49025b35e54a8a4fe1a223db45447e4138a,0x83733b87090cf97aee473b1000beb9bfab7af0bc,Politics,1788699087,2026-09-06T12:51:27+00:00,SELL,Yes,0,38714119439404106302972492485329196841151064566582021985293927113515226088434,0.002,95.13,0.19025999999999998,0x9c08c2b9ef846799dc695e92592ed2b51ea87f7102bb76d3f391fe539f4901c2,trades_3093334_1.json,96
3093334,0x1d8f9398b0412678865cfc50aea7d49025b35e54a8a4fe1a223db45447e4138a,0x613b668ef24d3a37417cb5756c5943cae761da44,Politics,1788699087,2026-09-06T12:51:27+00:00,BUY,Yes,0,38714119439404106302972492485329196841151064566582021985293927113515226088434,0.002,48.49,0.09698000000000001,0x9c08c2b9ef846799dc695e92592ed2b51ea87f7102bb76d3f391fe539f4901c2,trades_3093334_1.json,97
3093334,0x1d8f9398b0412678865cfc50aea7d49025b35e54a8a4fe1a223db45447e4138a,0x613b668ef24d3a37417cb5756c5943cae761da44,Politics,1788699087,2026-09-06T12:51:27+00:00,BUY,Yes,0,38714119439404106302972492485329196841151064566582021985293927113515226088434,0.002,46.64,0.09328,0x9c08c2b9ef846799dc695e92592ed2b51ea87f7102bb76d3f391fe539f4901c2,trades_3093334_1.json,98
3093334,0x1d8f9398b0412678865cfc50aea7d49025b35e54a8a4fe1a223db45447e4138a,0x63adda169ca8f3311b361e3e7dc1a98fa882c072,Politics,1788698740,2026-09-06T12:45:40+00:00,BUY,No,1,23475711340885934352787729272930498770878072662236266552319640865835200753508,0.998,4.8595,4.849781,0x2b57e1c722bcdc9717b2c033f20bc48e33142c6941b8b74d2a95dbf5b8d6c234,trades_3093334_1.json,99
3100014,0xfb749ba3ec9120763a28161a1c900b8f4e508168ffcc9aa4d6737a308f7e1e6d,0x387bef86c1baa9ae16b3fad9958ab1a63e5e438d,Sports,1787502829,2026-08-23T16:33:49+00:00,SELL,Yes,0,81105037888764326950899019873300369701356733087059871099048298647405699483616,0.993,33.32,33.08676,0x14527c8885daf0c32b7d332ad65582f1e08b4e0cef8a51d0b8229b69c4d18691,trades_3100014_0.json,0
3100014,0xfb749ba3ec9120763a28161a1c900b8f4e508168ffcc9aa4d6737a308f7e1e6d,0xbdd11cc911ec8ed95887e56dc253d70cb36b0c4f,Sports,1787502829,2026-08-23T16:33:49+00:00,BUY,Yes,0,81105037888764326950899019873300369701356733087059871099048298647405699483616,0.993,33.32,33.08676,0x14527c8885daf0c32b7d332ad65582f1e08b4e0cef8a51d0b8229b69c4d18691,trades_3100014_0.json,1
3100014,0xfb749ba3ec9120763a28161a1c900b8f4e508168ffcc9aa4d6737a308f7e1e6d,0xa7e5e835e5a616a00afe299966527e3b47a81a9f,Sports,1787502288,2026-08-23T16:24:48+00:00,SELL,Yes,0,81105037888764326950899019873300369701356733087059871099048298647405699483616,0.993,19.99,19.85007,0xbbe6d955f1c0b4ed813bfed8b7bbb53e536d9a84194244f1bd013a190e69709f,trades_3100014_0.json,2
3100014,0xfb749ba3ec9120763a28161a1c900b8f4e508168ffcc9aa4d6737a308f7e1e6d,0xbdd11cc911ec8ed95887e56dc253d70cb36b0c4f,Sports,1787502288,2026-08-23T16:24:48+00:00,BUY,Yes,0,81105037888764326950899019873300369701356733087059871099048298647405699483616,0.993,19.99,19.85007,0xbbe6d955f1c0b4ed813bfed8b7bbb53e536d9a84194244f1bd013a190e69709f,trades_3100014_0.json,3
3100014,0xfb749ba3ec9120763a28161a1c900b8f4e508168ffcc9aa4d6737a308f7e1e6d,0x6cf8ac070fd8e624f2fc0bb056295391675087c9,Sports,1787490930,2026-08-23T13:15:30+00:00,SELL,Yes,0,81105037888764326950899019873300369701356733087059871099048298647405699483616,0.999,37.02,36.982980000000005,0xd299c451223047ea4a769680479da2f4b80e033147582d307745f5bcc1be9d49,trades_3100014_0.json,4
3100014,0xfb749ba3ec9120763a28161a1c900b8f4e508168ffcc9aa4d6737a308f7e1e6d,0xdc6d3e689396aba34aa21235e7a914a847b231ce,Sports,1787490930,2026-08-23T13:15:30+00:00,SELL,No,1,71715182664735604091253003479697112659673455538031108085401238707780345677334,0.001,19.16,0.01916,0xd299c451223047ea4a769680479da2f4b80e033147582d307745f5bcc1be9d49,trades_3100014_0.json,5
3100014,0xfb749ba3ec9120763a28161a1c900b8f4e508168ffcc9aa4d6737a308f7e1e6d,0xcb11f475748d7830335a6ea7c08fbcfe77599845,Sports,1787490930,2026-08-23T13:15:30+00:00,SELL,No,1,71715182664735604091253003479697112659673455538031108085401238707780345677334,0.001,17.86,0.01786,0xd299c451223047ea4a769680479da2f4b80e033147582d307745f5bcc1be9d49,trades_3100014_0.json,6
3100014,0xfb749ba3ec9120763a28161a1c900b8f4e508168ffcc9aa4d6737a308f7e1e6d,0xab0369a8676687db170b9218b495b755076c39a8,Sports,1787490555,2026-08-23T13:09:15+00:00,SELL,Yes,0,81105037888764326950899019873300369701356733087059871099048298647405699483616,0.999,7.14,7.13286,0xdcad47b14e1c1cc3f04730456e2e50dc2a1f6bf58f8372ed2d25474c7bacb046,trades_3100014_0.json,7
3100014,0xfb749ba3ec9120763a28161a1c900b8f4e508168ffcc9aa4d6737a308f7e1e6d,0xcb11f475748d7830335a6ea7c08fbcfe77599845,Sports,1787490555,2026-08-23T13:09:15+00:00,SELL,No,1,71715182664735604091253003479697112659673455538031108085401238707780345677334,0.001,7.14,0.00714,0xdcad47b14e1c1cc3f04730456e2e50dc2a1f6bf58f8372ed2d25474c7bacb046,trades_3100014_0.json,8
3100014,0xfb749ba3ec9120763a28161a1c900b8f4e508168ffcc9aa4d6737a308f7e1e6d,0xf7964a7e2c38634162f7178c92309b5d78cb3543,Sports,1787490540,2026-08-23T13:09:00+00:00,BUY,Yes,0,81105037888764326950899019873300369701356733087059871099048298647405699483616,0.999,55.0,54.945,0x65c1e5ac1760ce7331639d52ef8abc9e7b3164859de35add3548bb93d06408f4,trades_3100014_0.json,9
3100014,0xfb749ba3ec9120763a28161a1c900b8f4e508168ffcc9aa4d6737a308f7e1e6d,0xeab7b0a830a1755f1296fee950b3080e3529b389,Sports,1787490540,2026-08-23T13:09:00+00:00,BUY,No,1,71715182664735604091253003479697112659673455538031108085401238707780345677334,0.001,5.0,0.005,0x65c1e5ac1760ce7331639d52ef8abc9e7b3164859de35add3548bb93d06408f4,trades_3100014_0.json,10
3100014,0xfb749ba3ec9120763a28161a1c900b8f4e508168ffcc9aa4d6737a308f7e1e6d,0xd487141ea526038d4cdcf8f7fbaf79c82d86a674,Sports,1787490540,2026-08-23T13:09:00+00:00,BUY,No,1,71715182664735604091253003479697112659673455538031108085401238707780345677334,0.001,50.0,0.05,0x65c1e5ac1760ce7331639d52ef8abc9e7b3164859de35add3548bb93d06408f4,trades_3100014_0.json,11
3100014,0xfb749ba3ec9120763a28161a1c900b8f4e508168ffcc9aa4d6737a308f7e1e6d,0x193f2e626d812d618e60b4a40fb61995196ad5ae,Sports,1787490339,2026-08-23T13:05:39+00:00,BUY,Yes,0,81105037888764326950899019873300369701356733087059871099048298647405699483616,0.9699999981,5.154633,4.999994000206197,0x224a8ebfdaf02d482928ae548f79d87ea9d787b4985e1e679ee9c2be86f74403,trades_3100014_0.json,12
3100014,0xfb749ba3ec9120763a28161a1c900b8f4e508168ffcc9aa4d6737a308f7e1e6d,0xc88adcf407a63baa2e470998c24f6fc0d1867e26,Sports,1787490339,2026-08-23T13:05:39+00:00,BUY,No,1,71715182664735604091253003479697112659673455538031108085401238707780345677334,0.0300000019,5.154633,0.1546389997938027,0x224a8ebfdaf02d482928ae548f79d87ea9d787b4985e1e679ee9c2be86f74403,trades_3100014_0.json,13
3100014,0xfb749ba3ec9120763a28161a1c900b8f4e508168ffcc9aa4d6737a308f7e1e6d,0x6ffb4354cbe6e0f9989e3b55564ec5fb8646a834,Sports,1787490337,2026-08-23T13:05:37+00:00,BUY,Yes,0,81105037888764326950899019873300369701356733087059871099048298647405699483616,0.96,50.0,48.0,0x707ea3e9be10af3a7d9ec0113ecfd9d412af4465355eafe82ef661eb08d7a6d4,trades_3100014_0.json,14
3100014,0xfb749ba3ec9120763a28161a1c900b8f4e508168ffcc9aa4d6737a308f7e1e6d,0xdc6d3e689396aba34aa21235e7a914a847b231ce,Sports,1787490337,2026-08-23T13:05:37+00:00,BUY,No,1,71715182664735604091253003479697112659673455538031108085401238707780345677334,0.04,25.0,1.0,0x707ea3e9be10af3a7d9ec0113ecfd9d412af4465355eafe82ef661eb08d7a6d4,trades_3100014_0.json,15
3100014,0xfb749ba3ec9120763a28161a1c900b8f4e508168ffcc9aa4d6737a308f7e1e6d,0xcb11f475748d7830335a6ea7c08fbcfe77599845,Sports,1787490337,2026-08-23T13:05:37+00:00,BUY,No,1,71715182664735604091253003479697112659673455538031108085401238707780345677334,0.04,25.0,1.0,0x707ea3e9be10af3a7d9ec0113ecfd9d412af4465355eafe82ef661eb08d7a6d4,trades_3100014_0.json,16
3100014,0xfb749ba3ec9120763a28161a1c900b8f4e508168ffcc9aa4d6737a308f7e1e6d,0x3b1a9c4f68ffd2ba16a6c90016dbd6be880fdf15,Sports,1787489515,2026-08-23T12:51:55+00:00,BUY,No,1,71715182664735604091253003479697112659673455538031108085401238707780345677334,0.9,55.55555,49.999995,0x85b27f2b00b9430908de4c5847e89e413dfdec5cc6afd517e83436c1fdab21b7,trades_3100014_0.json,17
3100014,0xfb749ba3ec9120763a28161a1c900b8f4e508168ffcc9aa4d6737a308f7e1e6d,0xf6c0455b881b9056502a1148fc31cd28bccd722e,Sports,1787489515,2026-08-23T12:51:55+00:00,BUY,Yes,0,81105037888764326950899019873300369701356733087059871099048298647405699483616,0.1,55.55555,5.555555,0x85b27f2b00b9430908de4c5847e89e413dfdec5cc6afd517e83436c1fdab21b7,trades_3100014_0.json,18
3100014,0xfb749ba3ec9120763a28161a1c900b8f4e508168ffcc9aa4d6737a308f7e1e6d,0x3b1a9c4f68ffd2ba16a6c90016dbd6be880fdf15,Sports,1787489313,2026-08-23T12:48:33+00:00,BUY,No,1,71715182664735604091253003479697112659673455538031108085401238707780345677334,0.9,11.11111,9.999999,0x75cfa34128a5a21a26f47add75457b4b1a17e8f30acdbb3a25d31ff425804bc8,trades_3100014_0.json,19
3100014,0xfb749ba3ec9120763a28161a1c900b8f4e508168ffcc9aa4d6737a308f7e1e6d,0xf6c0455b881b9056502a1148fc31cd28bccd722e,Sports,1787489313,2026-08-23T12:48:33+00:00,BUY,Yes,0,81105037888764326950899019873300369701356733087059871099048298647405699483616,0.1,11.11111,1.111111,0x75cfa34128a5a21a26f47add75457b4b1a17e8f30acdbb3a25d31ff425804bc8,trades_3100014_0.json,20
3100014,0xfb749ba3ec9120763a28161a1c900b8f4e508168ffcc9aa4d6737a308f7e1e6d,0x3b1a9c4f68ffd2ba16a6c90016dbd6be880fdf15,Sports,1787488198,2026-08-23T12:29:58+00:00,BUY,No,1,71715182664735604091253003479697112659673455538031108085401238707780345677334,0.849999997,33.329406,28.32999500001178,0xfe4781eb7c06e55775b7355382e17a4a1592a32a01460fdf73dc1ff98e4b8f68,trades_3100014_0.json,21
3100014,0xfb749ba3ec9120763a28161a1c900b8f4e508168ffcc9aa4d6737a308f7e1e6d,0x387bef86c1baa9ae16b3fad9958ab1a63e5e438d,Sports,1787488198,2026-08-23T12:29:58+00:00,BUY,Yes,0,81105037888764326950899019873300369701356733087059871099048298647405699483616,0.150000003,33.329406,4.999410999988218,0xfe4781eb7c06e55775b7355382e17a4a1592a32a01460fdf73dc1ff98e4b8f68,trades_3100014_0.json,22
3100014,0xfb749ba3ec9120763a28161a1c900b8f4e508168ffcc9aa4d6737a308f7e1e6d,0xe2cd2aea8e0b02d04d0733868c88273278b73897,Sports,1787488018,2026-08-23T12:26:58+00:00,BUY,Yes,0,81105037888764326950899019873300369701356733087059871099048298647405699483616,0.25,2.11,0.5275,0x9b3c5d6dab96929f53936aee6e8df80a9fce022da2943b71c62d69269c2eae5f,trades_3100014_0.json,23
3100014,0xfb749ba3ec9120763a28161a1c900b8f4e508168ffcc9aa4d6737a308f7e1e6d,0x3eb385f452fff561cdde1b838f9e452ebde07133,Sports,1787488018,2026-08-23T12:26:58+00:00,BUY,No,1,71715182664735604091253003479697112659673455538031108085401238707780345677334,0.75,2.11,1.5825,0x9b3c5d6dab96929f53936aee6e8df80a9fce022da2943b71c62d69269c2eae5f,trades_3100014_0.json,24
3100014,0xfb749ba3ec9120763a28161a1c900b8f4e508168ffcc9aa4d6737a308f7e1e6d,0x4388640a35b4ecebc33f8c73b58a2b988c615050,Sports,1787488018,2026-08-23T12:26:58+00:00,BUY,Yes,0,81105037888764326950899019873300369701356733087059871099048298647405699483616,0.15,660.89,99.1335,0x22fde6526361d90e07cc682260bec683a4cdfd5496fab87edc6b43d939e5d36a,trades_3100014_0.json,25
3100014,0xfb749ba3ec9120763a28161a1c900b8f4e508168ffcc9aa4d6737a308f7e1e6d,0x88a0e375faa7930ccb6a385284492d718783f673,Sports,1787488018,2026-08-23T12:26:58+00:00,BUY,No,1,71715182664735604091253003479697112659673455538031108085401238707780345677334,0.85,6.0,5.1,0x22fde6526361d90e07cc682260bec683a4cdfd5496fab87edc6b43d939e5d36a,trades_3100014_0.json,26
3100014,0xfb749ba3ec9120763a28161a1c900b8f4e508168ffcc9aa4d6737a308f7e1e6d,0x9372c55408c20c3ed2e16a55be2023cc05b33b1a,Sports,1787488018,2026-08-23T12:26:58+00:00,BUY,No,1,71715182664735604091253003479697112659673455538031108085401238707780345677334,0.85,400.0,340.0,0x22fde6526361d90e07cc682260bec683a4cdfd5496fab87edc6b43d939e5d36a,trades_3100014_0.json,27
3100014,0xfb749ba3ec9120763a28161a1c900b8f4e508168ffcc9aa4d6737a308f7e1e6d,0x329da08a8e3d157393cf1c423716fa413e075a92,Sports,1787488018,2026-08-23T12:26:58+00:00,SELL,Yes,0,81105037888764326950899019873300369701356733087059871099048298647405699483616,0.15,38.91,5.836499999999999,0x22fde6526361d90e07cc682260bec683a4cdfd5496fab87edc6b43d939e5d36a,trades_3100014_0.json,28
3100014,0xfb749ba3ec9120763a28161a1c900b8f4e508168ffcc9aa4d6737a308f7e1e6d,0xe8c4d68aff65b38cac46987b9b65e01eb47d395d,Sports,1787488018,2026-08-23T12:26:58+00:00,BUY,No,1,71715182664735604091253003479697112659673455538031108085401238707780345677334,0.85,215.98,183.583,0x22fde6526361d90e07cc682260bec683a4cdfd5496fab87edc6b43d939e5d36a,trades_3100014_0.json,29
3100014,0xfb749ba3ec9120763a28161a1c900b8f4e508168ffcc9aa4d6737a308f7e1e6d,0xfa0ca2a5e2c5e09d887545b1058127f5d6f58ccd,Sports,1787482711,2026-08-23T10:58:31+00:00,BUY,No,1,71715182664735604091253003479697112659673455538031108085401238707780345677334,0.8899999555,2.24719,1.9999990000000447,0x2d1d46194d7ed1975d0ea6e26986d268b62ece84ec29d3147a79b12f947d8bb4,trades_3100014_0.json,30
3100014,0xfb749ba3ec9120763a28161a1c900b8f4e508168ffcc9aa4d6737a308f7e1e6d,0x329da08a8e3d157393cf1c423716fa413e075a92,Sports,1787482711,2026-08-23T10:58:31+00:00,BUY,Yes,0,81105037888764326950899019873300369701356733087059871099048298647405699483616,0.1100000445,2.24719,0.247190999999955,0x2d1d46194d7ed1975d0ea6e26986d268b62ece84ec29d3147a79b12f947d8bb4,trades_3100014_0.json,31
3100014,0xfb749ba3ec9120763a28161a1c900b8f4e508168ffcc9aa4d6737a308f7e1e6d,0x3b1a9c4f68ffd2ba16a6c90016dbd6be880fdf15,Sports,1787481618,2026-08-23T10:40:18+00:00,BUY,No,1,71715182664735604091253003479697112659673455538031108085401238707780345677334,0.9,111.11111,99.999999,0xfc821ed14d6a86ded8995cf94b6c248ed9a24aba933aef0528064d7cc98dc58f,trades_3100014_0.json,32
3100014,0xfb749ba3ec9120763a28161a1c900b8f4e508168ffcc9aa4d6737a308f7e1e6d,0x9372c55408c20c3ed2e16a55be2023cc05b33b1a,Sports,1787481618,2026-08-23T10:40:18+00:00,BUY,Yes,0,81105037888764326950899019873300369701356733087059871099048298647405699483616,0.1,111.11111,11.111111000000001,0xfc821ed14d6a86ded8995cf94b6c248ed9a24aba933aef0528064d7cc98dc58f,trades_3100014_0.json,33
3100014,0xfb749ba3ec9120763a28161a1c900b8f4e508168ffcc9aa4d6737a308f7e1e6d,0x610cff0477d268a598ed4fee59c0ed8b269c3def,Sports,1787473299,2026-08-23T08:21:39+00:00,BUY,Yes,0,81105037888764326950899019873300369701356733087059871099048298647405699483616,0.149999976,33.333332,4.999999000000032,0x5abb1b46a2ea9068fdfc36b47f75f2cda6d3165b86d327df480c4a3f5816f45a,trades_3100014_0.json,34
3100014,0xfb749ba3ec9120763a28161a1c900b8f4e508168ffcc9aa4d6737a308f7e1e6d,0xe8c4d68aff65b38cac46987b9b65e01eb47d395d,Sports,1787473299,2026-08-23T08:21:39+00:00,BUY,No,1,71715182664735604091253003479697112659673455538031108085401238707780345677334,0.850000024,33.333332,28.333332999999964,0x5abb1b46a2ea9068fdfc36b47f75f2cda6d3165b86d327df480c4a3f5816f45a,trades_3100014_0.json,35
3100014,0xfb749ba3ec9120763a28161a1c900b8f4e508168ffcc9aa4d6737a308f7e1e6d,0x3b1a9c4f68ffd2ba16a6c90016dbd6be880fdf15,Sports,1787435478,2026-08-22T21:51:18+00:00,BUY,No,1,71715182664735604091253003479697112659673455538031108085401238707780345677334,0.91,5.0,4.55,0x02f07d8b049d585ae56d80905794c6efa12b9a77be5604b59ee1275cf7d93369,trades_3100014_0.json,36
3100014,0xfb749ba3ec9120763a28161a1c900b8f4e508168ffcc9aa4d6737a308f7e1e6d,0x35f50aa6b585dddb065466ac1bd252c4513fd7c4,Sports,1787435478,2026-08-22T21:51:18+00:00,BUY,Yes,0,81105037888764326950899019873300369701356733087059871099048298647405699483616,0.09,5.0,0.44999999999999996,0x02f07d8b049d585ae56d80905794c6efa12b9a77be5604b59ee1275cf7d93369,trades_3100014_0.json,37
3100014,0xfb749ba3ec9120763a28161a1c900b8f4e508168ffcc9aa4d6737a308f7e1e6d,0x3b1a9c4f68ffd2ba16a6c90016dbd6be880fdf15,Sports,1787435334,2026-08-22T21:48:54+00:00,BUY,No,1,71715182664735604091253003479697112659673455538031108085401238707780345677334,0.9099999991,46.054944,41.90999899855055,0x496dddf62df1ce3ff51922f0e414a43ad7b04e518cf12e10a67737f046442eeb,trades_3100014_0.json,38
3100014,0xfb749ba3ec9120763a28161a1c900b8f4e508168ffcc9aa4d6737a308f7e1e6d,0x329da08a8e3d157393cf1c423716fa413e075a92,Sports,1787435334,2026-08-22T21:48:54+00:00,BUY,Yes,0,81105037888764326950899019873300369701356733087059871099048298647405699483616,0.090000001,38.914944,3.5023449989149436,0x496dddf62df1ce3ff51922f0e414a43ad7b04e518cf12e10a67737f046442eeb,trades_3100014_0.json,39
3100014,0xfb749ba3ec9120763a28161a1c900b8f4e508168ffcc9aa4d6737a308f7e1e6d,0xf5286079ada8dcfeaa44f7f1c87e1ec37c127e5b,Sports,1787435334,2026-08-22T21:48:54+00:00,SELL,No,1,71715182664735604091253003479697112659673455538031108085401238707780345677334,0.91,7.14,6.4974,0x496dddf62df1ce3ff51922f0e414a43ad7b04e518cf12e10a67737f046442eeb,trades_3100014_0.json,40
3100014,0xfb749ba3ec9120763a28161a1c900b8f4e508168ffcc9aa4d6737a308f7e1e6d,0xab0369a8676687db170b9218b495b755076c39a8,Sports,1787417328,2026-08-22T16:48:48+00:00,BUY,Yes,0,81105037888764326950899019873300369701356733087059871099048298647405699483616,0.1399998824,7.142856,0.9999990000001344,0x0a446b8964812fa847199e9be3d83b981dc3075318db4b8ea54be000ffe5312c,trades_3100014_0.json,41
3100014,0xfb749ba3ec9120763a28161a1c900b8f4e508168ffcc9aa4d6737a308f7e1e6d,0xf5286079ada8dcfeaa44f7f1c87e1ec37c127e5b,Sports,1787417328,2026-08-22T16:48:48+00:00,BUY,No,1,71715182664735604091253003479697112659673455538031108085401238707780345677334,0.8600001176,7.142856,6.142856999999865,0x0a446b8964812fa847199e9be3d83b981dc3075318db4b8ea54be000ffe5312c,trades_3100014_0.json,42
3100014,0xfb749ba3ec9120763a28161a1c900b8f4e508168ffcc9aa4d6737a308f7e1e6d,0x6cf8ac070fd8e624f2fc0bb056295391675087c9,Sports,1787411181,2026-08-22T15:06:21+00:00,BUY,Yes,0,81105037888764326950899019873300369701356733087059871099048298647405699483616,0.1350438893,37.025,5.0000000013324994,0xecef34367f3017494069118554179aeb2095e9664160da3f8e48f94c157b343e,trades_3100014_0.json,43
3100014,0xfb749ba3ec9120763a28161a1c900b8f4e508168ffcc9aa4d6737a308f7e1e6d,0x521070c99db06e54af5e8e4a91d6858decdfbd53,Sports,1787411181,2026-08-22T15:06:21+00:00,BUY,No,1,71715182664735604091253003479697112659673455538031108085401238707780345677334,0.86,18.675,16.0605,0xecef34367f3017494069118554179aeb2095e9664160da3f8e48f94c157b343e,trades_3100014_0.json,44
3100014,0xfb749ba3ec9120763a28161a1c900b8f4e508168ffcc9aa4d6737a308f7e1e6d,0xc88adcf407a63baa2e470998c24f6fc0d1867e26,Sports,1787411181,2026-08-22T15:06:21+00:00,SELL,Yes,0,81105037888764326950899019873300369701356733087059871099048298647405699483616,0.13,18.35,2.3855000000000004,0xecef34367f3017494069118554179aeb2095e9664160da3f8e48f94c157b343e,trades_3100014_0.json,45
3100014,0xfb749ba3ec9120763a28161a1c900b8f4e508168ffcc9aa4d6737a308f7e1e6d,0x3b1a9c4f68ffd2ba16a6c90016dbd6be880fdf15,Sports,1787410015,2026-08-22T14:46:55+00:00,BUY,No,1,71715182664735604091253003479697112659673455538031108085401238707780345677334,0.97,18.35,17.799500000000002,0x5a54e2f081129de8efd0a7c07863812a55544d3c7fae52dd269f24e5dd3f6faa,trades_3100014_0.json,46
3100014,0xfb749ba3ec9120763a28161a1c900b8f4e508168ffcc9aa4d6737a308f7e1e6d,0xc88adcf407a63baa2e470998c24f6fc0d1867e26,Sports,1787410015,2026-08-22T14:46:55+00:00,BUY,Yes,0,81105037888764326950899019873300369701356733087059871099048298647405699483616,0.03,18.35,0.5505,0x5a54e2f081129de8efd0a7c07863812a55544d3c7fae52dd269f24e5dd3f6faa,trades_3100014_0.json,47
3100014,0xfb749ba3ec9120763a28161a1c900b8f4e508168ffcc9aa4d6737a308f7e1e6d,0x3b1a9c4f68ffd2ba16a6c90016dbd6be880fdf15,Sports,1787366466,2026-08-22T02:41:06+00:00,BUY,No,1,71715182664735604091253003479697112659673455538031108085401238707780345677334,0.92,20.0,18.400000000000002,0xd62e3b525d9bd87469a6648be17f23ed18bf370f8430014c6cb38b817b0ce44b,trades_3100014_0.json,48
3100014,0xfb749ba3ec9120763a28161a1c900b8f4e508168ffcc9aa4d6737a308f7e1e6d,0x3eb385f452fff561cdde1b838f9e452ebde07133,Sports,1787366466,2026-08-22T02:41:06+00:00,BUY,Yes,0,81105037888764326950899019873300369701356733087059871099048298647405699483616,0.08,20.0,1.6,0xd62e3b525d9bd87469a6648be17f23ed18bf370f8430014c6cb38b817b0ce44b,trades_3100014_0.json,49
3100014,0xfb749ba3ec9120763a28161a1c900b8f4e508168ffcc9aa4d6737a308f7e1e6d,0x3b1a9c4f68ffd2ba16a6c90016dbd6be880fdf15,Sports,1787366455,2026-08-22T02:40:55+00:00,BUY,No,1,71715182664735604091253003479697112659673455538031108085401238707780345677334,0.91,17.8,16.198,0xa973ac9ebdd088888a125a0bb22c739b611f91526f33e0dd34c8691c40e98ca4,trades_3100014_0.json,50
3100014,0xfb749ba3ec9120763a28161a1c900b8f4e508168ffcc9aa4d6737a308f7e1e6d,0xa7e5e835e5a616a00afe299966527e3b47a81a9f,Sports,1787366455,2026-08-22T02:40:55+00:00,BUY,Yes,0,81105037888764326950899019873300369701356733087059871099048298647405699483616,0.09,17.8,1.602,0xa973ac9ebdd088888a125a0bb22c739b611f91526f33e0dd34c8691c40e98ca4,trades_3100014_0.json,51
3100014,0xfb749ba3ec9120763a28161a1c900b8f4e508168ffcc9aa4d6737a308f7e1e6d,0x3da4c09145582b31a70ca1b6fd9bd79c1fc96682,Sports,1787323743,2026-08-21T14:49:03+00:00,BUY,No,1,71715182664735604091253003479697112659673455538031108085401238707780345677334,0.91,2.1978,1.999998,0xe9b6673d8b61f7a53de3bb9455b4b99e884f10c1e08f47b8a6a7a567d272a70b,trades_3100014_0.json,52
3100014,0xfb749ba3ec9120763a28161a1c900b8f4e508168ffcc9aa4d6737a308f7e1e6d,0xa7e5e835e5a616a00afe299966527e3b47a81a9f,Sports,1787323743,2026-08-21T14:49:03+00:00,BUY,Yes,0,81105037888764326950899019873300369701356733087059871099048298647405699483616,0.09,2.1978,0.19780199999999998,0xe9b6673d8b61f7a53de3bb9455b4b99e884f10c1e08f47b8a6a7a567d272a70b,trades_3100014_0.json,53
3100014,0xfb749ba3ec9120763a28161a1c900b8f4e508168ffcc9aa4d6737a308f7e1e6d,0x8160b67030c86eb01df324333e7ac2e80c5d3b38,Sports,1787317029,2026-08-21T12:57:09+00:00,BUY,Yes,0,81105037888764326950899019873300369701356733087059871099048298647405699483616,0.1499999887,66.666665,9.999998996666685,0x14db66cf1ff3ddac2eff945ac216147be7100285ca24148589e6f5baa0da1396,trades_3100014_0.json,54
3100014,0xfb749ba3ec9120763a28161a1c900b8f4e508168ffcc9aa4d6737a308f7e1e6d,0xe8c4d68aff65b38cac46987b9b65e01eb47d395d,Sports,1787317029,2026-08-21T12:57:09+00:00,BUY,No,1,71715182664735604091253003479697112659673455538031108085401238707780345677334,0.8500000113,66.666665,56.66666600333331,0x14db66cf1ff3ddac2eff945ac216147be7100285ca24148589e6f5baa0da1396,trades_3100014_0.json,55
3100014,0xfb749ba3ec9120763a28161a1c900b8f4e508168ffcc9aa4d6737a308f7e1e6d,0x51089c0c128100e6c9210759fd932aecf76d29cb,Sports,1787203273,2026-08-20T05:21:13+00:00,BUY,Yes,0,81105037888764326950899019873300369701356733087059871099048298647405699483616,0.1899999986,526.315788,99.9999989831579,0x6ef7ab4604a92ed5b145b08d8fda29f7ff118358ff5cdc5507785dab4424fa6d,trades_3100014_0.json,56
3100014,0xfb749ba3ec9120763a28161a1c900b8f4e508168ffcc9aa4d6737a308f7e1e6d,0x6c439f2c136efab50b08cd8a52de3dfb070dfb9b,Sports,1787203273,2026-08-20T05:21:13+00:00,BUY,No,1,71715182664735604091253003479697112659673455538031108085401238707780345677334,0.8100000014,526.315788,426.3157890168421,0x6ef7ab4604a92ed5b145b08d8fda29f7ff118358ff5cdc5507785dab4424fa6d,trades_3100014_0.json,57
3100014,0xfb749ba3ec9120763a28161a1c900b8f4e508168ffcc9aa4d6737a308f7e1e6d,0xefc306843ae5a8ec332267b152d722cbc3452ccb,Sports,1786033143,2026-08-06T16:19:03+00:00,BUY,Yes,0,81105037888764326950899019873300369701356733087059871099048298647405699483616,0.247634662,23.4216,5.7999999994992,0x6ac7a98e3ddd68831a8c8f67c7019bfcdb3dd55e0a2316c8bd23f04470edb862,trades_3100014_0.json,58
3100014,0xfb749ba3ec9120763a28161a1c900b8f4e508168ffcc9aa4d6737a308f7e1e6d,0x3eb385f452fff561cdde1b838f9e452ebde07133,Sports,1786033143,2026-08-06T16:19:03+00:00,BUY,No,1,71715182664735604091253003479697112659673455538031108085401238707780345677334,0.75,17.8816,13.4112,0x6ac7a98e3ddd68831a8c8f67c7019bfcdb3dd55e0a2316c8bd23f04470edb862,trades_3100014_0.json,59
3100014,0xfb749ba3ec9120763a28161a1c900b8f4e508168ffcc9aa4d6737a308f7e1e6d,0xc88adcf407a63baa2e470998c24f6fc0d1867e26,Sports,1786033143,2026-08-06T16:19:03+00:00,SELL,Yes,0,81105037888764326950899019873300369701356733087059871099048298647405699483616,0.24,5.54,1.3296,0x6ac7a98e3ddd68831a8c8f67c7019bfcdb3dd55e0a2316c8bd23f04470edb862,trades_3100014_0.json,60
3100014,0xfb749ba3ec9120763a28161a1c900b8f4e508168ffcc9aa4d6737a308f7e1e6d,0x9a17c02375c612a626be8a2e51f7f411e83d3e76,Sports,1785293565,2026-07-29T02:52:45+00:00,BUY,No,1,71715182664735604091253003479697112659673455538031108085401238707780345677334,0.9447659907,10.58462,9.999989000483033,0xd94ebfabd1c65fb4f9dbaf881b6374b0bbeea85988fda888916112438aafc594,trades_3100014_0.json,61
3100014,0xfb749ba3ec9120763a28161a1c900b8f4e508168ffcc9aa4d6737a308f7e1e6d,0x3eb385f452fff561cdde1b838f9e452ebde07133,Sports,1785293565,2026-07-29T02:52:45+00:00,BUY,Yes,0,81105037888764326950899019873300369701356733087059871099048298647405699483616,0.05,5.04462,0.25223100000000004,0xd94ebfabd1c65fb4f9dbaf881b6374b0bbeea85988fda888916112438aafc594,trades_3100014_0.json,62
3100014,0xfb749ba3ec9120763a28161a1c900b8f4e508168ffcc9aa4d6737a308f7e1e6d,0xc88adcf407a63baa2e470998c24f6fc0d1867e26,Sports,1785293565,2026-07-29T02:52:45+00:00,BUY,Yes,0,81105037888764326950899019873300369701356733087059871099048298647405699483616,0.06,5.54,0.3324,0xd94ebfabd1c65fb4f9dbaf881b6374b0bbeea85988fda888916112438aafc594,trades_3100014_0.json,63
4339186,0x48482fd9a3872543534348570ee6421cbc0f1742b0887f1e33126883b9f778cf,0xc8ab97a9089a9ff7e6ef0688e6e591a066946418,Crypto;Politics,1788964386,2026-09-09T14:33:06+00:00,SELL,No,1,92433901207496457840329658855173594098500005838642396329275570281052845880964,0.001,609.65,0.60965,0x90eab5c279a47a8d88fe206c4b8a8407ccafccb4f5b7d6f2887e6e42034a6e56,trades_4339186_0.json,0
4339186,0x48482fd9a3872543534348570ee6421cbc0f1742b0887f1e33126883b9f778cf,0x1bbe68c9832bf9655414ddb89b1fac432f89f8b0,Crypto;Politics,1788964386,2026-09-09T14:33:06+00:00,SELL,Yes,0,97236330897070950292720830345665491942542609545937117798868834122164571073854,0.999,609.65,609.04035,0x90eab5c279a47a8d88fe206c4b8a8407ccafccb4f5b7d6f2887e6e42034a6e56,trades_4339186_0.json,1
4339186,0x48482fd9a3872543534348570ee6421cbc0f1742b0887f1e33126883b9f778cf,0x7c3db723f1d4d8cb9c550095203b686cb11e5c6b,Crypto;Politics,1788964050,2026-09-09T14:27:30+00:00,SELL,No,1,92433901207496457840329658855173594098500005838642396329275570281052845880964,0.001,80.0,0.08,0xa433ecd10110bcdd9e5a5f2922d047accd074dac6a42c88f4445beb28e85c0a9,trades_4339186_0.json,2
4339186,0x48482fd9a3872543534348570ee6421cbc0f1742b0887f1e33126883b9f778cf,0x1bbe68c9832bf9655414ddb89b1fac432f89f8b0,Crypto;Politics,1788964050,2026-09-09T14:27:30+00:00,SELL,Yes,0,97236330897070950292720830345665491942542609545937117798868834122164571073854,0.999,80.0,79.92,0xa433ecd10110bcdd9e5a5f2922d047accd074dac6a42c88f4445beb28e85c0a9,trades_4339186_0.json,3
4339186,0x48482fd9a3872543534348570ee6421cbc0f1742b0887f1e33126883b9f778cf,0x816b8451382b8e9cb66972fa4dd4777091739ec7,Crypto;Politics,1788963258,2026-09-09T14:14:18+00:00,BUY,Yes,0,97236330897070950292720830345665491942542609545937117798868834122164571073854,0.998999991,100.100101,99.99999999809909,0xd49ef9b2759dcc7095114abf347934ef16ca754f22cb166f5e5c8189085d7605,trades_4339186_0.json,4
4339186,0x48482fd9a3872543534348570ee6421cbc0f1742b0887f1e33126883b9f778cf,0x1bbe68c9832bf9655414ddb89b1fac432f89f8b0,Crypto;Politics,1788963258,2026-09-09T14:14:18+00:00,SELL,Yes,0,97236330897070950292720830345665491942542609545937117798868834122164571073854,0.998999991,100.100101,99.99999999809909,0xd49ef9b2759dcc7095114abf347934ef16ca754f22cb166f5e5c8189085d7605,trades_4339186_0.json,5
4339186,0x48482fd9a3872543534348570ee6421cbc0f1742b0887f1e33126883b9f778cf,0xcd63dfa399922cfdd7001fb42d61d8cf0cf8d4a7,Crypto;Politics,1788962152,2026-09-09T13:55:52+00:00,SELL,No,1,92433901207496457840329658855173594098500005838642396329275570281052845880964,0.001,21.0,0.021,0x694f2c75cb9ae528f12fa28f53d6bf6342601c6b1a0a4120d80f4208f2d5d7f2,trades_4339186_0.json,6
4339186,0x48482fd9a3872543534348570ee6421cbc0f1742b0887f1e33126883b9f778cf,0x1bbe68c9832bf9655414ddb89b1fac432f89f8b0,Crypto;Politics,1788962152,2026-09-09T13:55:52+00:00,SELL,Yes,0,97236330897070950292720830345665491942542609545937117798868834122164571073854,0.999,21.0,20.979,0x694f2c75cb9ae528f12fa28f53d6bf6342601c6b1a0a4120d80f4208f2d5d7f2,trades_4339186_0.json,7
4339186,0x48482fd9a3872543534348570ee6421cbc0f1742b0887f1e33126883b9f778cf,0x816b8451382b8e9cb66972fa4dd4777091739ec7,Crypto;Politics,1788960127,2026-09-09T13:22:07+00:00,BUY,Yes,0,97236330897070950292720830345665491942542609545937117798868834122164571073854,0.998999991,100.100101,99.99999999809909,0x3d637ff829d15dabbb7cbb41a34c63b13f3ee2dec97b805f9e89ca8efc6d0bc7,trades_4339186_0.json,8
4339186,0x48482fd9a3872543534348570ee6421cbc0f1742b0887f1e33126883b9f778cf,0x1bbe68c9832bf9655414ddb89b1fac432f89f8b0,Crypto;Politics,1788960127,2026-09-09T13:22:07+00:00,SELL,Yes,0,97236330897070950292720830345665491942542609545937117798868834122164571073854,0.998999991,100.100101,99.99999999809909,0x3d637ff829d15dabbb7cbb41a34c63b13f3ee2dec97b805f9e89ca8efc6d0bc7,trades_4339186_0.json,9
4339186,0x48482fd9a3872543534348570ee6421cbc0f1742b0887f1e33126883b9f778cf,0x95172e263f7d5761099126e33ce08f41038ef0b3,Crypto;Politics,1788959842,2026-09-09T13:17:22+00:00,SELL,Yes,0,97236330897070950292720830345665491942542609545937117798868834122164571073854,0.9868519995,163.04,160.89634999848,0x9f6d9dbe0300d224386b9e69fb17e1581c3961383bbe53a1b573c6aed05a9b95,trades_4339186_0.json,10
4339186,0x48482fd9a3872543534348570ee6421cbc0f1742b0887f1e33126883b9f778cf,0x9b559c039873cd794668492af33b748b6b0a1167,Crypto;Politics,1788959842,2026-09-09T13:17:22+00:00,BUY,Yes,0,97236330897070950292720830345665491942542609545937117798868834122164571073854,0.98,84.2,82.516,0x9f6d9dbe0300d224386b9e69fb17e1581c3961383bbe53a1b573c6aed05a9b95,trades_4339186_0.json,11
4339186,0x48482fd9a3872543534348570ee6421cbc0f1742b0887f1e33126883b9f778cf,0x90b8a592168217809c2d79366dfe682b80278665,Crypto;Politics,1788959842,2026-09-09T13:17:22+00:00,SELL,No,1,92433901207496457840329658855173594098500005838642396329275570281052845880964,0.016,5.95,0.0952,0x9f6d9dbe0300d224386b9e69fb17e1581c3961383bbe53a1b573c6aed05a9b95,trades_4339186_0.json,12
4339186,0x48482fd9a3872543534348570ee6421cbc0f1742b0887f1e33126883b9f778cf,0xf03d13c94373e052a177601419291ce2fafe21fb,Crypto;Politics,1788959842,2026-09-09T13:17:22+00:00,SELL,No,1,92433901207496457840329658855173594098500005838642396329275570281052845880964,0.005,72.89,0.36445,0x9f6d9dbe0300d224386b9e69fb17e1581c3961383bbe53a1b573c6aed05a9b95,trades_4339186_0.json,13
4339186,0x48482fd9a3872543534348570ee6421cbc0f1742b0887f1e33126883b9f778cf,0x73f07a2a9e2b7b4e2d48b5016a4e3d8cdad6a57d,Crypto;Politics,1788959649,2026-09-09T13:14:09+00:00,BUY,Yes,0,97236330897070950292720830345665491942542609545937117798868834122164571073854,0.999,100.0,99.9,0x750744928baff623d81a97bfb2a71b76c33d97ae4c469e114e67908aae46dfde,trades_4339186_0.json,14
4339186,0x48482fd9a3872543534348570ee6421cbc0f1742b0887f1e33126883b9f778cf,0xf03d13c94373e052a177601419291ce2fafe21fb,Crypto;Politics,1788959649,2026-09-09T13:14:09+00:00,BUY,No,1,92433901207496457840329658855173594098500005838642396329275570281052845880964,0.001,100.0,0.1,0x750744928baff623d81a97bfb2a71b76c33d97ae4c469e114e67908aae46dfde,trades_4339186_0.json,15
4339186,0x48482fd9a3872543534348570ee6421cbc0f1742b0887f1e33126883b9f778cf,0x9e604ba494b121bebc02dddb99411bf4ae24fe68,Crypto;Politics,1788959649,2026-09-09T13:14:09+00:00,BUY,Yes,0,97236330897070950292720830345665491942542609545937117798868834122164571073854,0.999,500.0,499.5,0xf4589a70685b54b9d10d080ced4009d50c4a9144f09a1c533ad516e1e7b72bde,trades_4339186_0.json,16
4339186,0x48482fd9a3872543534348570ee6421cbc0f1742b0887f1e33126883b9f778cf,0x1bbe68c9832bf9655414ddb89b1fac432f89f8b0,Crypto;Politics,1788959649,2026-09-09T13:14:09+00:00,SELL,Yes,0,97236330897070950292720830345665491942542609545937117798868834122164571073854,0.999,287.13,286.84287,0xf4589a70685b54b9d10d080ced4009d50c4a9144f09a1c533ad516e1e7b72bde,trades_4339186_0.json,17
4339186,0x48482fd9a3872543534348570ee6421cbc0f1742b0887f1e33126883b9f778cf,0x550f24294a07a2946a86b73bb32a601411577dad,Crypto;Politics,1788959649,2026-09-09T13:14:09+00:00,BUY,No,1,92433901207496457840329658855173594098500005838642396329275570281052845880964,0.001,20.0,0.02,0xf4589a70685b54b9d10d080ced4009d50c4a9144f09a1c533ad516e1e7b72bde,trades_4339186_0.json,18
4339186,0x48482fd9a3872543534348570ee6421cbc0f1742b0887f1e33126883b9f778cf,0xf03d13c94373e052a177601419291ce2fafe21fb,Crypto;Politics,1788959649,2026-09-09T13:14:09+00:00,BUY,No,1,92433901207496457840329658855173594098500005838642396329275570281052845880964,0.001,192.87,0.19287,0xf4589a70685b54b9d10d080ced4009d50c4a9144f09a1c533ad516e1e7b72bde,trades_4339186_0.json,19
4339186,0x48482fd9a3872543534348570ee6421cbc0f1742b0887f1e33126883b9f778cf,0x50b4ab8658dd8c9901c69208d275d81cdeaac879,Crypto;Politics,1788959647,2026-09-09T13:14:07+00:00,BUY,Yes,0,97236330897070950292720830345665491942542609545937117798868834122164571073854,0.999,100.1,99.9999,0xffb56adc2a76c63f65cf6c32bcff37dd35b93e691902f8952b2fb4be973cb9bd,trades_4339186_0.json,20
4339186,0x48482fd9a3872543534348570ee6421cbc0f1742b0887f1e33126883b9f778cf,0xf03d13c94373e052a177601419291ce2fafe21fb,Crypto;Politics,1788959647,2026-09-09T13:14:07+00:00,BUY,No,1,92433901207496457840329658855173594098500005838642396329275570281052845880964,0.001,35.1,0.0351,0xffb56adc2a76c63f65cf6c32bcff37dd35b93e691902f8952b2fb4be973cb9bd,trades_4339186_0.json,21
4339186,0x48482fd9a3872543534348570ee6421cbc0f1742b0887f1e33126883b9f778cf,0x3329cfc2b8d8ceb8d198f081bdf4262f421f43a6,Crypto;Politics,1788959647,2026-09-09T13:14:07+00:00,BUY,No,1,92433901207496457840329658855173594098500005838642396329275570281052845880964,0.001,10.0,0.01,0xffb56adc2a76c63f65cf6c32bcff37dd35b93e691902f8952b2fb4be973cb9bd,trades_4339186_0.json,22
4339186,0x48482fd9a3872543534348570ee6421cbc0f1742b0887f1e33126883b9f778cf,0xeab7b0a830a1755f1296fee950b3080e3529b389,Crypto;Politics,1788959647,2026-09-09T13:14:07+00:00,BUY,No,1,92433901207496457840329658855173594098500005838642396329275570281052845880964,0.001,5.0,0.005,0xffb56adc2a76c63f65cf6c32bcff37dd35b93e691902f8952b2fb4be973cb9bd,trades_4339186_0.json,23
4339186,0x48482fd9a3872543534348570ee6421cbc0f1742b0887f1e33126883b9f778cf,0x9a94e5b4f0d6c646ed49e832cf8142c45474d5f9,Crypto;Politics,1788959647,2026-09-09T13:14:07+00:00,BUY,No,1,92433901207496457840329658855173594098500005838642396329275570281052845880964,0.001,50.0,0.05,0xffb56adc2a76c63f65cf6c32bcff37dd35b93e691902f8952b2fb4be973cb9bd,trades_4339186_0.json,24
4339186,0x48482fd9a3872543534348570ee6421cbc0f1742b0887f1e33126883b9f778cf,0x9b559c039873cd794668492af33b748b6b0a1167,Crypto;Politics,1788959190,2026-09-09T13:06:30+00:00,BUY,Yes,0,97236330897070950292720830345665491942542609545937117798868834122164571073854,0.992,265.0,262.88,0x7948828bca9683de932f6520293df5d7a459114ea47dcc5444a030d4bec02879,trades_4339186_0.json,25
4339186,0x48482fd9a3872543534348570ee6421cbc0f1742b0887f1e33126883b9f778cf,0x0c28d976bbfaad597a678f6fc3794d6ba56a9844,Crypto;Politics,1788959190,2026-09-09T13:06:30+00:00,BUY,No,1,92433901207496457840329658855173594098500005838642396329275570281052845880964,0.008,265.0,2.12,0x7948828bca9683de932f6520293df5d7a459114ea47dcc5444a030d4bec02879,trades_4339186_0.json,26
4339186,0x48482fd9a3872543534348570ee6421cbc0f1742b0887f1e33126883b9f778cf,0xda68a76eb2575456af9c65d375fa2cba049b6b7b,Crypto;Politics,1788958896,2026-09-09T13:01:36+00:00,BUY,Yes,0,97236330897070950292720830345665491942542609545937117798868834122164571073854,0.9896138933,11829.19,11706.330770485429,0x526c5e8e0f1cb3327e226741ce75f3dcbc04016457c2da67d0c3da91928425b3,trades_4339186_0.json,27
4339186,0x48482fd9a3872543534348570ee6421cbc0f1742b0887f1e33126883b9f778cf,0x2c3928af89565c352afe8e2a1b25deed77a056dc,Crypto;Politics,1788958896,2026-09-09T13:01:36+00:00,BUY,No,1,92433901207496457840329658855173594098500005838642396329275570281052845880964,0.01,9999.0,99.99000000000001,0x526c5e8e0f1cb3327e226741ce75f3dcbc04016457c2da67d0c3da91928425b3,trades_4339186_0.json,28
4339186,0x48482fd9a3872543534348570ee6421cbc0f1742b0887f1e33126883b9f778cf,0x229c0a7d92977a9934e5ac2348d507988996b966,Crypto;Politics,1788958896,2026-09-09T13:01:36+00:00,BUY,No,1,92433901207496457840329658855173594098500005838642396329275570281052845880964,0.01,100.0,1.0,0x526c5e8e0f1cb3327e226741ce75f3dcbc04016457c2da67d0c3da91928425b3,trades_4339186_0.json,29
4339186,0x48482fd9a3872543534348570ee6421cbc0f1742b0887f1e33126883b9f778cf,0x46b353667fd7d846af3bbeda6584b0e5b883d3de,Crypto;Politics,1788958896,2026-09-09T13:01:36+00:00,BUY,No,1,92433901207496457840329658855173594098500005838642396329275570281052845880964,0.01,8.0,0.08,0x526c5e8e0f1cb3327e226741ce75f3dcbc04016457c2da67d0c3da91928425b3,trades_4339186_0.json,30
4339186,0x48482fd9a3872543534348570ee6421cbc0f1742b0887f1e33126883b9f778cf,0xf9c011f7b67d07b035aed2d86d8572e0328262b2,Crypto;Politics,1788958896,2026-09-09T13:01:36+00:00,SELL,Yes,0,97236330897070950292720830345665491942542609545937117798868834122164571073854,0.988,599.24,592.04912,0x526c5e8e0f1cb3327e226741ce75f3dcbc04016457c2da67d0c3da91928425b3,trades_4339186_0.json,31
4339186,0x48482fd9a3872543534348570ee6421cbc0f1742b0887f1e33126883b9f778cf,0x90b8a592168217809c2d79366dfe682b80278665,Crypto;Politics,1788958896,2026-09-09T13:01:36+00:00,BUY,No,1,92433901207496457840329658855173594098500005838642396329275570281052845880964,0.013,5.95,0.07735,0x526c5e8e0f1cb3327e226741ce75f3dcbc04016457c2da67d0c3da91928425b3,trades_4339186_0.json,32
4339186,0x48482fd9a3872543534348570ee6421cbc0f1742b0887f1e33126883b9f778cf,0xee6712ea09d6a9c86793bb6dde10ea59040e67a6,Crypto;Politics,1788958896,2026-09-09T13:01:36+00:00,BUY,No,1,92433901207496457840329658855173594098500005838642396329275570281052845880964,0.013,1107.0,14.391,0x526c5e8e0f1cb3327e226741ce75f3dcbc04016457c2da67d0c3da91928425b3,trades_4339186_0.json,33
4339186,0x48482fd9a3872543534348570ee6421cbc0f1742b0887f1e33126883b9f778cf,0x510f4963b66b1b18505faab74b0bb943d1dda43c,Crypto;Politics,1788958896,2026-09-09T13:01:36+00:00,BUY,No,1,92433901207496457840329658855173594098500005838642396329275570281052845880964,0.013,10.0,0.13,0x526c5e8e0f1cb3327e226741ce75f3dcbc04016457c2da67d0c3da91928425b3,trades_4339186_0.json,34
4339186,0x48482fd9a3872543534348570ee6421cbc0f1742b0887f1e33126883b9f778cf,0x62cf8fffcdfb3943a165da92a7889517cec8b4f8,Crypto;Politics,1788958896,2026-09-09T13:01:36+00:00,BUY,No,1,92433901207496457840329658855173594098500005838642396329275570281052845880964,0.01,20.0,0.2,0x91a04919ff317b78032715091d61522b39371cf3728093d06a4c306fdd7a4856,trades_4339186_0.json,35
4339186,0x48482fd9a3872543534348570ee6421cbc0f1742b0887f1e33126883b9f778cf,0xda68a76eb2575456af9c65d375fa2cba049b6b7b,Crypto;Politics,1788958896,2026-09-09T13:01:36+00:00,BUY,Yes,0,97236330897070950292720830345665491942542609545937117798868834122164571073854,0.99,20.0,19.8,0x91a04919ff317b78032715091d61522b39371cf3728093d06a4c306fdd7a4856,trades_4339186_0.json,36
4339186,0x48482fd9a3872543534348570ee6421cbc0f1742b0887f1e33126883b9f778cf,0xc4567fe2a835b23f40db07f567ba0efbbdc98996,Crypto;Politics,1788958882,2026-09-09T13:01:22+00:00,SELL,No,1,92433901207496457840329658855173594098500005838642396329275570281052845880964,0.013,20.0,0.26,0x747d59c656381ee07f7458599974fbe9e07e45a4de23da99a39961b7fde35e0f,trades_4339186_0.json,37
4339186,0x48482fd9a3872543534348570ee6421cbc0f1742b0887f1e33126883b9f778cf,0x510f4963b66b1b18505faab74b0bb943d1dda43c,Crypto;Politics,1788958882,2026-09-09T13:01:22+00:00,BUY,No,1,92433901207496457840329658855173594098500005838642396329275570281052845880964,0.013,20.0,0.26,0x747d59c656381ee07f7458599974fbe9e07e45a4de23da99a39961b7fde35e0f,trades_4339186_0.json,38
4339186,0x48482fd9a3872543534348570ee6421cbc0f1742b0887f1e33126883b9f778cf,0xa84f6eac41dcefff5c8f59b28fcaa31af9dcbc44,Crypto;Politics,1788958429,2026-09-09T12:53:49+00:00,SELL,Yes,0,97236330897070950292720830345665491942542609545937117798868834122164571073854,0.9618625217,40.37,38.830390001028995,0x6a56763cf56d63cbcee2da0181262f278199402b2f2d963d6ff347f4c730f93b,trades_4339186_0.json,39
4339186,0x48482fd9a3872543534348570ee6421cbc0f1742b0887f1e33126883b9f778cf,0x44a0152818fcf1aca60f70fb822774d27adf76e5,Crypto;Politics,1788958429,2026-09-09T12:53:49+00:00,BUY,Yes,0,97236330897070950292720830345665491942542609545937117798868834122164571073854,0.961,5.55,5.33355,0x6a56763cf56d63cbcee2da0181262f278199402b2f2d963d6ff347f4c730f93b,trades_4339186_0.json,40
4339186,0x48482fd9a3872543534348570ee6421cbc0f1742b0887f1e33126883b9f778cf,0xf9c011f7b67d07b035aed2d86d8572e0328262b2,Crypto;Politics,1788958429,2026-09-09T12:53:49+00:00,SELL,No,1,92433901207496457840329658855173594098500005838642396329275570281052845880964,0.038,34.82,1.32316,0x6a56763cf56d63cbcee2da0181262f278199402b2f2d963d6ff347f4c730f93b,trades_4339186_0.json,41
4339186,0x48482fd9a3872543534348570ee6421cbc0f1742b0887f1e33126883b9f778cf,0x67d657e52db60591b27b411f0ed1dbde811c245e,Crypto;Politics,1788958333,2026-09-09T12:52:13+00:00,BUY,No,1,92433901207496457840329658855173594098500005838642396329275570281052845880964,0.021,2056.0,43.176,0x40ab1950f0f43a45fe80b2ba0928fdc33af80a4515f7d3de80b14b2b839533e0,trades_4339186_0.json,42
4339186,0x48482fd9a3872543534348570ee6421cbc0f1742b0887f1e33126883b9f778cf,0xee6712ea09d6a9c86793bb6dde10ea59040e67a6,Crypto;Politics,1788958333,2026-09-09T12:52:13+00:00,SELL,No,1,92433901207496457840329658855173594098500005838642396329275570281052845880964,0.021,2056.0,43.176,0x40ab1950f0f43a45fe80b2ba0928fdc33af80a4515f7d3de80b14b2b839533e0,trades_4339186_0.json,43
4339186,0x48482fd9a3872543534348570ee6421cbc0f1742b0887f1e33126883b9f778cf,0xdcdb967a0c68bb9da22602898673971fc4a441b4,Crypto;Politics,1788956244,2026-09-09T12:17:24+00:00,SELL,Yes,0,97236330897070950292720830345665491942542609545937117798868834122164571073854,0.973,30.0,29.189999999999998,0xe588780f8c7b1ee6e80fbea2ea7cb83e58c9b7f6dec3d00477c949fcac65db06,trades_4339186_0.json,44
4339186,0x48482fd9a3872543534348570ee6421cbc0f1742b0887f1e33126883b9f778cf,0x510f4963b66b1b18505faab74b0bb943d1dda43c,Crypto;Politics,1788956244,2026-09-09T12:17:24+00:00,SELL,No,1,92433901207496457840329658855173594098500005838642396329275570281052845880964,0.027,30.0,0.8099999999999999,0xe588780f8c7b1ee6e80fbea2ea7cb83e58c9b7f6dec3d00477c949fcac65db06,trades_4339186_0.json,45
4339186,0x48482fd9a3872543534348570ee6421cbc0f1742b0887f1e33126883b9f778cf,0xd1db2b2e14df76973e009f5b010dc16798ced54f,Crypto;Politics,1788956106,2026-09-09T12:15:06+00:00,SELL,No,1,92433901207496457840329658855173594098500005838642396329275570281052845880964,0.0135697877,3308.25,44.892250158525,0x54097897dbb16bf3ce395d24b59756cb0c0acf335f7a82a602c26473a789947b,trades_4339186_0.json,46
4339186,0x48482fd9a3872543534348570ee6421cbc0f1742b0887f1e33126883b9f778cf,0x25a74e4d0795b842a4e8e934620781e3c5f48b7c,Crypto;Politics,1788956106,2026-09-09T12:15:06+00:00,SELL,Yes,0,97236330897070950292720830345665491942542609545937117798868834122164571073854,0.987,746.95,737.23965,0x54097897dbb16bf3ce395d24b59756cb0c0acf335f7a82a602c26473a789947b,trades_4339186_0.json,47
4339186,0x48482fd9a3872543534348570ee6421cbc0f1742b0887f1e33126883b9f778cf,0x0c28d976bbfaad597a678f6fc3794d6ba56a9844,Crypto;Politics,1788956106,2026-09-09T12:15:06+00:00,BUY,No,1,92433901207496457840329658855173594098500005838642396329275570281052845880964,0.013,676.3,8.791899999999998,0x54097897dbb16bf3ce395d24b59756cb0c0acf335f7a82a602c26473a789947b,trades_4339186_0.json,48
4339186,0x48482fd9a3872543534348570ee6421cbc0f1742b0887f1e33126883b9f778cf,0x4ffe49ba2a4cae123536a8af4fda48faeb609f71,Crypto;Politics,1788956106,2026-09-09T12:15:06+00:00,BUY,No,1,92433901207496457840329658855173594098500005838642396329275570281052845880964,0.014,857.0,11.998000000000001,0x54097897dbb16bf3ce395d24b59756cb0c0acf335f7a82a602c26473a789947b,trades_4339186_0.json,49
4339186,0x48482fd9a3872543534348570ee6421cbc0f1742b0887f1e33126883b9f778cf,0xee6712ea09d6a9c86793bb6dde10ea59040e67a6,Crypto;Politics,1788956106,2026-09-09T12:15:06+00:00,BUY,No,1,92433901207496457840329658855173594098500005838642396329275570281052845880964,0.014,1028.0,14.392,0x54097897dbb16bf3ce395d24b59756cb0c0acf335f7a82a602c26473a789947b,trades_4339186_0.json,50
4339186,0x48482fd9a3872543534348570ee6421cbc0f1742b0887f1e33126883b9f778cf,0x1bbe68c9832bf9655414ddb89b1fac432f89f8b0,Crypto;Politics,1788955539,2026-09-09T12:05:39+00:00,BUY,Yes,0,97236330897070950292720830345665491942542609545937117798868834122164571073854,0.986,1028.0,1013.608,0x8bcccb9ac942882e14ae21309ccd138826fcfc535ba13c559e5b6804cdbba23f,trades_4339186_0.json,51
4339186,0x48482fd9a3872543534348570ee6421cbc0f1742b0887f1e33126883b9f778cf,0xee6712ea09d6a9c86793bb6dde10ea59040e67a6,Crypto;Politics,1788955539,2026-09-09T12:05:39+00:00,BUY,No,1,92433901207496457840329658855173594098500005838642396329275570281052845880964,0.014,1028.0,14.392,0x8bcccb9ac942882e14ae21309ccd138826fcfc535ba13c559e5b6804cdbba23f,trades_4339186_0.json,52
4339186,0x48482fd9a3872543534348570ee6421cbc0f1742b0887f1e33126883b9f778cf,0xdcdb967a0c68bb9da22602898673971fc4a441b4,Crypto;Politics,1788955464,2026-09-09T12:04:24+00:00,BUY,Yes,0,97236330897070950292720830345665491942542609545937117798868834122164571073854,0.985,30.0,29.55,0x7e780edfebf15a0b0959dcf7a8739741157d201445b7c333e3b84d3045775590,trades_4339186_0.json,53
4339186,0x48482fd9a3872543534348570ee6421cbc0f1742b0887f1e33126883b9f778cf,0x510f4963b66b1b18505faab74b0bb943d1dda43c,Crypto;Politics,1788955464,2026-09-09T12:04:24+00:00,BUY,No,1,92433901207496457840329658855173594098500005838642396329275570281052845880964,0.015,30.0,0.44999999999999996,0x7e780edfebf15a0b0959dcf7a8739741157d201445b7c333e3b84d3045775590,trades_4339186_0.json,54
4339186,0x48482fd9a3872543534348570ee6421cbc0f1742b0887f1e33126883b9f778cf,0xf9c011f7b67d07b035aed2d86d8572e0328262b2,Crypto;Politics,1788954453,2026-09-09T11:47:33+00:00,SELL,Yes,0,97236330897070950292720830345665491942542609545937117798868834122164571073854,0.975,48.75,47.53125,0x01b516ed97bbd3641a09ff3d921b53e1a3c9040c0aae4f1d646daa4e3149c46c,trades_4339186_0.json,55
4339186,0x48482fd9a3872543534348570ee6421cbc0f1742b0887f1e33126883b9f778cf,0xfe41328c99802a1103d74514f71a16b0eee19f23,Crypto;Politics,1788954453,2026-09-09T11:47:33+00:00,SELL,No,1,92433901207496457840329658855173594098500005838642396329275570281052845880964,0.025,35.0,0.875,0x01b516ed97bbd3641a09ff3d921b53e1a3c9040c0aae4f1d646daa4e3149c46c,trades_4339186_0.json,56
4339186,0x48482fd9a3872543534348570ee6421cbc0f1742b0887f1e33126883b9f778cf,0xac6a1ca423ef87d52b6baa7afb70c90229d22ed3,Crypto;Politics,1788954453,2026-09-09T11:47:33+00:00,BUY,Yes,0,97236330897070950292720830345665491942542609545937117798868834122164571073854,0.975,13.75,13.40625,0x01b516ed97bbd3641a09ff3d921b53e1a3c9040c0aae4f1d646daa4e3149c46c,trades_4339186_0.json,57
4339186,0x48482fd9a3872543534348570ee6421cbc0f1742b0887f1e33126883b9f778cf,0xf9c011f7b67d07b035aed2d86d8572e0328262b2,Crypto;Politics,1788954429,2026-09-09T11:47:09+00:00,SELL,Yes,0,97236330897070950292720830345665491942542609545937117798868834122164571073854,0.976,50.0,48.8,0x780758cd489345ef02203aabe81175c219e59383aca8d30a8efefc364e069d46,trades_4339186_0.json,58
4339186,0x48482fd9a3872543534348570ee6421cbc0f1742b0887f1e33126883b9f778cf,0x2762873b815644d5b13790aeed3fcaed7d222cf6,Crypto;Politics,1788954429,2026-09-09T11:47:09+00:00,SELL,No,1,92433901207496457840329658855173594098500005838642396329275570281052845880964,0.024,50.0,1.2,0x780758cd489345ef02203aabe81175c219e59383aca8d30a8efefc364e069d46,trades_4339186_0.json,59
4339186,0x48482fd9a3872543534348570ee6421cbc0f1742b0887f1e33126883b9f778cf,0x6552f4d9d85e9d5724716659af62414cfbabbaa4,Crypto;Politics,1788951958,2026-09-09T11:05:58+00:00,BUY,Yes,0,97236330897070950292720830345665491942542609545937117798868834122164571073854,0.9814565465,509.446905,500.0000000064136,0x310744a0e93c61b534f441549f5bf959475fc47b42f2b2f237defa16573b5c2d,trades_4339186_0.json,60
4339186,0x48482fd9a3872543534348570ee6421cbc0f1742b0887f1e33126883b9f778cf,0xf9c011f7b67d07b035aed2d86d8572e0328262b2,Crypto;Politics,1788951958,2026-09-09T11:05:58+00:00,SELL,Yes,0,97236330897070950292720830345665491942542609545937117798868834122164571073854,0.9819999946,132.586905,130.2003399940307,0x310744a0e93c61b534f441549f5bf959475fc47b42f2b2f237defa16573b5c2d,trades_4339186_0.json,61
4339186,0x48482fd9a3872543534348570ee6421cbc0f1742b0887f1e33126883b9f778cf,0xd27798bcf54f71fc61e0c0390bf0a6cda120f4bc,Crypto;Politics,1788951958,2026-09-09T11:05:58+00:00,BUY,No,1,92433901207496457840329658855173594098500005838642396329275570281052845880964,0.018,100.0,1.7999999999999998,0x310744a0e93c61b534f441549f5bf959475fc47b42f2b2f237defa16573b5c2d,trades_4339186_0.json,62
4339186,0x48482fd9a3872543534348570ee6421cbc0f1742b0887f1e33126883b9f778cf,0xf9c011f7b67d07b035aed2d86d8572e0328262b2,Crypto;Politics,1788951958,2026-09-09T11:05:58+00:00,SELL,Yes,0,97236330897070950292720830345665491942542609545937117798868834122164571073854,0.981,276.86,271.59966000000003,0x310744a0e93c61b534f441549f5bf959475fc47b42f2b2f237defa16573b5c2d,trades_4339186_0.json,63
4339186,0x48482fd9a3872543534348570ee6421cbc0f1742b0887f1e33126883b9f778cf,0xd27798bcf54f71fc61e0c0390bf0a6cda120f4bc,Crypto;Politics,1788949003,2026-09-09T10:16:43+00:00,BUY,No,1,92433901207496457840329658855173594098500005838642396329275570281052845880964,0.0304017975,610.161291,18.550000011320574,0xb89c3a915e54602e9c68ec304bb1673e98f592c5e4010b269b299ea616bfe479,trades_4339186_0.json,64
4339186,0x48482fd9a3872543534348570ee6421cbc0f1742b0887f1e33126883b9f778cf,0x5188fa0e8a77e87bc6a58e6781fdfc4e165cc804,Crypto;Politics,1788949003,2026-09-09T10:16:43+00:00,SELL,No,1,92433901207496457840329658855173594098500005838642396329275570281052845880964,0.031,520.161291,16.125000021,0xb89c3a915e54602e9c68ec304bb1673e98f592c5e4010b269b299ea616bfe479,trades_4339186_0.json,65
4339186,0x48482fd9a3872543534348570ee6421cbc0f1742b0887f1e33126883b9f778cf,0xfe41328c99802a1103d74514f71a16b0eee19f23,Crypto;Politics,1788949003,2026-09-09T10:16:43+00:00,SELL,No,1,92433901207496457840329658855173594098500005838642396329275570281052845880964,0.03,35.0,1.05,0xb89c3a915e54602e9c68ec304bb1673e98f592c5e4010b269b299ea616bfe479,trades_4339186_0.json,66
4339186,0x48482fd9a3872543534348570ee6421cbc0f1742b0887f1e33126883b9f778cf,0xeec50edede5d961efb02e20bfd3275dd1e7fb6fe,Crypto;Politics,1788949003,2026-09-09T10:16:43+00:00,BUY,Yes,0,97236330897070950292720830345665491942542609545937117798868834122164571073854,0.975,55.0,53.625,0xb89c3a915e54602e9c68ec304bb1673e98f592c5e4010b269b299ea616bfe479,trades_4339186_0.json,67
4339186,0x48482fd9a3872543534348570ee6421cbc0f1742b0887f1e33126883b9f778cf,0xd1db2b2e14df76973e009f5b010dc16798ced54f,Crypto;Politics,1788945052,2026-09-09T09:10:52+00:00,BUY,No,1,92433901207496457840329658855173594098500005838642396329275570281052845880964,0.030227388,3308.258065,100.00000013488422,0x43448f0fb12573e20f7bc36b48c05a728a3a3dcd8f692a695333d70b3183c5ad,trades_4339186_0.json,68
4339186,0x48482fd9a3872543534348570ee6421cbc0f1742b0887f1e33126883b9f778cf,0x5188fa0e8a77e87bc6a58e6781fdfc4e165cc804,Crypto;Politics,1788945052,2026-09-09T09:10:52+00:00,SELL,No,1,92433901207496457840329658855173594098500005838642396329275570281052845880964,0.031,1882.258065,58.350000015,0x43448f0fb12573e20f7bc36b48c05a728a3a3dcd8f692a695333d70b3183c5ad,trades_4339186_0.json,69
4339186,0x48482fd9a3872543534348570ee6421cbc0f1742b0887f1e33126883b9f778cf,0x6a2f0438131fb53ade99442ead13558eece87105,Crypto;Politics,1788945052,2026-09-09T09:10:52+00:00,BUY,Yes,0,97236330897070950292720830345665491942542609545937117798868834122164571073854,0.969,1000.0,969.0,0x43448f0fb12573e20f7bc36b48c05a728a3a3dcd8f692a695333d70b3183c5ad,trades_4339186_0.json,70
4339186,0x48482fd9a3872543534348570ee6421cbc0f1742b0887f1e33126883b9f778cf,0xfe41328c99802a1103d74514f71a16b0eee19f23,Crypto;Politics,1788945052,2026-09-09T09:10:52+00:00,SELL,No,1,92433901207496457840329658855173594098500005838642396329275570281052845880964,0.025,200.0,5.0,0x43448f0fb12573e20f7bc36b48c05a728a3a3dcd8f692a695333d70b3183c5ad,trades_4339186_0.json,71
4339186,0x48482fd9a3872543534348570ee6421cbc0f1742b0887f1e33126883b9f778cf,0x4c9affa3a4f5ba6b9ab3dd272c20e47ea47e0cd4,Crypto;Politics,1788945052,2026-09-09T09:10:52+00:00,SELL,No,1,92433901207496457840329658855173594098500005838642396329275570281052845880964,0.025,26.0,0.65,0x43448f0fb12573e20f7bc36b48c05a728a3a3dcd8f692a695333d70b3183c5ad,trades_4339186_0.json,72
4339186,0x48482fd9a3872543534348570ee6421cbc0f1742b0887f1e33126883b9f778cf,0xee6712ea09d6a9c86793bb6dde10ea59040e67a6,Crypto;Politics,1788945052,2026-09-09T09:10:52+00:00,SELL,No,1,92433901207496457840329658855173594098500005838642396329275570281052845880964,0.025,200.0,5.0,0x43448f0fb12573e20f7bc36b48c05a728a3a3dcd8f692a695333d70b3183c5ad,trades_4339186_0.json,73
4339186,0x48482fd9a3872543534348570ee6421cbc0f1742b0887f1e33126883b9f778cf,0xb425474b8254340c45febfbf670877a450f7ed54,Crypto;Politics,1788936714,2026-09-09T06:51:54+00:00,BUY,Yes,0,97236330897070950292720830345665491942542609545937117798868834122164571073854,0.986,200.0,197.2,0xd6454421538dcc66707f7305522f71b793a7f6b28182c176891b744fca0e5a93,trades_4339186_0.json,74
4339186,0x48482fd9a3872543534348570ee6421cbc0f1742b0887f1e33126883b9f778cf,0xee6712ea09d6a9c86793bb6dde10ea59040e67a6,Crypto;Politics,1788936714,2026-09-09T06:51:54+00:00,BUY,No,1,92433901207496457840329658855173594098500005838642396329275570281052845880964,0.014,200.0,2.8000000000000003,0xd6454421538dcc66707f7305522f71b793a7f6b28182c176891b744fca0e5a93,trades_4339186_0.json,75
4339186,0x48482fd9a3872543534348570ee6421cbc0f1742b0887f1e33126883b9f778cf,0x43e2edf8d9b5acc69e419f660b265c5c94535fbd,Crypto;Politics,1788931686,2026-09-09T05:28:06+00:00,SELL,Yes,0,97236330897070950292720830345665491942542609545937117798868834122164571073854,0.974,100.0,97.39999999999999,0x4b0512b99c981a80f945e02e42e3662abc0d19176bdd9d8c4d16529b91c917a5,trades_4339186_0.json,76
4339186,0x48482fd9a3872543534348570ee6421cbc0f1742b0887f1e33126883b9f778cf,0xfe41328c99802a1103d74514f71a16b0eee19f23,Crypto;Politics,1788931686,2026-09-09T05:28:06+00:00,SELL,No,1,92433901207496457840329658855173594098500005838642396329275570281052845880964,0.026,70.0,1.8199999999999998,0x4b0512b99c981a80f945e02e42e3662abc0d19176bdd9d8c4d16529b91c917a5,trades_4339186_0.json,77
4339186,0x48482fd9a3872543534348570ee6421cbc0f1742b0887f1e33126883b9f778cf,0x510f4963b66b1b18505faab74b0bb943d1dda43c,Crypto;Politics,1788931686,2026-09-09T05:28:06+00:00,SELL,No,1,92433901207496457840329658855173594098500005838642396329275570281052845880964,0.026,30.0,0.7799999999999999,0x4b0512b99c981a80f945e02e42e3662abc0d19176bdd9d8c4d16529b91c917a5,trades_4339186_0.json,78
4339186,0x48482fd9a3872543534348570ee6421cbc0f1742b0887f1e33126883b9f778cf,0x06521fb68bb128840b62ea646fcb2d40682c9134,Crypto;Politics,1788924195,2026-09-09T03:23:15+00:00,SELL,No,1,92433901207496457840329658855173594098500005838642396329275570281052845880964,0.0162863333,600.0,9.77179998,0xae9db14089d66824d4e230a05c9a8c22be427fccb27a90b91a77e21528676452,trades_4339186_0.json,79
4339186,0x48482fd9a3872543534348570ee6421cbc0f1742b0887f1e33126883b9f778cf,0x0c28d976bbfaad597a678f6fc3794d6ba56a9844,Crypto;Politics,1788924195,2026-09-09T03:23:15+00:00,BUY,No,1,92433901207496457840329658855173594098500005838642396329275570281052845880964,0.013,49.7,0.6461,0xae9db14089d66824d4e230a05c9a8c22be427fccb27a90b91a77e21528676452,trades_4339186_0.json,80
4339186,0x48482fd9a3872543534348570ee6421cbc0f1742b0887f1e33126883b9f778cf,0xa57966df81fac0d869e32336c42bca34e27aaad0,Crypto;Politics,1788924195,2026-09-09T03:23:15+00:00,SELL,Yes,0,97236330897070950292720830345665491942542609545937117798868834122164571073854,0.985,255.0,251.17499999999998,0xae9db14089d66824d4e230a05c9a8c22be427fccb27a90b91a77e21528676452,trades_4339186_0.json,81
4339186,0x48482fd9a3872543534348570ee6421cbc0f1742b0887f1e33126883b9f778cf,0x2762873b815644d5b13790aeed3fcaed7d222cf6,Crypto;Politics,1788924195,2026-09-09T03:23:15+00:00,BUY,No,1,92433901207496457840329658855173594098500005838642396329275570281052845880964,0.016,20.0,0.32,0xae9db14089d66824d4e230a05c9a8c22be427fccb27a90b91a77e21528676452,trades_4339186_0.json,82
4339186,0x48482fd9a3872543534348570ee6421cbc0f1742b0887f1e33126883b9f778cf,0xac42c7605f3133861af8edd858d8d223c9bf60d1,Crypto;Politics,1788924195,2026-09-09T03:23:15+00:00,BUY,No,1,92433901207496457840329658855173594098500005838642396329275570281052845880964,0.018,250.0,4.5,0xae9db14089d66824d4e230a05c9a8c22be427fccb27a90b91a77e21528676452,trades_4339186_0.json,83
4339186,0x48482fd9a3872543534348570ee6421cbc0f1742b0887f1e33126883b9f778cf,0x510f4963b66b1b18505faab74b0bb943d1dda43c,Crypto;Politics,1788924195,2026-09-09T03:23:15+00:00,SELL,Yes,0,97236330897070950292720830345665491942542609545937117798868834122164571073854,0.981,25.3,24.819300000000002,0xae9db14089d66824d4e230a05c9a8c22be427fccb27a90b91a77e21528676452,trades_4339186_0.json,84
4339186,0x48482fd9a3872543534348570ee6421cbc0f1742b0887f1e33126883b9f778cf,0x1bbe68c9832bf9655414ddb89b1fac432f89f8b0,Crypto;Politics,1788917550,2026-09-09T01:32:30+00:00,BUY,Yes,0,97236330897070950292720830345665491942542609545937117798868834122164571073854,0.973,170.0,165.41,0x394e9cbe0bda8b2ab1a52d65457f2ed407662663df4f2010305aaa6b38591c73,trades_4339186_0.json,85
4339186,0x48482fd9a3872543534348570ee6421cbc0f1742b0887f1e33126883b9f778cf,0xac42c7605f3133861af8edd858d8d223c9bf60d1,Crypto;Politics,1788917550,2026-09-09T01:32:30+00:00,BUY,No,1,92433901207496457840329658855173594098500005838642396329275570281052845880964,0.027,170.0,4.59,0x394e9cbe0bda8b2ab1a52d65457f2ed407662663df4f2010305aaa6b38591c73,trades_4339186_0.json,86
4339186,0x48482fd9a3872543534348570ee6421cbc0f1742b0887f1e33126883b9f778cf,0x36a7e80b487b26eebce266da0640e33dd4651aea,Crypto;Politics,1788915759,2026-09-09T01:02:39+00:00,BUY,Yes,0,97236330897070950292720830345665491942542609545937117798868834122164571073854,0.973,30.0,29.189999999999998,0x8867f27f2bd5c045c77362cc65237bf3ce13ed8690718440001c244dc130b46a,trades_4339186_0.json,87
4339186,0x48482fd9a3872543534348570ee6421cbc0f1742b0887f1e33126883b9f778cf,0xac42c7605f3133861af8edd858d8d223c9bf60d1,Crypto;Politics,1788915759,2026-09-09T01:02:39+00:00,BUY,No,1,92433901207496457840329658855173594098500005838642396329275570281052845880964,0.027,30.0,0.8099999999999999,0x8867f27f2bd5c045c77362cc65237bf3ce13ed8690718440001c244dc130b46a,trades_4339186_0.json,88
4339186,0x48482fd9a3872543534348570ee6421cbc0f1742b0887f1e33126883b9f778cf,0x36a7e80b487b26eebce266da0640e33dd4651aea,Crypto;Politics,1788915736,2026-09-09T01:02:16+00:00,BUY,Yes,0,97236330897070950292720830345665491942542609545937117798868834122164571073854,0.973,100.0,97.3,0x6d579c826516700408b5f94cdcb3ac5b4151738f935cd4c94c39b2dc4f02d382,trades_4339186_0.json,89
4339186,0x48482fd9a3872543534348570ee6421cbc0f1742b0887f1e33126883b9f778cf,0xac42c7605f3133861af8edd858d8d223c9bf60d1,Crypto;Politics,1788915736,2026-09-09T01:02:16+00:00,BUY,No,1,92433901207496457840329658855173594098500005838642396329275570281052845880964,0.027,100.0,2.7,0x6d579c826516700408b5f94cdcb3ac5b4151738f935cd4c94c39b2dc4f02d382,trades_4339186_0.json,90
4339186,0x48482fd9a3872543534348570ee6421cbc0f1742b0887f1e33126883b9f778cf,0xac42c7605f3133861af8edd858d8d223c9bf60d1,Crypto;Politics,1788913395,2026-09-09T00:23:15+00:00,BUY,No,1,92433901207496457840329658855173594098500005838642396329275570281052845880964,0.03,100.0,3.0,0x7e85b151ce5af6864dd465ac2429914b113d475c9253b0cd4b455030bd056418,trades_4339186_0.json,91
4339186,0x48482fd9a3872543534348570ee6421cbc0f1742b0887f1e33126883b9f778cf,0xfe41328c99802a1103d74514f71a16b0eee19f23,Crypto;Politics,1788913395,2026-09-09T00:23:15+00:00,SELL,No,1,92433901207496457840329658855173594098500005838642396329275570281052845880964,0.03,100.0,3.0,0x7e85b151ce5af6864dd465ac2429914b113d475c9253b0cd4b455030bd056418,trades_4339186_0.json,92
4339186,0x48482fd9a3872543534348570ee6421cbc0f1742b0887f1e33126883b9f778cf,0xe9076a87c5ed90ef16e6fe6529c943baeca0cff6,Crypto;Politics,1788911988,2026-09-08T23:59:48+00:00,SELL,Yes,0,97236330897070950292720830345665491942542609545937117798868834122164571073854,0.97,4.75,4.6075,0x8d147ed4424906cadb452d28ae53c32b50bb90619fa44573a796f134c4c6972d,trades_4339186_0.json,93
4339186,0x48482fd9a3872543534348570ee6421cbc0f1742b0887f1e33126883b9f778cf,0x25a74e4d0795b842a4e8e934620781e3c5f48b7c,Crypto;Politics,1788911988,2026-09-08T23:59:48+00:00,BUY,Yes,0,97236330897070950292720830345665491942542609545937117798868834122164571073854,0.97,4.75,4.6075,0x8d147ed4424906cadb452d28ae53c32b50bb90619fa44573a796f134c4c6972d,trades_4339186_0.json,94
4339186,0x48482fd9a3872543534348570ee6421cbc0f1742b0887f1e33126883b9f778cf,0xe9076a87c5ed90ef16e6fe6529c943baeca0cff6,Crypto;Politics,1788911980,2026-09-08T23:59:40+00:00,BUY,Yes,0,97236330897070950292720830345665491942542609545937117798868834122164571073854,0.9829999939,4.750763,4.670000000020346,0x9e34b4b322c19490232c578f222cd096d84809004591ac726d3adc06724b61ee,trades_4339186_0.json,95
4339186,0x48482fd9a3872543534348570ee6421cbc0f1742b0887f1e33126883b9f778cf,0x510f4963b66b1b18505faab74b0bb943d1dda43c,Crypto;Politics,1788911980,2026-09-08T23:59:40+00:00,SELL,Yes,0,97236330897070950292720830345665491942542609545937117798868834122164571073854,0.9829999939,4.750763,4.670000000020346,0x9e34b4b322c19490232c578f222cd096d84809004591ac726d3adc06724b61ee,trades_4339186_0.json,96
4339186,0x48482fd9a3872543534348570ee6421cbc0f1742b0887f1e33126883b9f778cf,0x2762873b815644d5b13790aeed3fcaed7d222cf6,Crypto;Politics,1788911568,2026-09-08T23:52:48+00:00,BUY,No,1,92433901207496457840329658855173594098500005838642396329275570281052845880964,0.029,30.0,0.87,0x4ffe4983ace4052916db5347f0e7701d6bb972122a4f692a39d31bf17252d8c6,trades_4339186_0.json,97
4339186,0x48482fd9a3872543534348570ee6421cbc0f1742b0887f1e33126883b9f778cf,0x510f4963b66b1b18505faab74b0bb943d1dda43c,Crypto;Politics,1788911568,2026-09-08T23:52:48+00:00,BUY,Yes,0,97236330897070950292720830345665491942542609545937117798868834122164571073854,0.971,30.0,29.13,0x4ffe4983ace4052916db5347f0e7701d6bb972122a4f692a39d31bf17252d8c6,trades_4339186_0.json,98
4339186,0x48482fd9a3872543534348570ee6421cbc0f1742b0887f1e33126883b9f778cf,0xf9c011f7b67d07b035aed2d86d8572e0328262b2,Crypto;Politics,1788910399,2026-09-08T23:33:19+00:00,SELL,No,1,92433901207496457840329658855173594098500005838642396329275570281052845880964,0.0201450865,565.18,11.385599988069998,0xb8beaed39de1ef1691f9f213d50dcfaa72ade361c0355df6823da71f556b0ebd,trades_4339186_0.json,99
4339186,0x48482fd9a3872543534348570ee6421cbc0f1742b0887f1e33126883b9f778cf,0xcf203cee927a63d6188427b993fa78b430c73b9e,Crypto;Politics,1788910399,2026-09-08T23:33:19+00:00,SELL,Yes,0,97236330897070950292720830345665491942542609545937117798868834122164571073854,0.98,381.18,373.5564,0xb8beaed39de1ef1691f9f213d50dcfaa72ade361c0355df6823da71f556b0ebd,trades_4339186_1.json,0
4339186,0x48482fd9a3872543534348570ee6421cbc0f1742b0887f1e33126883b9f778cf,0x7ae8b850049d07152b1741fbde10c7b6c0a45a42,Crypto;Politics,1788910399,2026-09-08T23:33:19+00:00,SELL,Yes,0,97236330897070950292720830345665491942542609545937117798868834122164571073854,0.98,102.0,99.96,0xb8beaed39de1ef1691f9f213d50dcfaa72ade361c0355df6823da71f556b0ebd,trades_4339186_1.json,1
4339186,0x48482fd9a3872543534348570ee6421cbc0f1742b0887f1e33126883b9f778cf,0x8f13db915cca106e6330e8a39996c0a875d8daae,Crypto;Politics,1788910399,2026-09-08T23:33:19+00:00,BUY,No,1,92433901207496457840329658855173594098500005838642396329275570281052845880964,0.021,82.0,1.7220000000000002,0xb8beaed39de1ef1691f9f213d50dcfaa72ade361c0355df6823da71f556b0ebd,trades_4339186_1.json,2
4339186,0x48482fd9a3872543534348570ee6421cbc0f1742b0887f1e33126883b9f778cf,0xf9c011f7b67d07b035aed2d86d8572e0328262b2,Crypto;Politics,1788909447,2026-09-08T23:17:27+00:00,BUY,Yes,0,97236330897070950292720830345665491942542609545937117798868834122164571073854,0.979592,250.0,244.898,0x0029635054b9e9659b1be2bf940455d7ed08f2553dfc2a4f74fa99373e47e96b,trades_4339186_1.json,3
4339186,0x48482fd9a3872543534348570ee6421cbc0f1742b0887f1e33126883b9f778cf,0x7ae8b850049d07152b1741fbde10c7b6c0a45a42,Crypto;Politics,1788909447,2026-09-08T23:17:27+00:00,SELL,Yes,0,97236330897070950292720830345665491942542609545937117798868834122164571073854,0.98,98.0,96.03999999999999,0x0029635054b9e9659b1be2bf940455d7ed08f2553dfc2a4f74fa99373e47e96b,trades_4339186_1.json,4
4339186,0x48482fd9a3872543534348570ee6421cbc0f1742b0887f1e33126883b9f778cf,0x229c0a7d92977a9934e5ac2348d507988996b966,Crypto;Politics,1788909447,2026-09-08T23:17:27+00:00,BUY,No,1,92433901207496457840329658855173594098500005838642396329275570281052845880964,0.02,50.0,1.0,0x0029635054b9e9659b1be2bf940455d7ed08f2553dfc2a4f74fa99373e47e96b,trades_4339186_1.json,5
4339186,0x48482fd9a3872543534348570ee6421cbc0f1742b0887f1e33126883b9f778cf,0x8f13db915cca106e6330e8a39996c0a875d8daae,Crypto;Politics,1788909447,2026-09-08T23:17:27+00:00,BUY,No,1,92433901207496457840329658855173594098500005838642396329275570281052845880964,0.021,102.0,2.1420000000000003,0x0029635054b9e9659b1be2bf940455d7ed08f2553dfc2a4f74fa99373e47e96b,trades_4339186_1.json,6
4339186,0x48482fd9a3872543534348570ee6421cbc0f1742b0887f1e33126883b9f778cf,0xf9c011f7b67d07b035aed2d86d8572e0328262b2,Crypto;Politics,1788909442,2026-09-08T23:17:22+00:00,BUY,Yes,0,97236330897070950292720830345665491942542609545937117798868834122164571073854,0.97,248.0,240.56,0x43406240461692b0817207a061124a6b4e214593f2941b2f35e494c02c3e95e9,trades_4339186_1.json,7
4339186,0x48482fd9a3872543534348570ee6421cbc0f1742b0887f1e33126883b9f778cf,0x0c28d976bbfaad597a678f6fc3794d6ba56a9844,Crypto;Politics,1788909442,2026-09-08T23:17:22+00:00,BUY,No,1,92433901207496457840329658855173594098500005838642396329275570281052845880964,0.03,248.0,7.4399999999999995,0x43406240461692b0817207a061124a6b4e214593f2941b2f35e494c02c3e95e9,trades_4339186_1.json,8
4339186,0x48482fd9a3872543534348570ee6421cbc0f1742b0887f1e33126883b9f778cf,0xf9c011f7b67d07b035aed2d86d8572e0328262b2,Crypto;Politics,1788909438,2026-09-08T23:17:18+00:00,BUY,Yes,0,97236330897070950292720830345665491942542609545937117798868834122164571073854,0.969,300.0,290.7,0xc6d415ce7d19bbf55f6cbb0ece8561d351b39701c33573ecfe7df7d1cb272355,trades_4339186_1.json,9
4339186,0x48482fd9a3872543534348570ee6421cbc0f1742b0887f1e33126883b9f778cf,0xb1ca909e848cc24ec4e220ce1c453bc290c51705,Crypto;Politics,1788909438,2026-09-08T23:17:18+00:00,BUY,No,1,92433901207496457840329658855173594098500005838642396329275570281052845880964,0.031,300.0,9.3,0xc6d415ce7d19bbf55f6cbb0ece8561d351b39701c33573ecfe7df7d1cb272355,trades_4339186_1.json,10
4339186,0x48482fd9a3872543534348570ee6421cbc0f1742b0887f1e33126883b9f778cf,0xf9c011f7b67d07b035aed2d86d8572e0328262b2,Crypto;Politics,1788909412,2026-09-08T23:16:52+00:00,BUY,Yes,0,97236330897070950292720830345665491942542609545937117798868834122164571073854,0.968,103.0,99.704,0x4d4e348e56946343c2058d58581ca7b03fd8438b7d74b633a42a21562966f974,trades_4339186_1.json,11
4339186,0x48482fd9a3872543534348570ee6421cbc0f1742b0887f1e33126883b9f778cf,0x8f13db915cca106e6330e8a39996c0a875d8daae,Crypto;Politics,1788909412,2026-09-08T23:16:52+00:00,BUY,No,1,92433901207496457840329658855173594098500005838642396329275570281052845880964,0.032,103.0,3.2960000000000003,0x4d4e348e56946343c2058d58581ca7b03fd8438b7d74b633a42a21562966f974,trades_4339186_1.json,12
4339186,0x48482fd9a3872543534348570ee6421cbc0f1742b0887f1e33126883b9f778cf,0xf9c011f7b67d07b035aed2d86d8572e0328262b2,Crypto;Politics,1788909406,2026-09-08T23:16:46+00:00,BUY,Yes,0,97236330897070950292720830345665491942542609545937117798868834122164571073854,0.968,103.0,99.704,0x4fd7ee8e859f23a347add990e5789ece999f3d083abeb71807ab8230b73dd77f,trades_4339186_1.json,13
4339186,0x48482fd9a3872543534348570ee6421cbc0f1742b0887f1e33126883b9f778cf,0x8f13db915cca106e6330e8a39996c0a875d8daae,Crypto;Politics,1788909406,2026-09-08T23:16:46+00:00,BUY,No,1,92433901207496457840329658855173594098500005838642396329275570281052845880964,0.032,103.0,3.2960000000000003,0x4fd7ee8e859f23a347add990e5789ece999f3d083abeb71807ab8230b73dd77f,trades_4339186_1.json,14
4339186,0x48482fd9a3872543534348570ee6421cbc0f1742b0887f1e33126883b9f778cf,0x5188fa0e8a77e87bc6a58e6781fdfc4e165cc804,Crypto;Politics,1788909118,2026-09-08T23:11:58+00:00,BUY,No,1,92433901207496457840329658855173594098500005838642396329275570281052845880964,0.032,500.0,16.0,0xf29693d8c19dad2354a8b1fafe3e1687eb5dcf7b20ea6e83663c7cd8c2620f3f,trades_4339186_1.json,15
4339186,0x48482fd9a3872543534348570ee6421cbc0f1742b0887f1e33126883b9f778cf,0xfe41328c99802a1103d74514f71a16b0eee19f23,Crypto;Politics,1788909118,2026-09-08T23:11:58+00:00,SELL,No,1,92433901207496457840329658855173594098500005838642396329275570281052845880964,0.032,200.0,6.4,0xf29693d8c19dad2354a8b1fafe3e1687eb5dcf7b20ea6e83663c7cd8c2620f3f,trades_4339186_1.json,16
4339186,0x48482fd9a3872543534348570ee6421cbc0f1742b0887f1e33126883b9f778cf,0xb1ca909e848cc24ec4e220ce1c453bc290c51705,Crypto;Politics,1788909118,2026-09-08T23:11:58+00:00,BUY,Yes,0,97236330897070950292720830345665491942542609545937117798868834122164571073854,0.968,300.0,290.4,0xf29693d8c19dad2354a8b1fafe3e1687eb5dcf7b20ea6e83663c7cd8c2620f3f,trades_4339186_1.json,17
4339186,0x48482fd9a3872543534348570ee6421cbc0f1742b0887f1e33126883b9f778cf,0x964c47795423c9b16b31abd8e11c6b9438a18435,Crypto;Politics,1788909019,2026-09-08T23:10:19+00:00,BUY,Yes,0,97236330897070950292720830345665491942542609545937117798868834122164571073854,0.97,5.0,4.85,0xfd27f739c763e40c4a55ca0dd47398f91b08156101418d32be014904b1c5f547,trades_4339186_1.json,18
4339186,0x48482fd9a3872543534348570ee6421cbc0f1742b0887f1e33126883b9f778cf,0x0c28d976bbfaad597a678f6fc3794d6ba56a9844,Crypto;Politics,1788909019,2026-09-08T23:10:19+00:00,BUY,No,1,92433901207496457840329658855173594098500005838642396329275570281052845880964,0.03,5.0,0.15,0xfd27f739c763e40c4a55ca0dd47398f91b08156101418d32be014904b1c5f547,trades_4339186_1.json,19
4339186,0x48482fd9a3872543534348570ee6421cbc0f1742b0887f1e33126883b9f778cf,0xfcce65c4a771c6853397f0db3ba3b3139811d7f7,Crypto;Politics,1788908995,2026-09-08T23:09:55+00:00,BUY,Yes,0,97236330897070950292720830345665491942542609545937117798868834122164571073854,0.969,10.0,9.69,0x01a17417da1329ec58bd242dc33e261e83fe5ee0d3da37d5fd7f1b5d98714a04,trades_4339186_1.json,20
4339186,0x48482fd9a3872543534348570ee6421cbc0f1742b0887f1e33126883b9f778cf,0x8f13db915cca106e6330e8a39996c0a875d8daae,Crypto;Politics,1788908995,2026-09-08T23:09:55+00:00,BUY,No,1,92433901207496457840329658855173594098500005838642396329275570281052845880964,0.031,10.0,0.31,0x01a17417da1329ec58bd242dc33e261e83fe5ee0d3da37d5fd7f1b5d98714a04,trades_4339186_1.json,21
4339186,0x48482fd9a3872543534348570ee6421cbc0f1742b0887f1e33126883b9f778cf,0xb1ca909e848cc24ec4e220ce1c453bc290c51705,Crypto;Politics,1788908992,2026-09-08T23:09:52+00:00,BUY,Yes,0,97236330897070950292720830345665491942542609545937117798868834122164571073854,0.9597739938,1292.0,1240.0279999896,0xbd2f5741b757712570aa2c8f1c4fa6d4674b96304b63554360ac58fbedf7e129,trades_4339186_1.json,22
4339186,0x48482fd9a3872543534348570ee6421cbc0f1742b0887f1e33126883b9f778cf,0x5188fa0e8a77e87bc6a58e6781fdfc4e165cc804,Crypto;Politics,1788908992,2026-09-08T23:09:52+00:00,BUY,No,1,92433901207496457840329658855173594098500005838642396329275570281052845880964,0.04,1000.0,40.0,0xbd2f5741b757712570aa2c8f1c4fa6d4674b96304b63554360ac58fbedf7e129,trades_4339186_1.json,23
4339186,0x48482fd9a3872543534348570ee6421cbc0f1742b0887f1e33126883b9f778cf,0x4ffe49ba2a4cae123536a8af4fda48faeb609f71,Crypto;Politics,1788908992,2026-09-08T23:09:52+00:00,BUY,No,1,92433901207496457840329658855173594098500005838642396329275570281052845880964,0.041,292.0,11.972000000000001,0xbd2f5741b757712570aa2c8f1c4fa6d4674b96304b63554360ac58fbedf7e129,trades_4339186_1.json,24
4339186,0x48482fd9a3872543534348570ee6421cbc0f1742b0887f1e33126883b9f778cf,0x5188fa0e8a77e87bc6a58e6781fdfc4e165cc804,Crypto;Politics,1788907809,2026-09-08T22:50:09+00:00,BUY,No,1,92433901207496457840329658855173594098500005838642396329275570281052845880964,0.04,475.0,19.0,0xccbc79aeaa1ba9c84eda7a7f954a0ae9c6298eca901cc1730bdc88bdbeeab3a8,trades_4339186_1.json,25
4339186,0x48482fd9a3872543534348570ee6421cbc0f1742b0887f1e33126883b9f778cf,0xf2f2df41cd3ff33147e622869ac052ce5ad2d1f0,Crypto;Politics,1788907809,2026-09-08T22:50:09+00:00,SELL,No,1,92433901207496457840329658855173594098500005838642396329275570281052845880964,0.04,20.0,0.8,0xccbc79aeaa1ba9c84eda7a7f954a0ae9c6298eca901cc1730bdc88bdbeeab3a8,trades_4339186_1.json,26
4339186,0x48482fd9a3872543534348570ee6421cbc0f1742b0887f1e33126883b9f778cf,0x4867293b553c91c8f35a8fd811660d23c353a6f8,Crypto;Politics,1788907809,2026-09-08T22:50:09+00:00,SELL,No,1,92433901207496457840329658855173594098500005838642396329275570281052845880964,0.04,200.0,8.0,0xccbc79aeaa1ba9c84eda7a7f954a0ae9c6298eca901cc1730bdc88bdbeeab3a8,trades_4339186_1.json,27
4339186,0x48482fd9a3872543534348570ee6421cbc0f1742b0887f1e33126883b9f778cf,0xa57966df81fac0d869e32336c42bca34e27aaad0,Crypto;Politics,1788907809,2026-09-08T22:50:09+00:00,BUY,Yes,0,97236330897070950292720830345665491942542609545937117798868834122164571073854,0.96,255.0,244.79999999999998,0xccbc79aeaa1ba9c84eda7a7f954a0ae9c6298eca901cc1730bdc88bdbeeab3a8,trades_4339186_1.json,28
4339186,0x48482fd9a3872543534348570ee6421cbc0f1742b0887f1e33126883b9f778cf,0x25a74e4d0795b842a4e8e934620781e3c5f48b7c,Crypto;Politics,1788907747,2026-09-08T22:49:07+00:00,BUY,Yes,0,97236330897070950292720830345665491942542609545937117798868834122164571073854,0.9588235294,255.0,244.499999997,0x08582628df41d0aac465c2b8a8dd754d6bfc8235c514c3f24ed8e8008bb239a6,trades_4339186_1.json,29
4339186,0x48482fd9a3872543534348570ee6421cbc0f1742b0887f1e33126883b9f778cf,0x4867293b553c91c8f35a8fd811660d23c353a6f8,Crypto;Politics,1788907747,2026-09-08T22:49:07+00:00,BUY,No,1,92433901207496457840329658855173594098500005838642396329275570281052845880964,0.04,200.0,8.0,0x08582628df41d0aac465c2b8a8dd754d6bfc8235c514c3f24ed8e8008bb239a6,trades_4339186_1.json,30
4339186,0x48482fd9a3872543534348570ee6421cbc0f1742b0887f1e33126883b9f778cf,0x229c0a7d92977a9934e5ac2348d507988996b966,Crypto;Politics,1788907747,2026-09-08T22:49:07+00:00,BUY,No,1,92433901207496457840329658855173594098500005838642396329275570281052845880964,0.04,25.0,1.0,0x08582628df41d0aac465c2b8a8dd754d6bfc8235c514c3f24ed8e8008bb239a6,trades_4339186_1.json,31
4339186,0x48482fd9a3872543534348570ee6421cbc0f1742b0887f1e33126883b9f778cf,0x510f4963b66b1b18505faab74b0bb943d1dda43c,Crypto;Politics,1788907747,2026-09-08T22:49:07+00:00,BUY,No,1,92433901207496457840329658855173594098500005838642396329275570281052845880964,0.05,30.0,1.5,0x08582628df41d0aac465c2b8a8dd754d6bfc8235c514c3f24ed8e8008bb239a6,trades_4339186_1.json,32
4339186,0x48482fd9a3872543534348570ee6421cbc0f1742b0887f1e33126883b9f778cf,0x25a74e4d0795b842a4e8e934620781e3c5f48b7c,Crypto;Politics,1788907741,2026-09-08T22:49:01+00:00,BUY,Yes,0,97236330897070950292720830345665491942542609545937117798868834122164571073854,0.95,400.0,380.0,0xe0d93cf689cb60fb6d3df85a450d4a39b06db4eaaafc476f565a9e8c870bfd90,trades_4339186_1.json,33
4339186,0x48482fd9a3872543534348570ee6421cbc0f1742b0887f1e33126883b9f778cf,0xf9c011f7b67d07b035aed2d86d8572e0328262b2,Crypto;Politics,1788907741,2026-09-08T22:49:01+00:00,BUY,No,1,92433901207496457840329658855173594098500005838642396329275570281052845880964,0.05,400.0,20.0,0xe0d93cf689cb60fb6d3df85a450d4a39b06db4eaaafc476f565a9e8c870bfd90,trades_4339186_1.json,34
4339186,0x48482fd9a3872543534348570ee6421cbc0f1742b0887f1e33126883b9f778cf,0x375de319f861112b520aee77d4a83ca807e1751f,Crypto;Politics,1788907708,2026-09-08T22:48:28+00:00,SELL,No,1,92433901207496457840329658855173594098500005838642396329275570281052845880964,0.05,200.0,10.0,0x0132c8166fc3d5b3aaf10e51bebe0d5c13cde722c00ee20151daf228090cfe65,trades_4339186_1.json,35
4339186,0x48482fd9a3872543534348570ee6421cbc0f1742b0887f1e33126883b9f778cf,0xf9c011f7b67d07b035aed2d86d8572e0328262b2,Crypto;Politics,1788907708,2026-09-08T22:48:28+00:00,BUY,No,1,92433901207496457840329658855173594098500005838642396329275570281052845880964,0.05,200.0,10.0,0x0132c8166fc3d5b3aaf10e51bebe0d5c13cde722c00ee20151daf228090cfe65,trades_4339186_1.json,36
4339186,0x48482fd9a3872543534348570ee6421cbc0f1742b0887f1e33126883b9f778cf,0x6575759174ad221bba9947bc3f18750ec769b198,Crypto;Politics,1788907698,2026-09-08T22:48:18+00:00,BUY,Yes,0,97236330897070950292720830345665491942542609545937117798868834122164571073854,0.9350181508,7305.48,6830.7564003063835,0xc26ff906a50c113055a3d512084dbe4f3e85cf83ac52cebbca2b3eb4cf9f91a5,trades_4339186_1.json,37
4339186,0x48482fd9a3872543534348570ee6421cbc0f1742b0887f1e33126883b9f778cf,0x375de319f861112b520aee77d4a83ca807e1751f,Crypto;Politics,1788907698,2026-09-08T22:48:18+00:00,BUY,No,1,92433901207496457840329658855173594098500005838642396329275570281052845880964,0.06,200.0,12.0,0xc26ff906a50c113055a3d512084dbe4f3e85cf83ac52cebbca2b3eb4cf9f91a5,trades_4339186_1.json,38
4339186,0x48482fd9a3872543534348570ee6421cbc0f1742b0887f1e33126883b9f778cf,0xfe41328c99802a1103d74514f71a16b0eee19f23,Crypto;Politics,1788907698,2026-09-08T22:48:18+00:00,BUY,No,1,92433901207496457840329658855173594098500005838642396329275570281052845880964,0.06,666.0,39.96,0xc26ff906a50c113055a3d512084dbe4f3e85cf83ac52cebbca2b3eb4cf9f91a5,trades_4339186_1.json,39
4339186,0x48482fd9a3872543534348570ee6421cbc0f1742b0887f1e33126883b9f778cf,0xc8ab97a9089a9ff7e6ef0688e6e591a066946418,Crypto;Politics,1788907698,2026-09-08T22:48:18+00:00,BUY,No,1,92433901207496457840329658855173594098500005838642396329275570281052845880964,0.06,1000.0,60.0,0xc26ff906a50c113055a3d512084dbe4f3e85cf83ac52cebbca2b3eb4cf9f91a5,trades_4339186_1.json,40
4339186,0x48482fd9a3872543534348570ee6421cbc0f1742b0887f1e33126883b9f778cf,0x06521fb68bb128840b62ea646fcb2d40682c9134,Crypto;Politics,1788907698,2026-09-08T22:48:18+00:00,BUY,No,1,92433901207496457840329658855173594098500005838642396329275570281052845880964,0.06,300.0,18.0,0xc26ff906a50c113055a3d512084dbe4f3e85cf83ac52cebbca2b3eb4cf9f91a5,trades_4339186_1.json,41
4339186,0x48482fd9a3872543534348570ee6421cbc0f1742b0887f1e33126883b9f778cf,0x5188fa0e8a77e87bc6a58e6781fdfc4e165cc804,Crypto;Politics,1788907698,2026-09-08T22:48:18+00:00,BUY,No,1,92433901207496457840329658855173594098500005838642396329275570281052845880964,0.06,1500.0,90.0,0xc26ff906a50c113055a3d512084dbe4f3e85cf83ac52cebbca2b3eb4cf9f91a5,trades_4339186_1.json,42
4339186,0x48482fd9a3872543534348570ee6421cbc0f1742b0887f1e33126883b9f778cf,0x1cfc260bfa2b5ae89377863180ca3b4f5c862111,Crypto;Politics,1788907698,2026-09-08T22:48:18+00:00,BUY,No,1,92433901207496457840329658855173594098500005838642396329275570281052845880964,0.07,528.36,36.985200000000006,0xc26ff906a50c113055a3d512084dbe4f3e85cf83ac52cebbca2b3eb4cf9f91a5,trades_4339186_1.json,43
4339186,0x48482fd9a3872543534348570ee6421cbc0f1742b0887f1e33126883b9f778cf,0x5188fa0e8a77e87bc6a58e6781fdfc4e165cc804,Crypto;Politics,1788907698,2026-09-08T22:48:18+00:00,SELL,Yes,0,97236330897070950292720830345665491942542609545937117798868834122164571073854,0.93,2744.12,2552.0316000000003,0xc26ff906a50c113055a3d512084dbe4f3e85cf83ac52cebbca2b3eb4cf9f91a5,trades_4339186_1.json,44
4339186,0x48482fd9a3872543534348570ee6421cbc0f1742b0887f1e33126883b9f778cf,0xa57966df81fac0d869e32336c42bca34e27aaad0,Crypto;Politics,1788907698,2026-09-08T22:48:18+00:00,SELL,Yes,0,97236330897070950292720830345665491942542609545937117798868834122164571073854,0.93,267.0,248.31,0xc26ff906a50c113055a3d512084dbe4f3e85cf83ac52cebbca2b3eb4cf9f91a5,trades_4339186_1.json,45
4339186,0x48482fd9a3872543534348570ee6421cbc0f1742b0887f1e33126883b9f778cf,0x8f13db915cca106e6330e8a39996c0a875d8daae,Crypto;Politics,1788907698,2026-09-08T22:48:18+00:00,SELL,Yes,0,97236330897070950292720830345665491942542609545937117798868834122164571073854,0.93,100.0,93.0,0xc26ff906a50c113055a3d512084dbe4f3e85cf83ac52cebbca2b3eb4cf9f91a5,trades_4339186_1.json,46
4339186,0x48482fd9a3872543534348570ee6421cbc0f1742b0887f1e33126883b9f778cf,0xa57966df81fac0d869e32336c42bca34e27aaad0,Crypto;Politics,1788903952,2026-09-08T21:45:52+00:00,BUY,Yes,0,97236330897070950292720830345665491942542609545937117798868834122164571073854,0.92,267.0,245.64000000000001,0x0b078071df7b426c20727ce9240a837f24f878158a651804f3f776bbd5a9ce88,trades_4339186_1.json,47
4339186,0x48482fd9a3872543534348570ee6421cbc0f1742b0887f1e33126883b9f778cf,0x1cfc260bfa2b5ae89377863180ca3b4f5c862111,Crypto;Politics,1788903952,2026-09-08T21:45:52+00:00,BUY,No,1,92433901207496457840329658855173594098500005838642396329275570281052845880964,0.08,200.0,16.0,0x0b078071df7b426c20727ce9240a837f24f878158a651804f3f776bbd5a9ce88,trades_4339186_1.json,48
4339186,0x48482fd9a3872543534348570ee6421cbc0f1742b0887f1e33126883b9f778cf,0xa815f590e64fa64d417df72c581a32f5ff449cbe,Crypto;Politics,1788903952,2026-09-08T21:45:52+00:00,BUY,No,1,92433901207496457840329658855173594098500005838642396329275570281052845880964,0.08,67.0,5.36,0x0b078071df7b426c20727ce9240a837f24f878158a651804f3f776bbd5a9ce88,trades_4339186_1.json,49
4339186,0x48482fd9a3872543534348570ee6421cbc0f1742b0887f1e33126883b9f778cf,0x98d7c7effc36b614264ee593e25a50eafe41f41a,Crypto;Politics,1788901963,2026-09-08T21:12:43+00:00,BUY,No,1,92433901207496457840329658855173594098500005838642396329275570281052845880964,0.0899999993,55.555556,5.00000000111111,0x68e3e18cb66b0965a24ba48e3146d7f7fee530e33fc699f963dacbf9af322219,trades_4339186_1.json,50
4339186,0x48482fd9a3872543534348570ee6421cbc0f1742b0887f1e33126883b9f778cf,0xa67685fa5213fd8167977bfb7b3f50c06d511c22,Crypto;Politics,1788901963,2026-09-08T21:12:43+00:00,SELL,No,1,92433901207496457840329658855173594098500005838642396329275570281052845880964,0.0899999993,55.555556,5.00000000111111,0x68e3e18cb66b0965a24ba48e3146d7f7fee530e33fc699f963dacbf9af322219,trades_4339186_1.json,51
4339186,0x48482fd9a3872543534348570ee6421cbc0f1742b0887f1e33126883b9f778cf,0x7e25f3dbd55afd690302c4abcd8c3fb182d39712,Crypto;Politics,1788900366,2026-09-08T20:46:06+00:00,SELL,Yes,0,97236330897070950292720830345665491942542609545937117798868834122164571073854,0.91,255.28,232.3048,0x78d609046ab7c7a45ae3e77e18ced7b384744eb0ac1afafe5748a3c36df67c1f,trades_4339186_1.json,52
4339186,0x48482fd9a3872543534348570ee6421cbc0f1742b0887f1e33126883b9f778cf,0xa67685fa5213fd8167977bfb7b3f50c06d511c22,Crypto;Politics,1788900366,2026-09-08T20:46:06+00:00,SELL,No,1,92433901207496457840329658855173594098500005838642396329275570281052845880964,0.09,99.39,8.9451,0x78d609046ab7c7a45ae3e77e18ced7b384744eb0ac1afafe5748a3c36df67c1f,trades_4339186_1.json,53
4339186,0x48482fd9a3872543534348570ee6421cbc0f1742b0887f1e33126883b9f778cf,0xe5c271b727270f001c77104b019a03f86f0c6b76,Crypto;Politics,1788900366,2026-09-08T20:46:06+00:00,BUY,Yes,0,97236330897070950292720830345665491942542609545937117798868834122164571073854,0.91,5.0,4.55,0x78d609046ab7c7a45ae3e77e18ced7b384744eb0ac1afafe5748a3c36df67c1f,trades_4339186_1.json,54
4339186,0x48482fd9a3872543534348570ee6421cbc0f1742b0887f1e33126883b9f778cf,0xc03fd7f514a6d52fe0b8291846717724f6c1249d,Crypto;Politics,1788900366,2026-09-08T20:46:06+00:00,SELL,No,1,92433901207496457840329658855173594098500005838642396329275570281052845880964,0.09,90.0,8.1,0x78d609046ab7c7a45ae3e77e18ced7b384744eb0ac1afafe5748a3c36df67c1f,trades_4339186_1.json,55
4339186,0x48482fd9a3872543534348570ee6421cbc0f1742b0887f1e33126883b9f778cf,0x8f13db915cca106e6330e8a39996c0a875d8daae,Crypto;Politics,1788900366,2026-09-08T20:46:06+00:00,BUY,Yes,0,97236330897070950292720830345665491942542609545937117798868834122164571073854,0.91,60.89,55.4099,0x78d609046ab7c7a45ae3e77e18ced7b384744eb0ac1afafe5748a3c36df67c1f,trades_4339186_1.json,56
4339186,0x48482fd9a3872543534348570ee6421cbc0f1742b0887f1e33126883b9f778cf,0x95172e263f7d5761099126e33ce08f41038ef0b3,Crypto;Politics,1788895471,2026-09-08T19:24:31+00:00,BUY,Yes,0,97236330897070950292720830345665491942542609545937117798868834122164571073854,0.92,163.043475,149.999997,0x053c8a1e7a4469dcfb1fd6c90a521998d9aaeae16c7c063dcced70b75d919034,trades_4339186_1.json,57
4339186,0x48482fd9a3872543534348570ee6421cbc0f1742b0887f1e33126883b9f778cf,0xa815f590e64fa64d417df72c581a32f5ff449cbe,Crypto;Politics,1788895471,2026-09-08T19:24:31+00:00,BUY,No,1,92433901207496457840329658855173594098500005838642396329275570281052845880964,0.08,113.043475,9.043478,0x053c8a1e7a4469dcfb1fd6c90a521998d9aaeae16c7c063dcced70b75d919034,trades_4339186_1.json,58
4339186,0x48482fd9a3872543534348570ee6421cbc0f1742b0887f1e33126883b9f778cf,0x66a1db98713015330a82f08273b682bee77e80d9,Crypto;Politics,1788895471,2026-09-08T19:24:31+00:00,BUY,No,1,92433901207496457840329658855173594098500005838642396329275570281052845880964,0.08,50.0,4.0,0x053c8a1e7a4469dcfb1fd6c90a521998d9aaeae16c7c063dcced70b75d919034,trades_4339186_1.json,59
4339186,0x48482fd9a3872543534348570ee6421cbc0f1742b0887f1e33126883b9f778cf,0x1ec6d95503c81c1f5dc83d006ba81dc1e22b7edb,Crypto;Politics,1788894208,2026-09-08T19:03:28+00:00,SELL,Yes,0,97236330897070950292720830345665491942542609545937117798868834122164571073854,0.91,39.11,35.5901,0xdaa197f6a1be39647ff086e3b0f64cf85e9fc9f991c273507e6bf39dab63226e,trades_4339186_1.json,60
4339186,0x48482fd9a3872543534348570ee6421cbc0f1742b0887f1e33126883b9f778cf,0x8f13db915cca106e6330e8a39996c0a875d8daae,Crypto;Politics,1788894208,2026-09-08T19:03:28+00:00,BUY,Yes,0,97236330897070950292720830345665491942542609545937117798868834122164571073854,0.91,39.11,35.5901,0xdaa197f6a1be39647ff086e3b0f64cf85e9fc9f991c273507e6bf39dab63226e,trades_4339186_1.json,61
4339186,0x48482fd9a3872543534348570ee6421cbc0f1742b0887f1e33126883b9f778cf,0x1ec6d95503c81c1f5dc83d006ba81dc1e22b7edb,Crypto;Politics,1788894207,2026-09-08T19:03:27+00:00,BUY,Yes,0,97236330897070950292720830345665491942542609545937117798868834122164571073854,0.91,20.0,18.2,0xeddc6a9f63f0ddb964fae5a171ee398075d51d804ccb186e52089996bac09c91,trades_4339186_1.json,62
4339186,0x48482fd9a3872543534348570ee6421cbc0f1742b0887f1e33126883b9f778cf,0x9b97ef5bf77ceaf86d0284a8e571c018222e6084,Crypto;Politics,1788894207,2026-09-08T19:03:27+00:00,BUY,No,1,92433901207496457840329658855173594098500005838642396329275570281052845880964,0.09,20.0,1.7999999999999998,0xeddc6a9f63f0ddb964fae5a171ee398075d51d804ccb186e52089996bac09c91,trades_4339186_1.json,63
4339186,0x48482fd9a3872543534348570ee6421cbc0f1742b0887f1e33126883b9f778cf,0x5188fa0e8a77e87bc6a58e6781fdfc4e165cc804,Crypto;Politics,1788894163,2026-09-08T19:02:43+00:00,BUY,Yes,0,97236330897070950292720830345665491942542609545937117798868834122164571073854,0.9,1922.72,1730.448,0xb4f4fa12f16ac998ce34e3532452ac80004a3b4965a8afc69042d83ec67c74df,trades_4339186_1.json,64
4339186,0x48482fd9a3872543534348570ee6421cbc0f1742b0887f1e33126883b9f778cf,0x1cfc260bfa2b5ae89377863180ca3b4f5c862111,Crypto;Politics,1788894163,2026-09-08T19:02:43+00:00,BUY,No,1,92433901207496457840329658855173594098500005838642396329275570281052845880964,0.1,254.72,25.472,0xb4f4fa12f16ac998ce34e3532452ac80004a3b4965a8afc69042d83ec67c74df,trades_4339186_1.json,65
4339186,0x48482fd9a3872543534348570ee6421cbc0f1742b0887f1e33126883b9f778cf,0xa67685fa5213fd8167977bfb7b3f50c06d511c22,Crypto;Politics,1788894163,2026-09-08T19:02:43+00:00,BUY,No,1,92433901207496457840329658855173594098500005838642396329275570281052845880964,0.1,600.0,60.0,0xb4f4fa12f16ac998ce34e3532452ac80004a3b4965a8afc69042d83ec67c74df,trades_4339186_1.json,66
4339186,0x48482fd9a3872543534348570ee6421cbc0f1742b0887f1e33126883b9f778cf,0x49f206f4fb2210a28af4795e4e0b6532cf0bd7b4,Crypto;Politics,1788894163,2026-09-08T19:02:43+00:00,SELL,Yes,0,97236330897070950292720830345665491942542609545937117798868834122164571073854,0.9,1068.0,961.2,0xb4f4fa12f16ac998ce34e3532452ac80004a3b4965a8afc69042d83ec67c74df,trades_4339186_1.json,67
4339186,0x48482fd9a3872543534348570ee6421cbc0f1742b0887f1e33126883b9f778cf,0xf25b97c7b6b9cc2a8f898ae3bdf157781a6882d0,Crypto;Politics,1788890715,2026-09-08T18:05:15+00:00,SELL,No,1,92433901207496457840329658855173594098500005838642396329275570281052845880964,0.1,50.0,5.0,0x287c9ec14491a7e03f3f245c68a49084312c31dd6f1cadba234173ca3f689482,trades_4339186_1.json,68
4339186,0x48482fd9a3872543534348570ee6421cbc0f1742b0887f1e33126883b9f778cf,0x49f206f4fb2210a28af4795e4e0b6532cf0bd7b4,Crypto;Politics,1788890715,2026-09-08T18:05:15+00:00,SELL,Yes,0,97236330897070950292720830345665491942542609545937117798868834122164571073854,0.9,32.0,28.8,0x287c9ec14491a7e03f3f245c68a49084312c31dd6f1cadba234173ca3f689482,trades_4339186_1.json,69
4339186,0x48482fd9a3872543534348570ee6421cbc0f1742b0887f1e33126883b9f778cf,0xa815f590e64fa64d417df72c581a32f5ff449cbe,Crypto;Politics,1788890715,2026-09-08T18:05:15+00:00,BUY,No,1,92433901207496457840329658855173594098500005838642396329275570281052845880964,0.1,18.0,1.8,0x287c9ec14491a7e03f3f245c68a49084312c31dd6f1cadba234173ca3f689482,trades_4339186_1.json,70
4339186,0x48482fd9a3872543534348570ee6421cbc0f1742b0887f1e33126883b9f778cf,0x07dd93729632bef8b3a522f8079efd483990ae34,Crypto;Politics,1788884127,2026-09-08T16:15:27+00:00,SELL,No,1,92433901207496457840329658855173594098500005838642396329275570281052845880964,0.1,3.0,0.30000000000000004,0xb48c43eec0437b693fba5230d57f4b8dd2e06be935faac286fd419e2e557a393,trades_4339186_1.json,71
4339186,0x48482fd9a3872543534348570ee6421cbc0f1742b0887f1e33126883b9f778cf,0xa815f590e64fa64d417df72c581a32f5ff449cbe,Crypto;Politics,1788884127,2026-09-08T16:15:27+00:00,BUY,No,1,92433901207496457840329658855173594098500005838642396329275570281052845880964,0.1,3.0,0.30000000000000004,0xb48c43eec0437b693fba5230d57f4b8dd2e06be935faac286fd419e2e557a393,trades_4339186_1.json,72
4339186,0x48482fd9a3872543534348570ee6421cbc0f1742b0887f1e33126883b9f778cf,0xffeafb3a833da1d324af43edd7f106fe138a06c0,Crypto;Politics,1788879411,2026-09-08T14:56:51+00:00,SELL,Yes,0,97236330897070950292720830345665491942542609545937117798868834122164571073854,0.87,39.11,34.0257,0x00b63572b9ed02a9b353baf565d48d215d10df85865d81857a7f86f54567f95a,trades_4339186_1.json,73
4339186,0x48482fd9a3872543534348570ee6421cbc0f1742b0887f1e33126883b9f778cf,0x5188fa0e8a77e87bc6a58e6781fdfc4e165cc804,Crypto;Politics,1788879411,2026-09-08T14:56:51+00:00,BUY,Yes,0,97236330897070950292720830345665491942542609545937117798868834122164571073854,0.87,39.11,34.0257,0x00b63572b9ed02a9b353baf565d48d215d10df85865d81857a7f86f54567f95a,trades_4339186_1.json,74
4339186,0x48482fd9a3872543534348570ee6421cbc0f1742b0887f1e33126883b9f778cf,0xffeafb3a833da1d324af43edd7f106fe138a06c0,Crypto;Politics,1788879369,2026-09-08T14:56:09+00:00,BUY,Yes,0,97236330897070950292720830345665491942542609545937117798868834122164571073854,0.88,39.11,34.4168,0x3772d7961e5ed0064937666d8c2d2988d91f33c41af3a9ba7f47e0c3efdfdceb,trades_4339186_1.json,75
4339186,0x48482fd9a3872543534348570ee6421cbc0f1742b0887f1e33126883b9f778cf,0x1cfc260bfa2b5ae89377863180ca3b4f5c862111,Crypto;Politics,1788879369,2026-09-08T14:56:09+00:00,BUY,No,1,92433901207496457840329658855173594098500005838642396329275570281052845880964,0.12,39.11,4.6932,0x3772d7961e5ed0064937666d8c2d2988d91f33c41af3a9ba7f47e0c3efdfdceb,trades_4339186_1.json,76
4339186,0x48482fd9a3872543534348570ee6421cbc0f1742b0887f1e33126883b9f778cf,0x1ec6d95503c81c1f5dc83d006ba81dc1e22b7edb,Crypto;Politics,1788879363,2026-09-08T14:56:03+00:00,BUY,Yes,0,97236330897070950292720830345665491942542609545937117798868834122164571073854,0.88,39.11,34.4168,0xdec0f9d959960b7690ce9f5c12461b369806ffbcc67efb5c6dda63c3763d38e0,trades_4339186_1.json,77
4339186,0x48482fd9a3872543534348570ee6421cbc0f1742b0887f1e33126883b9f778cf,0x1cfc260bfa2b5ae89377863180ca3b4f5c862111,Crypto;Politics,1788879363,2026-09-08T14:56:03+00:00,BUY,No,1,92433901207496457840329658855173594098500005838642396329275570281052845880964,0.12,3.11,0.3732,0xdec0f9d959960b7690ce9f5c12461b369806ffbcc67efb5c6dda63c3763d38e0,trades_4339186_1.json,78
4339186,0x48482fd9a3872543534348570ee6421cbc0f1742b0887f1e33126883b9f778cf,0xced6532c1e2403f969bb244c20ed33ba9c272dc1,Crypto;Politics,1788879363,2026-09-08T14:56:03+00:00,BUY,No,1,92433901207496457840329658855173594098500005838642396329275570281052845880964,0.12,22.0,2.6399999999999997,0xdec0f9d959960b7690ce9f5c12461b369806ffbcc67efb5c6dda63c3763d38e0,trades_4339186_1.json,79
4339186,0x48482fd9a3872543534348570ee6421cbc0f1742b0887f1e33126883b9f778cf,0xca75fbadcc238afd23c317e253a8b5c47b390a64,Crypto;Politics,1788879363,2026-09-08T14:56:03+00:00,SELL,Yes,0,97236330897070950292720830345665491942542609545937117798868834122164571073854,0.88,14.0,12.32,0xdec0f9d959960b7690ce9f5c12461b369806ffbcc67efb5c6dda63c3763d38e0,trades_4339186_1.json,80
4339186,0x48482fd9a3872543534348570ee6421cbc0f1742b0887f1e33126883b9f778cf,0xa58d4f278d7953cd38eeb929f7e242bfc7c0b9b8,Crypto;Politics,1788879319,2026-09-08T14:55:19+00:00,SELL,Yes,0,97236330897070950292720830345665491942542609545937117798868834122164571073854,0.87,944.29,821.5323,0xff59f927dbd14ae9e34aeca7addf83606ceaf384b697d19a34b223e0f9a0521d,trades_4339186_1.json,81
4339186,0x48482fd9a3872543534348570ee6421cbc0f1742b0887f1e33126883b9f778cf,0x5188fa0e8a77e87bc6a58e6781fdfc4e165cc804,Crypto;Politics,1788879319,2026-09-08T14:55:19+00:00,BUY,Yes,0,97236330897070950292720830345665491942542609545937117798868834122164571073854,0.87,782.29,680.5922999999999,0xff59f927dbd14ae9e34aeca7addf83606ceaf384b697d19a34b223e0f9a0521d,trades_4339186_1.json,82
4339186,0x48482fd9a3872543534348570ee6421cbc0f1742b0887f1e33126883b9f778cf,0x43e2edf8d9b5acc69e419f660b265c5c94535fbd,Crypto;Politics,1788879319,2026-09-08T14:55:19+00:00,BUY,Yes,0,97236330897070950292720830345665491942542609545937117798868834122164571073854,0.87,100.0,87.0,0xff59f927dbd14ae9e34aeca7addf83606ceaf384b697d19a34b223e0f9a0521d,trades_4339186_1.json,83
4339186,0x48482fd9a3872543534348570ee6421cbc0f1742b0887f1e33126883b9f778cf,0xced6532c1e2403f969bb244c20ed33ba9c272dc1,Crypto;Politics,1788879319,2026-09-08T14:55:19+00:00,BUY,Yes,0,97236330897070950292720830345665491942542609545937117798868834122164571073854,0.87,22.0,19.14,0xff59f927dbd14ae9e34aeca7addf83606ceaf384b697d19a34b223e0f9a0521d,trades_4339186_1.json,84
4339186,0x48482fd9a3872543534348570ee6421cbc0f1742b0887f1e33126883b9f778cf,0x3d7702587a84915097dfaf48de9f6623808d7004,Crypto;Politics,1788879319,2026-09-08T14:55:19+00:00,SELL,No,1,92433901207496457840329658855173594098500005838642396329275570281052845880964,0.13,40.0,5.2,0xff59f927dbd14ae9e34aeca7addf83606ceaf384b697d19a34b223e0f9a0521d,trades_4339186_1.json,85
4339186,0x48482fd9a3872543534348570ee6421cbc0f1742b0887f1e33126883b9f778cf,0x0c30a6644b7f16b24204c6fdb0a6a4b71a2264b7,Crypto;Politics,1788878430,2026-09-08T14:40:30+00:00,SELL,No,1,92433901207496457840329658855173594098500005838642396329275570281052845880964,0.12,20.0,2.4,0x3eed15aa8f948f07a22529e46c4a5b55d80456130d3ef946831fe4a53d44d357,trades_4339186_1.json,86
4339186,0x48482fd9a3872543534348570ee6421cbc0f1742b0887f1e33126883b9f778cf,0xca75fbadcc238afd23c317e253a8b5c47b390a64,Crypto;Politics,1788878430,2026-09-08T14:40:30+00:00,SELL,Yes,0,97236330897070950292720830345665491942542609545937117798868834122164571073854,0.88,20.0,17.6,0x3eed15aa8f948f07a22529e46c4a5b55d80456130d3ef946831fe4a53d44d357,trades_4339186_1.json,87
4339186,0x48482fd9a3872543534348570ee6421cbc0f1742b0887f1e33126883b9f778cf,0xa58d4f278d7953cd38eeb929f7e242bfc7c0b9b8,Crypto;Politics,1788871225,2026-09-08T12:40:25+00:00,BUY,Yes,0,97236330897070950292720830345665491942542609545937117798868834122164571073854,0.85,40.0,34.0,0xf16665a4608f663dc5a7d2e50bb7284f14d3fe506106b734642463b098d79df6,trades_4339186_1.json,88
4339186,0x48482fd9a3872543534348570ee6421cbc0f1742b0887f1e33126883b9f778cf,0x1cfc260bfa2b5ae89377863180ca3b4f5c862111,Crypto;Politics,1788871225,2026-09-08T12:40:25+00:00,BUY,No,1,92433901207496457840329658855173594098500005838642396329275570281052845880964,0.15,20.0,3.0,0xf16665a4608f663dc5a7d2e50bb7284f14d3fe506106b734642463b098d79df6,trades_4339186_1.json,89
4339186,0x48482fd9a3872543534348570ee6421cbc0f1742b0887f1e33126883b9f778cf,0x66a1db98713015330a82f08273b682bee77e80d9,Crypto;Politics,1788871225,2026-09-08T12:40:25+00:00,BUY,No,1,92433901207496457840329658855173594098500005838642396329275570281052845880964,0.15,20.0,3.0,0xf16665a4608f663dc5a7d2e50bb7284f14d3fe506106b734642463b098d79df6,trades_4339186_1.json,90
4339186,0x48482fd9a3872543534348570ee6421cbc0f1742b0887f1e33126883b9f778cf,0xb82e73a792fb8412fb6b3419042d246d1f4322aa,Crypto;Politics,1788871210,2026-09-08T12:40:10+00:00,SELL,No,1,92433901207496457840329658855173594098500005838642396329275570281052845880964,0.15,20.0,3.0,0x6e643d6b0cf0e09ea3421d29a9bda44d4b591cfe7fe357dcd2e99141f0434357,trades_4339186_1.json,91
4339186,0x48482fd9a3872543534348570ee6421cbc0f1742b0887f1e33126883b9f778cf,0xc4567fe2a835b23f40db07f567ba0efbbdc98996,Crypto;Politics,1788871210,2026-09-08T12:40:10+00:00,BUY,No,1,92433901207496457840329658855173594098500005838642396329275570281052845880964,0.15,20.0,3.0,0x6e643d6b0cf0e09ea3421d29a9bda44d4b591cfe7fe357dcd2e99141f0434357,trades_4339186_1.json,92
4339186,0x48482fd9a3872543534348570ee6421cbc0f1742b0887f1e33126883b9f778cf,0x6bc7cbfcf2113c94f849a9b081a37de55eaa8a59,Crypto;Politics,1788871209,2026-09-08T12:40:09+00:00,SELL,No,1,92433901207496457840329658855173594098500005838642396329275570281052845880964,0.16,20.0,3.2,0xc21cb64b70817a06d236e525561e5b86e37dff6deb371cccd135424db42f37ea,trades_4339186_1.json,93
4339186,0x48482fd9a3872543534348570ee6421cbc0f1742b0887f1e33126883b9f778cf,0xb4d4d841e1354b574274658416677f3221f8a050,Crypto;Politics,1788871209,2026-09-08T12:40:09+00:00,BUY,No,1,92433901207496457840329658855173594098500005838642396329275570281052845880964,0.16,20.0,3.2,0xc21cb64b70817a06d236e525561e5b86e37dff6deb371cccd135424db42f37ea,trades_4339186_1.json,94
4339186,0x48482fd9a3872543534348570ee6421cbc0f1742b0887f1e33126883b9f778cf,0x79d66acc6d0764e2ffe06b9d4fed7f11412779b7,Crypto;Politics,1788871207,2026-09-08T12:40:07+00:00,SELL,No,1,92433901207496457840329658855173594098500005838642396329275570281052845880964,0.16,20.0,3.2,0xfcd28870785943b90580e52d593dcda686909cecc3d6c817cd5dc40493c453c8,trades_4339186_1.json,95
4339186,0x48482fd9a3872543534348570ee6421cbc0f1742b0887f1e33126883b9f778cf,0x33179aadfdfb68cdbd665ca58c91df2a5672ab0c,Crypto;Politics,1788871207,2026-09-08T12:40:07+00:00,BUY,No,1,92433901207496457840329658855173594098500005838642396329275570281052845880964,0.16,20.0,3.2,0xfcd28870785943b90580e52d593dcda686909cecc3d6c817cd5dc40493c453c8,trades_4339186_1.json,96
4339186,0x48482fd9a3872543534348570ee6421cbc0f1742b0887f1e33126883b9f778cf,0x60259d6f6ac8f27bca663f164e4ff246bf8819f0,Crypto;Politics,1788871204,2026-09-08T12:40:04+00:00,SELL,No,1,92433901207496457840329658855173594098500005838642396329275570281052845880964,0.16,120.0,19.2,0x1d96e1a51bc1c365470bc98c759b453b11429c6c6dbcc440d96d4dabc284a25b,trades_4339186_1.json,97
4339186,0x48482fd9a3872543534348570ee6421cbc0f1742b0887f1e33126883b9f778cf,0xc03fd7f514a6d52fe0b8291846717724f6c1249d,Crypto;Politics,1788871204,2026-09-08T12:40:04+00:00,BUY,No,1,92433901207496457840329658855173594098500005838642396329275570281052845880964,0.16,90.0,14.4,0x1d96e1a51bc1c365470bc98c759b453b11429c6c6dbcc440d96d4dabc284a25b,trades_4339186_1.json,98
4339186,0x48482fd9a3872543534348570ee6421cbc0f1742b0887f1e33126883b9f778cf,0xf25b97c7b6b9cc2a8f898ae3bdf157781a6882d0,Crypto;Politics,1788871204,2026-09-08T12:40:04+00:00,BUY,No,1,92433901207496457840329658855173594098500005838642396329275570281052845880964,0.16,30.0,4.8,0x1d96e1a51bc1c365470bc98c759b453b11429c6c6dbcc440d96d4dabc284a25b,trades_4339186_1.json,99
4342936,0xde3a0bfe02d1990325084f5ec59f6b6c46f63c1cb11315daa1cb0f7bd371aa4d,0x66ca7fee3d820d801c319a7aede56a9d53c08078,Crypto;Politics,1788966868,2026-09-09T15:14:28+00:00,BUY,Yes,0,70650493992845483141317426509288616583149832748968072019836468749065395099621,0.999,118.32,118.20168,0x2f4681ef5021646b3603b15cb935702c2ee334ae76677230fd3e669b17cbab1e,trades_4342936_0.json,0
4342936,0xde3a0bfe02d1990325084f5ec59f6b6c46f63c1cb11315daa1cb0f7bd371aa4d,0xa815f590e64fa64d417df72c581a32f5ff449cbe,Crypto;Politics,1788966868,2026-09-09T15:14:28+00:00,BUY,No,1,80258734961097198123923301573352140945014668261852925293574269769857745220513,0.001,118.32,0.11832,0x2f4681ef5021646b3603b15cb935702c2ee334ae76677230fd3e669b17cbab1e,trades_4342936_0.json,1
4342936,0xde3a0bfe02d1990325084f5ec59f6b6c46f63c1cb11315daa1cb0f7bd371aa4d,0xbb14cde6d45012362ab6a812f4217436028e14ff,Crypto;Politics,1788966837,2026-09-09T15:13:57+00:00,BUY,Yes,0,70650493992845483141317426509288616583149832748968072019836468749065395099621,0.999,100.1,99.9999,0xb894f249c33e5865c99de39b5fbdecfdbc8454cf9e53235a37526417145b6f72,trades_4342936_0.json,2
4342936,0xde3a0bfe02d1990325084f5ec59f6b6c46f63c1cb11315daa1cb0f7bd371aa4d,0xa815f590e64fa64d417df72c581a32f5ff449cbe,Crypto;Politics,1788966837,2026-09-09T15:13:57+00:00,BUY,No,1,80258734961097198123923301573352140945014668261852925293574269769857745220513,0.001,100.1,0.1001,0xb894f249c33e5865c99de39b5fbdecfdbc8454cf9e53235a37526417145b6f72,trades_4342936_0.json,3
4342936,0xde3a0bfe02d1990325084f5ec59f6b6c46f63c1cb11315daa1cb0f7bd371aa4d,0x816b8451382b8e9cb66972fa4dd4777091739ec7,Crypto;Politics,1788966387,2026-09-09T15:06:27+00:00,BUY,Yes,0,70650493992845483141317426509288616583149832748968072019836468749065395099621,0.999,50.04,49.989959999999996,0x1b5741450ab0455fb1d4c8341495411e5ba9ab256c30ec4177fc5e922538bfaa,trades_4342936_0.json,4
4342936,0xde3a0bfe02d1990325084f5ec59f6b6c46f63c1cb11315daa1cb0f7bd371aa4d,0xa815f590e64fa64d417df72c581a32f5ff449cbe,Crypto;Politics,1788966387,2026-09-09T15:06:27+00:00,BUY,No,1,80258734961097198123923301573352140945014668261852925293574269769857745220513,0.001,50.04,0.05004,0x1b5741450ab0455fb1d4c8341495411e5ba9ab256c30ec4177fc5e922538bfaa,trades_4342936_0.json,5
4342936,0xde3a0bfe02d1990325084f5ec59f6b6c46f63c1cb11315daa1cb0f7bd371aa4d,0xf0d5eb1cbe7350f1f896ade6c172e6700414c665,Crypto;Politics,1788965706,2026-09-09T14:55:06+00:00,BUY,Yes,0,70650493992845483141317426509288616583149832748968072019836468749065395099621,0.999,400.54,400.13946000000004,0x822d2bc46468a095292f346f1df5f27510fd6c12944e0e5587e416f4d20ff5d1,trades_4342936_0.json,6
4342936,0xde3a0bfe02d1990325084f5ec59f6b6c46f63c1cb11315daa1cb0f7bd371aa4d,0xa815f590e64fa64d417df72c581a32f5ff449cbe,Crypto;Politics,1788965706,2026-09-09T14:55:06+00:00,BUY,No,1,80258734961097198123923301573352140945014668261852925293574269769857745220513,0.001,129.54,0.12954,0x822d2bc46468a095292f346f1df5f27510fd6c12944e0e5587e416f4d20ff5d1,trades_4342936_0.json,7
4342936,0xde3a0bfe02d1990325084f5ec59f6b6c46f63c1cb11315daa1cb0f7bd371aa4d,0x4ae0984c5eeb3b94a83ed130d2b37a23bb45525e,Crypto;Politics,1788965706,2026-09-09T14:55:06+00:00,SELL,Yes,0,70650493992845483141317426509288616583149832748968072019836468749065395099621,0.999,221.0,220.779,0x822d2bc46468a095292f346f1df5f27510fd6c12944e0e5587e416f4d20ff5d1,trades_4342936_0.json,8
4342936,0xde3a0bfe02d1990325084f5ec59f6b6c46f63c1cb11315daa1cb0f7bd371aa4d,0x9a94e5b4f0d6c646ed49e832cf8142c45474d5f9,Crypto;Politics,1788965706,2026-09-09T14:55:06+00:00,BUY,No,1,80258734961097198123923301573352140945014668261852925293574269769857745220513,0.001,50.0,0.05,0x822d2bc46468a095292f346f1df5f27510fd6c12944e0e5587e416f4d20ff5d1,trades_4342936_0.json,9
4342936,0xde3a0bfe02d1990325084f5ec59f6b6c46f63c1cb11315daa1cb0f7bd371aa4d,0x7c3db723f1d4d8cb9c550095203b686cb11e5c6b,Crypto;Politics,1788964045,2026-09-09T14:27:25+00:00,SELL,No,1,80258734961097198123923301573352140945014668261852925293574269769857745220513,0.002,20.0,0.04,0x9ceac2216374958f4c195a64adc6d65e1163a0600fc75c67279ae6cd3ea74ab2,trades_4342936_0.json,10
4342936,0xde3a0bfe02d1990325084f5ec59f6b6c46f63c1cb11315daa1cb0f7bd371aa4d,0x6cfce245330b7935bb415bd32ebbf8ee3059a5c2,Crypto;Politics,1788964045,2026-09-09T14:27:25+00:00,SELL,Yes,0,70650493992845483141317426509288616583149832748968072019836468749065395099621,0.998,14.21,14.18158,0x9ceac2216374958f4c195a64adc6d65e1163a0600fc75c67279ae6cd3ea74ab2,trades_4342936_0.json,11
4342936,0xde3a0bfe02d1990325084f5ec59f6b6c46f63c1cb11315daa1cb0f7bd371aa4d,0x0c28d976bbfaad597a678f6fc3794d6ba56a9844,Crypto;Politics,1788964045,2026-09-09T14:27:25+00:00,BUY,No,1,80258734961097198123923301573352140945014668261852925293574269769857745220513,0.002,5.79,0.01158,0x9ceac2216374958f4c195a64adc6d65e1163a0600fc75c67279ae6cd3ea74ab2,trades_4342936_0.json,12
4342936,0xde3a0bfe02d1990325084f5ec59f6b6c46f63c1cb11315daa1cb0f7bd371aa4d,0x816b8451382b8e9cb66972fa4dd4777091739ec7,Crypto;Politics,1788963238,2026-09-09T14:13:58+00:00,BUY,Yes,0,70650493992845483141317426509288616583149832748968072019836468749065395099621,0.9979002096,100.21,99.999580004016,0x4d2cf268de331ceb45059df794f93596a646a11ecd1b4e21cc611d0a5bd1b905,trades_4342936_0.json,13
4342936,0xde3a0bfe02d1990325084f5ec59f6b6c46f63c1cb11315daa1cb0f7bd371aa4d,0x0c28d976bbfaad597a678f6fc3794d6ba56a9844,Crypto;Politics,1788963238,2026-09-09T14:13:58+00:00,BUY,No,1,80258734961097198123923301573352140945014668261852925293574269769857745220513,0.002,90.21,0.18042,0x4d2cf268de331ceb45059df794f93596a646a11ecd1b4e21cc611d0a5bd1b905,trades_4342936_0.json,14
4342936,0xde3a0bfe02d1990325084f5ec59f6b6c46f63c1cb11315daa1cb0f7bd371aa4d,0x6b1cdcfec73c9c849a7e1a9b4f4c697bd0585fe8,Crypto;Politics,1788963238,2026-09-09T14:13:58+00:00,BUY,No,1,80258734961097198123923301573352140945014668261852925293574269769857745220513,0.003,10.0,0.03,0x4d2cf268de331ceb45059df794f93596a646a11ecd1b4e21cc611d0a5bd1b905,trades_4342936_0.json,15
4342936,0xde3a0bfe02d1990325084f5ec59f6b6c46f63c1cb11315daa1cb0f7bd371aa4d,0xeedbc7bcc22f14e16f2cdf7ac01243bc806359e5,Crypto;Politics,1788961230,2026-09-09T13:40:30+00:00,SELL,No,1,80258734961097198123923301573352140945014668261852925293574269769857745220513,0.0030637341,1569.02,4.807060077581999,0x10368d20a906096b65827ae6af560031b67231f811513d3ce03b1556bd809e6f,trades_4342936_0.json,16
4342936,0xde3a0bfe02d1990325084f5ec59f6b6c46f63c1cb11315daa1cb0f7bd371aa4d,0x5188fa0e8a77e87bc6a58e6781fdfc4e165cc804,Crypto;Politics,1788961230,2026-09-09T13:40:30+00:00,BUY,No,1,80258734961097198123923301573352140945014668261852925293574269769857745220513,0.003,1469.02,4.40706,0x10368d20a906096b65827ae6af560031b67231f811513d3ce03b1556bd809e6f,trades_4342936_0.json,17
4342936,0xde3a0bfe02d1990325084f5ec59f6b6c46f63c1cb11315daa1cb0f7bd371aa4d,0x8f13db915cca106e6330e8a39996c0a875d8daae,Crypto;Politics,1788961230,2026-09-09T13:40:30+00:00,BUY,No,1,80258734961097198123923301573352140945014668261852925293574269769857745220513,0.004,100.0,0.4,0x10368d20a906096b65827ae6af560031b67231f811513d3ce03b1556bd809e6f,trades_4342936_0.json,18
4342936,0xde3a0bfe02d1990325084f5ec59f6b6c46f63c1cb11315daa1cb0f7bd371aa4d,0x9fc91ea0410aafdb5c6d64e8385ada1b154acde1,Crypto;Politics,1788961143,2026-09-09T13:39:03+00:00,BUY,No,1,80258734961097198123923301573352140945014668261852925293574269769857745220513,0.008,125.0,1.0,0xf20c85cc6d53d1afe2b60b8aadfc98ead55b6bf3e6dd998aeeb9f91770c0c1b0,trades_4342936_0.json,19
4342936,0xde3a0bfe02d1990325084f5ec59f6b6c46f63c1cb11315daa1cb0f7bd371aa4d,0x6cfce245330b7935bb415bd32ebbf8ee3059a5c2,Crypto;Politics,1788961143,2026-09-09T13:39:03+00:00,BUY,Yes,0,70650493992845483141317426509288616583149832748968072019836468749065395099621,0.992,114.17,113.25664,0xf20c85cc6d53d1afe2b60b8aadfc98ead55b6bf3e6dd998aeeb9f91770c0c1b0,trades_4342936_0.json,20
4342936,0xde3a0bfe02d1990325084f5ec59f6b6c46f63c1cb11315daa1cb0f7bd371aa4d,0x90b8a592168217809c2d79366dfe682b80278665,Crypto;Politics,1788961143,2026-09-09T13:39:03+00:00,SELL,No,1,80258734961097198123923301573352140945014668261852925293574269769857745220513,0.008,10.83,0.08664000000000001,0xf20c85cc6d53d1afe2b60b8aadfc98ead55b6bf3e6dd998aeeb9f91770c0c1b0,trades_4342936_0.json,21
4342936,0xde3a0bfe02d1990325084f5ec59f6b6c46f63c1cb11315daa1cb0f7bd371aa4d,0x9fc91ea0410aafdb5c6d64e8385ada1b154acde1,Crypto;Politics,1788961114,2026-09-09T13:38:34+00:00,BUY,No,1,80258734961097198123923301573352140945014668261852925293574269769857745220513,0.005,63.0,0.315,0x3e3dd12f862ae05940b5f3490b246a75ab13a756e22e7e67049cafec4a44bfe8,trades_4342936_0.json,22
4342936,0xde3a0bfe02d1990325084f5ec59f6b6c46f63c1cb11315daa1cb0f7bd371aa4d,0x9b559c039873cd794668492af33b748b6b0a1167,Crypto;Politics,1788961114,2026-09-09T13:38:34+00:00,BUY,Yes,0,70650493992845483141317426509288616583149832748968072019836468749065395099621,0.995,63.0,62.685,0x3e3dd12f862ae05940b5f3490b246a75ab13a756e22e7e67049cafec4a44bfe8,trades_4342936_0.json,23
4342936,0xde3a0bfe02d1990325084f5ec59f6b6c46f63c1cb11315daa1cb0f7bd371aa4d,0x272c7b12c4b372b6d0931aed641b1e4eec0f7f07,Crypto;Politics,1788960672,2026-09-09T13:31:12+00:00,BUY,No,1,80258734961097198123923301573352140945014668261852925293574269769857745220513,0.0062690009,1111.0,6.9648599999,0x81014b1890ca8206091f39a3411f62f218f3251824ba057d43c8d01b391d5d16,trades_4342936_0.json,24
4342936,0xde3a0bfe02d1990325084f5ec59f6b6c46f63c1cb11315daa1cb0f7bd371aa4d,0xdfb8ec661af7e85743a9adf33bb31ea0377da530,Crypto;Politics,1788960672,2026-09-09T13:31:12+00:00,BUY,Yes,0,70650493992845483141317426509288616583149832748968072019836468749065395099621,0.993,704.93,699.9954899999999,0x81014b1890ca8206091f39a3411f62f218f3251824ba057d43c8d01b391d5d16,trades_4342936_0.json,25
4342936,0xde3a0bfe02d1990325084f5ec59f6b6c46f63c1cb11315daa1cb0f7bd371aa4d,0x9b559c039873cd794668492af33b748b6b0a1167,Crypto;Politics,1788960672,2026-09-09T13:31:12+00:00,BUY,Yes,0,70650493992845483141317426509288616583149832748968072019836468749065395099621,0.995,406.07,404.03965,0x81014b1890ca8206091f39a3411f62f218f3251824ba057d43c8d01b391d5d16,trades_4342936_0.json,26
4342936,0xde3a0bfe02d1990325084f5ec59f6b6c46f63c1cb11315daa1cb0f7bd371aa4d,0x272c7b12c4b372b6d0931aed641b1e4eec0f7f07,Crypto;Politics,1788960658,2026-09-09T13:30:58+00:00,BUY,No,1,80258734961097198123923301573352140945014668261852925293574269769857745220513,0.005,704.93,3.52465,0x6af37fc60193a98cb172a3608ed5c76bbd288db1f6c26792052f60349c272d93,trades_4342936_0.json,27
4342936,0xde3a0bfe02d1990325084f5ec59f6b6c46f63c1cb11315daa1cb0f7bd371aa4d,0x9b559c039873cd794668492af33b748b6b0a1167,Crypto;Politics,1788960658,2026-09-09T13:30:58+00:00,BUY,Yes,0,70650493992845483141317426509288616583149832748968072019836468749065395099621,0.995,704.93,701.40535,0x6af37fc60193a98cb172a3608ed5c76bbd288db1f6c26792052f60349c272d93,trades_4342936_0.json,28
4342936,0xde3a0bfe02d1990325084f5ec59f6b6c46f63c1cb11315daa1cb0f7bd371aa4d,0x9b559c039873cd794668492af33b748b6b0a1167,Crypto;Politics,1788960538,2026-09-09T13:28:58+00:00,BUY,Yes,0,70650493992845483141317426509288616583149832748968072019836468749065395099621,0.9959668941,1149.04,1144.405799996664,0xdbfea47580b1329ce996252b2303b31f30f5975a48322fb024b84fdc7db47a9c,trades_4342936_0.json,29
4342936,0xde3a0bfe02d1990325084f5ec59f6b6c46f63c1cb11315daa1cb0f7bd371aa4d,0x4ffe49ba2a4cae123536a8af4fda48faeb609f71,Crypto;Politics,1788960538,2026-09-09T13:28:58+00:00,BUY,No,1,80258734961097198123923301573352140945014668261852925293574269769857745220513,0.004,1111.0,4.444,0xdbfea47580b1329ce996252b2303b31f30f5975a48322fb024b84fdc7db47a9c,trades_4342936_0.json,30
4342936,0xde3a0bfe02d1990325084f5ec59f6b6c46f63c1cb11315daa1cb0f7bd371aa4d,0x6c6578f2fa62b307d71e9c6fcc543dbce5bb3e45,Crypto;Politics,1788960538,2026-09-09T13:28:58+00:00,SELL,Yes,0,70650493992845483141317426509288616583149832748968072019836468749065395099621,0.995,38.04,37.8498,0xdbfea47580b1329ce996252b2303b31f30f5975a48322fb024b84fdc7db47a9c,trades_4342936_0.json,31
4342936,0xde3a0bfe02d1990325084f5ec59f6b6c46f63c1cb11315daa1cb0f7bd371aa4d,0x9b559c039873cd794668492af33b748b6b0a1167,Crypto;Politics,1788960121,2026-09-09T13:22:01+00:00,BUY,Yes,0,70650493992845483141317426509288616583149832748968072019836468749065395099621,0.993,169.59,168.40287,0xe3f9ccad8f485f4b7a563681296c221d5a8d8137008932b9ef68fdd4e2f7f2fb,trades_4342936_0.json,32
4342936,0xde3a0bfe02d1990325084f5ec59f6b6c46f63c1cb11315daa1cb0f7bd371aa4d,0x0c28d976bbfaad597a678f6fc3794d6ba56a9844,Crypto;Politics,1788960121,2026-09-09T13:22:01+00:00,BUY,No,1,80258734961097198123923301573352140945014668261852925293574269769857745220513,0.007,169.59,1.18713,0xe3f9ccad8f485f4b7a563681296c221d5a8d8137008932b9ef68fdd4e2f7f2fb,trades_4342936_0.json,33
4342936,0xde3a0bfe02d1990325084f5ec59f6b6c46f63c1cb11315daa1cb0f7bd371aa4d,0x0c0bee50a56a599a82a71dfc9a32939bc82a529a,Crypto;Politics,1788959952,2026-09-09T13:19:12+00:00,BUY,Yes,0,70650493992845483141317426509288616583149832748968072019836468749065395099621,0.9929999985,4.028142,3.999944999957787,0x82177b082bd05811558bf6ce0b4099a64316ec232d2de71436d8153b7643ef70,trades_4342936_0.json,34
4342936,0xde3a0bfe02d1990325084f5ec59f6b6c46f63c1cb11315daa1cb0f7bd371aa4d,0x0c28d976bbfaad597a678f6fc3794d6ba56a9844,Crypto;Politics,1788959952,2026-09-09T13:19:12+00:00,BUY,No,1,80258734961097198123923301573352140945014668261852925293574269769857745220513,0.0070000015,4.028142,0.028197000042213,0x82177b082bd05811558bf6ce0b4099a64316ec232d2de71436d8153b7643ef70,trades_4342936_0.json,35
4342936,0xde3a0bfe02d1990325084f5ec59f6b6c46f63c1cb11315daa1cb0f7bd371aa4d,0xda68a76eb2575456af9c65d375fa2cba049b6b7b,Crypto;Politics,1788959950,2026-09-09T13:19:10+00:00,BUY,Yes,0,70650493992845483141317426509288616583149832748968072019836468749065395099621,0.992,100.0,99.2,0x5ddc392db0c9b10e43c87fb95106033b926bfd4f33984b9b0abeb765baeb3d4c,trades_4342936_0.json,36
4342936,0xde3a0bfe02d1990325084f5ec59f6b6c46f63c1cb11315daa1cb0f7bd371aa4d,0x8f13db915cca106e6330e8a39996c0a875d8daae,Crypto;Politics,1788959950,2026-09-09T13:19:10+00:00,BUY,No,1,80258734961097198123923301573352140945014668261852925293574269769857745220513,0.008,100.0,0.8,0x5ddc392db0c9b10e43c87fb95106033b926bfd4f33984b9b0abeb765baeb3d4c,trades_4342936_0.json,37
4342936,0xde3a0bfe02d1990325084f5ec59f6b6c46f63c1cb11315daa1cb0f7bd371aa4d,0x67d657e52db60591b27b411f0ed1dbde811c245e,Crypto;Politics,1788959950,2026-09-09T13:19:10+00:00,SELL,No,1,80258734961097198123923301573352140945014668261852925293574269769857745220513,0.0078871978,4666.4,36.80481981392,0x0e56a4ae723042107a23319ea4c31b0e8839b2e4505a974860f88a1ff35874e7,trades_4342936_0.json,38
4342936,0xde3a0bfe02d1990325084f5ec59f6b6c46f63c1cb11315daa1cb0f7bd371aa4d,0x0c28d976bbfaad597a678f6fc3794d6ba56a9844,Crypto;Politics,1788959950,2026-09-09T13:19:10+00:00,BUY,No,1,80258734961097198123923301573352140945014668261852925293574269769857745220513,0.007,626.38,4.38466,0x0e56a4ae723042107a23319ea4c31b0e8839b2e4505a974860f88a1ff35874e7,trades_4342936_0.json,39
4342936,0xde3a0bfe02d1990325084f5ec59f6b6c46f63c1cb11315daa1cb0f7bd371aa4d,0xa67685fa5213fd8167977bfb7b3f50c06d511c22,Crypto;Politics,1788959950,2026-09-09T13:19:10+00:00,BUY,No,1,80258734961097198123923301573352140945014668261852925293574269769857745220513,0.008,3940.02,31.52016,0x0e56a4ae723042107a23319ea4c31b0e8839b2e4505a974860f88a1ff35874e7,trades_4342936_0.json,40
4342936,0xde3a0bfe02d1990325084f5ec59f6b6c46f63c1cb11315daa1cb0f7bd371aa4d,0x8f13db915cca106e6330e8a39996c0a875d8daae,Crypto;Politics,1788959950,2026-09-09T13:19:10+00:00,BUY,No,1,80258734961097198123923301573352140945014668261852925293574269769857745220513,0.009,100.0,0.8999999999999999,0x0e56a4ae723042107a23319ea4c31b0e8839b2e4505a974860f88a1ff35874e7,trades_4342936_0.json,41
4342936,0xde3a0bfe02d1990325084f5ec59f6b6c46f63c1cb11315daa1cb0f7bd371aa4d,0x5b0c6373feeb5a986d5e83402d6c02a0bc623495,Crypto;Politics,1788959898,2026-09-09T13:18:18+00:00,BUY,Yes,0,70650493992845483141317426509288616583149832748968072019836468749065395099621,0.99,5.05,4.999499999999999,0x03af039e54db4861aa84415695b4029fec1f819d5d7e98478bc19570328ca80c,trades_4342936_0.json,42
4342936,0xde3a0bfe02d1990325084f5ec59f6b6c46f63c1cb11315daa1cb0f7bd371aa4d,0x510f4963b66b1b18505faab74b0bb943d1dda43c,Crypto;Politics,1788959898,2026-09-09T13:18:18+00:00,BUY,No,1,80258734961097198123923301573352140945014668261852925293574269769857745220513,0.01,5.05,0.050499999999999996,0x03af039e54db4861aa84415695b4029fec1f819d5d7e98478bc19570328ca80c,trades_4342936_0.json,43
4342936,0xde3a0bfe02d1990325084f5ec59f6b6c46f63c1cb11315daa1cb0f7bd371aa4d,0x816b8451382b8e9cb66972fa4dd4777091739ec7,Crypto;Politics,1788959896,2026-09-09T13:18:16+00:00,BUY,Yes,0,70650493992845483141317426509288616583149832748968072019836468749065395099621,0.992,100.806375,99.99992400000001,0xfcce3545598ad009dedd7bbbb377c38898c034966d7862d21d96edcff8dd0647,trades_4342936_0.json,44
4342936,0xde3a0bfe02d1990325084f5ec59f6b6c46f63c1cb11315daa1cb0f7bd371aa4d,0xa67685fa5213fd8167977bfb7b3f50c06d511c22,Crypto;Politics,1788959896,2026-09-09T13:18:16+00:00,BUY,No,1,80258734961097198123923301573352140945014668261852925293574269769857745220513,0.008,59.976375,0.479811,0xfcce3545598ad009dedd7bbbb377c38898c034966d7862d21d96edcff8dd0647,trades_4342936_0.json,45
4342936,0xde3a0bfe02d1990325084f5ec59f6b6c46f63c1cb11315daa1cb0f7bd371aa4d,0x510f4963b66b1b18505faab74b0bb943d1dda43c,Crypto;Politics,1788959896,2026-09-09T13:18:16+00:00,BUY,No,1,80258734961097198123923301573352140945014668261852925293574269769857745220513,0.008,30.0,0.24,0xfcce3545598ad009dedd7bbbb377c38898c034966d7862d21d96edcff8dd0647,trades_4342936_0.json,46
4342936,0xde3a0bfe02d1990325084f5ec59f6b6c46f63c1cb11315daa1cb0f7bd371aa4d,0x90b8a592168217809c2d79366dfe682b80278665,Crypto;Politics,1788959896,2026-09-09T13:18:16+00:00,BUY,No,1,80258734961097198123923301573352140945014668261852925293574269769857745220513,0.008,10.83,0.08664000000000001,0xfcce3545598ad009dedd7bbbb377c38898c034966d7862d21d96edcff8dd0647,trades_4342936_0.json,47
4342936,0xde3a0bfe02d1990325084f5ec59f6b6c46f63c1cb11315daa1cb0f7bd371aa4d,0x50b4ab8658dd8c9901c69208d275d81cdeaac879,Crypto;Politics,1788959631,2026-09-09T13:13:51+00:00,BUY,Yes,0,70650493992845483141317426509288616583149832748968072019836468749065395099621,0.996,100.4015,99.999894,0xbe4eb344dc63ed67f81268b77cca8e7995403c18e14a5c845a64e4e4c88910e3,trades_4342936_0.json,48
4342936,0xde3a0bfe02d1990325084f5ec59f6b6c46f63c1cb11315daa1cb0f7bd371aa4d,0x4ffe49ba2a4cae123536a8af4fda48faeb609f71,Crypto;Politics,1788959631,2026-09-09T13:13:51+00:00,BUY,No,1,80258734961097198123923301573352140945014668261852925293574269769857745220513,0.004,100.4015,0.401606,0xbe4eb344dc63ed67f81268b77cca8e7995403c18e14a5c845a64e4e4c88910e3,trades_4342936_0.json,49
4342936,0xde3a0bfe02d1990325084f5ec59f6b6c46f63c1cb11315daa1cb0f7bd371aa4d,0xb4d2a33b651929309585d438b0b2cc7aaff4e7de,Crypto;Politics,1788959602,2026-09-09T13:13:22+00:00,BUY,Yes,0,70650493992845483141317426509288616583149832748968072019836468749065395099621,0.9969924292,660.43,658.4437100165559,0xb3a1e1b50eaf1113e9d5c83847232dd78a42554399b848894a3df67c5d9b3c23,trades_4342936_0.json,50
4342936,0xde3a0bfe02d1990325084f5ec59f6b6c46f63c1cb11315daa1cb0f7bd371aa4d,0x5188fa0e8a77e87bc6a58e6781fdfc4e165cc804,Crypto;Politics,1788959602,2026-09-09T13:13:22+00:00,BUY,No,1,80258734961097198123923301573352140945014668261852925293574269769857745220513,0.003,655.43,1.9662899999999999,0xb3a1e1b50eaf1113e9d5c83847232dd78a42554399b848894a3df67c5d9b3c23,trades_4342936_0.json,51
4342936,0xde3a0bfe02d1990325084f5ec59f6b6c46f63c1cb11315daa1cb0f7bd371aa4d,0x8fae33f5822f3e5e472d4796a55d5110241b2f76,Crypto;Politics,1788959602,2026-09-09T13:13:22+00:00,SELL,Yes,0,70650493992845483141317426509288616583149832748968072019836468749065395099621,0.996,5.0,4.98,0xb3a1e1b50eaf1113e9d5c83847232dd78a42554399b848894a3df67c5d9b3c23,trades_4342936_0.json,52
4342936,0xde3a0bfe02d1990325084f5ec59f6b6c46f63c1cb11315daa1cb0f7bd371aa4d,0xda68a76eb2575456af9c65d375fa2cba049b6b7b,Crypto;Politics,1788959574,2026-09-09T13:12:54+00:00,BUY,Yes,0,70650493992845483141317426509288616583149832748968072019836468749065395099621,0.9872738856,12863.29,12699.590299899624,0x945eb2e2273caf996a349e5802828102fd65c0b1c57da68a638833925b0c0c49,trades_4342936_0.json,53
4342936,0xde3a0bfe02d1990325084f5ec59f6b6c46f63c1cb11315daa1cb0f7bd371aa4d,0x25a74e4d0795b842a4e8e934620781e3c5f48b7c,Crypto;Politics,1788959574,2026-09-09T13:12:54+00:00,SELL,Yes,0,70650493992845483141317426509288616583149832748968072019836468749065395099621,0.99,1362.14,1348.5186,0x945eb2e2273caf996a349e5802828102fd65c0b1c57da68a638833925b0c0c49,trades_4342936_0.json,54
4342936,0xde3a0bfe02d1990325084f5ec59f6b6c46f63c1cb11315daa1cb0f7bd371aa4d,0xf25b97c7b6b9cc2a8f898ae3bdf157781a6882d0,Crypto;Politics,1788959574,2026-09-09T13:12:54+00:00,BUY,No,1,80258734961097198123923301573352140945014668261852925293574269769857745220513,0.01,200.0,2.0,0x945eb2e2273caf996a349e5802828102fd65c0b1c57da68a638833925b0c0c49,trades_4342936_0.json,55
4342936,0xde3a0bfe02d1990325084f5ec59f6b6c46f63c1cb11315daa1cb0f7bd371aa4d,0x6c056c53917985d73527efca9cef85158297c270,Crypto;Politics,1788959574,2026-09-09T13:12:54+00:00,SELL,Yes,0,70650493992845483141317426509288616583149832748968072019836468749065395099621,0.99,27.59,27.3141,0x945eb2e2273caf996a349e5802828102fd65c0b1c57da68a638833925b0c0c49,trades_4342936_0.json,56
4342936,0xde3a0bfe02d1990325084f5ec59f6b6c46f63c1cb11315daa1cb0f7bd371aa4d,0x46b353667fd7d846af3bbeda6584b0e5b883d3de,Crypto;Politics,1788959574,2026-09-09T13:12:54+00:00,BUY,No,1,80258734961097198123923301573352140945014668261852925293574269769857745220513,0.01,8.0,0.08,0x945eb2e2273caf996a349e5802828102fd65c0b1c57da68a638833925b0c0c49,trades_4342936_0.json,57
4342936,0xde3a0bfe02d1990325084f5ec59f6b6c46f63c1cb11315daa1cb0f7bd371aa4d,0x2c3928af89565c352afe8e2a1b25deed77a056dc,Crypto;Politics,1788959574,2026-09-09T13:12:54+00:00,BUY,No,1,80258734961097198123923301573352140945014668261852925293574269769857745220513,0.013,9999.0,129.987,0x945eb2e2273caf996a349e5802828102fd65c0b1c57da68a638833925b0c0c49,trades_4342936_0.json,58
4342936,0xde3a0bfe02d1990325084f5ec59f6b6c46f63c1cb11315daa1cb0f7bd371aa4d,0x5ad63f1d19baa674f090e34ab377f5bee2955e1c,Crypto;Politics,1788959574,2026-09-09T13:12:54+00:00,SELL,Yes,0,70650493992845483141317426509288616583149832748968072019836468749065395099621,0.986,407.78,402.07108,0x945eb2e2273caf996a349e5802828102fd65c0b1c57da68a638833925b0c0c49,trades_4342936_0.json,59
4342936,0xde3a0bfe02d1990325084f5ec59f6b6c46f63c1cb11315daa1cb0f7bd371aa4d,0x4ffe49ba2a4cae123536a8af4fda48faeb609f71,Crypto;Politics,1788959574,2026-09-09T13:12:54+00:00,BUY,No,1,80258734961097198123923301573352140945014668261852925293574269769857745220513,0.014,857.0,11.998000000000001,0x945eb2e2273caf996a349e5802828102fd65c0b1c57da68a638833925b0c0c49,trades_4342936_0.json,60
4342936,0xde3a0bfe02d1990325084f5ec59f6b6c46f63c1cb11315daa1cb0f7bd371aa4d,0x510f4963b66b1b18505faab74b0bb943d1dda43c,Crypto;Politics,1788959574,2026-09-09T13:12:54+00:00,SELL,Yes,0,70650493992845483141317426509288616583149832748968072019836468749065395099621,0.984,1.78,1.75152,0x945eb2e2273caf996a349e5802828102fd65c0b1c57da68a638833925b0c0c49,trades_4342936_0.json,61
4342936,0xde3a0bfe02d1990325084f5ec59f6b6c46f63c1cb11315daa1cb0f7bd371aa4d,0xf0a82bc3ad4ecf61267a8174739aedb74a7d877c,Crypto;Politics,1788959553,2026-09-09T13:12:33+00:00,BUY,Yes,0,70650493992845483141317426509288616583149832748968072019836468749065395099621,0.9839999691,28.211383,27.760000000268267,0x83e6e7547cbfaef5cad6248b0f9b031de4cdf6283f39e230251b466b0fcf256c,trades_4342936_0.json,62
4342936,0xde3a0bfe02d1990325084f5ec59f6b6c46f63c1cb11315daa1cb0f7bd371aa4d,0x510f4963b66b1b18505faab74b0bb943d1dda43c,Crypto;Politics,1788959553,2026-09-09T13:12:33+00:00,SELL,Yes,0,70650493992845483141317426509288616583149832748968072019836468749065395099621,0.9839999691,28.211383,27.760000000268267,0x83e6e7547cbfaef5cad6248b0f9b031de4cdf6283f39e230251b466b0fcf256c,trades_4342936_0.json,63
4342936,0xde3a0bfe02d1990325084f5ec59f6b6c46f63c1cb11315daa1cb0f7bd371aa4d,0x9f140ccf5ed00fce6bcfd212896c0cf71b017328,Crypto;Politics,1788959260,2026-09-09T13:07:40+00:00,SELL,Yes,0,70650493992845483141317426509288616583149832748968072019836468749065395099621,0.9442629824,167.92,158.560640004608,0x26f69c1874a831da7fc24c3638560ce46d6f351c233da31e8f419801586b3dba,trades_4342936_0.json,64
4342936,0xde3a0bfe02d1990325084f5ec59f6b6c46f63c1cb11315daa1cb0f7bd371aa4d,0xa815f590e64fa64d417df72c581a32f5ff449cbe,Crypto;Politics,1788959260,2026-09-09T13:07:40+00:00,SELL,No,1,80258734961097198123923301573352140945014668261852925293574269769857745220513,0.058,7.92,0.45936000000000005,0x26f69c1874a831da7fc24c3638560ce46d6f351c233da31e8f419801586b3dba,trades_4342936_0.json,65
4342936,0xde3a0bfe02d1990325084f5ec59f6b6c46f63c1cb11315daa1cb0f7bd371aa4d,0x44a0152818fcf1aca60f70fb822774d27adf76e5,Crypto;Politics,1788959260,2026-09-09T13:07:40+00:00,BUY,Yes,0,70650493992845483141317426509288616583149832748968072019836468749065395099621,0.944,100.0,94.39999999999999,0x26f69c1874a831da7fc24c3638560ce46d6f351c233da31e8f419801586b3dba,trades_4342936_0.json,66
4342936,0xde3a0bfe02d1990325084f5ec59f6b6c46f63c1cb11315daa1cb0f7bd371aa4d,0x510f4963b66b1b18505faab74b0bb943d1dda43c,Crypto;Politics,1788959260,2026-09-09T13:07:40+00:00,SELL,No,1,80258734961097198123923301573352140945014668261852925293574269769857745220513,0.055,30.0,1.65,0x26f69c1874a831da7fc24c3638560ce46d6f351c233da31e8f419801586b3dba,trades_4342936_0.json,67
4342936,0xde3a0bfe02d1990325084f5ec59f6b6c46f63c1cb11315daa1cb0f7bd371aa4d,0x510f4963b66b1b18505faab74b0bb943d1dda43c,Crypto;Politics,1788959260,2026-09-09T13:07:40+00:00,BUY,Yes,0,70650493992845483141317426509288616583149832748968072019836468749065395099621,0.945,30.0,28.349999999999998,0x26f69c1874a831da7fc24c3638560ce46d6f351c233da31e8f419801586b3dba,trades_4342936_0.json,68
4342936,0xde3a0bfe02d1990325084f5ec59f6b6c46f63c1cb11315daa1cb0f7bd371aa4d,0xbb14cde6d45012362ab6a812f4217436028e14ff,Crypto;Politics,1788959260,2026-09-09T13:07:40+00:00,BUY,Yes,0,70650493992845483141317426509288616583149832748968072019836468749065395099621,0.984999999,10.152266,9.999981999847734,0xcc4a780fd8b6f20344f568dc7b946f344e700be7367a648247af8c83988fefb6,trades_4342936_0.json,69
4342936,0xde3a0bfe02d1990325084f5ec59f6b6c46f63c1cb11315daa1cb0f7bd371aa4d,0x8f13db915cca106e6330e8a39996c0a875d8daae,Crypto;Politics,1788959260,2026-09-09T13:07:40+00:00,BUY,No,1,80258734961097198123923301573352140945014668261852925293574269769857745220513,0.0150000014,7.152266,0.10728400001317241,0xcc4a780fd8b6f20344f568dc7b946f344e700be7367a648247af8c83988fefb6,trades_4342936_0.json,70
4342936,0xde3a0bfe02d1990325084f5ec59f6b6c46f63c1cb11315daa1cb0f7bd371aa4d,0xa815f590e64fa64d417df72c581a32f5ff449cbe,Crypto;Politics,1788959260,2026-09-09T13:07:40+00:00,BUY,No,1,80258734961097198123923301573352140945014668261852925293574269769857745220513,0.015,3.0,0.045,0xcc4a780fd8b6f20344f568dc7b946f344e700be7367a648247af8c83988fefb6,trades_4342936_0.json,71
4342936,0xde3a0bfe02d1990325084f5ec59f6b6c46f63c1cb11315daa1cb0f7bd371aa4d,0x29aca7f27bb791b66e17513bf0b4914387db2141,Crypto;Politics,1788959061,2026-09-09T13:04:21+00:00,SELL,Yes,0,70650493992845483141317426509288616583149832748968072019836468749065395099621,0.98,5.26,5.1548,0x3f509d81e162863c6cd6633be109cd33e45cf6ce352797a25d2d77fe63db275c,trades_4342936_0.json,72
4342936,0xde3a0bfe02d1990325084f5ec59f6b6c46f63c1cb11315daa1cb0f7bd371aa4d,0x9b559c039873cd794668492af33b748b6b0a1167,Crypto;Politics,1788959061,2026-09-09T13:04:21+00:00,BUY,Yes,0,70650493992845483141317426509288616583149832748968072019836468749065395099621,0.98,5.26,5.1548,0x3f509d81e162863c6cd6633be109cd33e45cf6ce352797a25d2d77fe63db275c,trades_4342936_0.json,73
4342936,0xde3a0bfe02d1990325084f5ec59f6b6c46f63c1cb11315daa1cb0f7bd371aa4d,0x9b559c039873cd794668492af33b748b6b0a1167,Crypto;Politics,1788958998,2026-09-09T13:03:18+00:00,BUY,Yes,0,70650493992845483141317426509288616583149832748968072019836468749065395099621,0.985,200.0,197.0,0x165bd40f90d210b0f2952e5dde8c01d07c71684f7cd1e817adab5d09c1f60530,trades_4342936_0.json,74
4342936,0xde3a0bfe02d1990325084f5ec59f6b6c46f63c1cb11315daa1cb0f7bd371aa4d,0xa815f590e64fa64d417df72c581a32f5ff449cbe,Crypto;Politics,1788958998,2026-09-09T13:03:18+00:00,BUY,No,1,80258734961097198123923301573352140945014668261852925293574269769857745220513,0.015,200.0,3.0,0x165bd40f90d210b0f2952e5dde8c01d07c71684f7cd1e817adab5d09c1f60530,trades_4342936_0.json,75
4342936,0xde3a0bfe02d1990325084f5ec59f6b6c46f63c1cb11315daa1cb0f7bd371aa4d,0xad5353afe30c2da57709e2704ef3ccdcf67eef24,Crypto;Politics,1788958863,2026-09-09T13:01:03+00:00,BUY,No,1,80258734961097198123923301573352140945014668261852925293574269769857745220513,0.022,23.73,0.52206,0x569ec9b11f3ffd98bf019af1927b00282cfb437112cbb67fac1e8409e69a5bf4,trades_4342936_0.json,76
4342936,0xde3a0bfe02d1990325084f5ec59f6b6c46f63c1cb11315daa1cb0f7bd371aa4d,0xc4567fe2a835b23f40db07f567ba0efbbdc98996,Crypto;Politics,1788958863,2026-09-09T13:01:03+00:00,SELL,No,1,80258734961097198123923301573352140945014668261852925293574269769857745220513,0.022,23.73,0.52206,0x569ec9b11f3ffd98bf019af1927b00282cfb437112cbb67fac1e8409e69a5bf4,trades_4342936_0.json,77
4342936,0xde3a0bfe02d1990325084f5ec59f6b6c46f63c1cb11315daa1cb0f7bd371aa4d,0xc4567fe2a835b23f40db07f567ba0efbbdc98996,Crypto;Politics,1788958863,2026-09-09T13:01:03+00:00,SELL,No,1,80258734961097198123923301573352140945014668261852925293574269769857745220513,0.022,76.4,1.6808,0x734396e54316a90ddc2a281056cf72da633faeb6a273f7bca8d47a6654027267,trades_4342936_0.json,78
4342936,0xde3a0bfe02d1990325084f5ec59f6b6c46f63c1cb11315daa1cb0f7bd371aa4d,0x510f4963b66b1b18505faab74b0bb943d1dda43c,Crypto;Politics,1788958863,2026-09-09T13:01:03+00:00,BUY,No,1,80258734961097198123923301573352140945014668261852925293574269769857745220513,0.022,30.0,0.6599999999999999,0x734396e54316a90ddc2a281056cf72da633faeb6a273f7bca8d47a6654027267,trades_4342936_0.json,79
4342936,0xde3a0bfe02d1990325084f5ec59f6b6c46f63c1cb11315daa1cb0f7bd371aa4d,0xad5353afe30c2da57709e2704ef3ccdcf67eef24,Crypto;Politics,1788958863,2026-09-09T13:01:03+00:00,BUY,No,1,80258734961097198123923301573352140945014668261852925293574269769857745220513,0.022,46.4,1.0208,0x734396e54316a90ddc2a281056cf72da633faeb6a273f7bca8d47a6654027267,trades_4342936_0.json,80
4342936,0xde3a0bfe02d1990325084f5ec59f6b6c46f63c1cb11315daa1cb0f7bd371aa4d,0xa84f6eac41dcefff5c8f59b28fcaa31af9dcbc44,Crypto;Politics,1788958834,2026-09-09T13:00:34+00:00,SELL,Yes,0,70650493992845483141317426509288616583149832748968072019836468749065395099621,0.9406701589,84.95,79.909929998555,0xdcf47cfc62104a50222776d938ee2d53d1cda435dac25ff6ec72551e4895809d,trades_4342936_0.json,81
4342936,0xde3a0bfe02d1990325084f5ec59f6b6c46f63c1cb11315daa1cb0f7bd371aa4d,0x9b559c039873cd794668492af33b748b6b0a1167,Crypto;Politics,1788958834,2026-09-09T13:00:34+00:00,BUY,Yes,0,70650493992845483141317426509288616583149832748968072019836468749065395099621,0.94,28.02,26.3388,0xdcf47cfc62104a50222776d938ee2d53d1cda435dac25ff6ec72551e4895809d,trades_4342936_0.json,82
4342936,0xde3a0bfe02d1990325084f5ec59f6b6c46f63c1cb11315daa1cb0f7bd371aa4d,0x44a0152818fcf1aca60f70fb822774d27adf76e5,Crypto;Politics,1788958834,2026-09-09T13:00:34+00:00,BUY,Yes,0,70650493992845483141317426509288616583149832748968072019836468749065395099621,0.941,50.0,47.05,0xdcf47cfc62104a50222776d938ee2d53d1cda435dac25ff6ec72551e4895809d,trades_4342936_0.json,83
4342936,0xde3a0bfe02d1990325084f5ec59f6b6c46f63c1cb11315daa1cb0f7bd371aa4d,0x90b8a592168217809c2d79366dfe682b80278665,Crypto;Politics,1788958834,2026-09-09T13:00:34+00:00,SELL,No,1,80258734961097198123923301573352140945014668261852925293574269769857745220513,0.059,6.93,0.40886999999999996,0xdcf47cfc62104a50222776d938ee2d53d1cda435dac25ff6ec72551e4895809d,trades_4342936_0.json,84
4342936,0xde3a0bfe02d1990325084f5ec59f6b6c46f63c1cb11315daa1cb0f7bd371aa4d,0xc8d58a9883331da890fa42209b16add454bd4c74,Crypto;Politics,1788958762,2026-09-09T12:59:22+00:00,BUY,Yes,0,70650493992845483141317426509288616583149832748968072019836468749065395099621,0.9779999814,1.07359,1.0499710000312261,0xace6d8d1a8e6324810d2bb41c1d8eb1e0883dcc986564f6e065fb181371aaddc,trades_4342936_0.json,85
4342936,0xde3a0bfe02d1990325084f5ec59f6b6c46f63c1cb11315daa1cb0f7bd371aa4d,0xad5353afe30c2da57709e2704ef3ccdcf67eef24,Crypto;Politics,1788958762,2026-09-09T12:59:22+00:00,BUY,No,1,80258734961097198123923301573352140945014668261852925293574269769857745220513,0.0220000186,1.07359,0.023618999968774,0xace6d8d1a8e6324810d2bb41c1d8eb1e0883dcc986564f6e065fb181371aaddc,trades_4342936_0.json,86
4342936,0xde3a0bfe02d1990325084f5ec59f6b6c46f63c1cb11315daa1cb0f7bd371aa4d,0xda68a76eb2575456af9c65d375fa2cba049b6b7b,Crypto;Politics,1788958686,2026-09-09T12:58:06+00:00,BUY,Yes,0,70650493992845483141317426509288616583149832748968072019836468749065395099621,0.9791293625,3446.98,3375.0393299502502,0xe6524fffabccaba1ba10c7c256bf11375f92e5f5a3491f668d8020b64a0a094b,trades_4342936_0.json,87
4342936,0xde3a0bfe02d1990325084f5ec59f6b6c46f63c1cb11315daa1cb0f7bd371aa4d,0x25a74e4d0795b842a4e8e934620781e3c5f48b7c,Crypto;Politics,1788958686,2026-09-09T12:58:06+00:00,SELL,Yes,0,70650493992845483141317426509288616583149832748968072019836468749065395099621,0.98,1000.0,980.0,0xe6524fffabccaba1ba10c7c256bf11375f92e5f5a3491f668d8020b64a0a094b,trades_4342936_0.json,88
4342936,0xde3a0bfe02d1990325084f5ec59f6b6c46f63c1cb11315daa1cb0f7bd371aa4d,0x6b883279a39dc319e339f6a04c3138e3c1c9aec8,Crypto;Politics,1788958686,2026-09-09T12:58:06+00:00,BUY,No,1,80258734961097198123923301573352140945014668261852925293574269769857745220513,0.02,2000.0,40.0,0xe6524fffabccaba1ba10c7c256bf11375f92e5f5a3491f668d8020b64a0a094b,trades_4342936_0.json,89
4342936,0xde3a0bfe02d1990325084f5ec59f6b6c46f63c1cb11315daa1cb0f7bd371aa4d,0xa815f590e64fa64d417df72c581a32f5ff449cbe,Crypto;Politics,1788958686,2026-09-09T12:58:06+00:00,BUY,No,1,80258734961097198123923301573352140945014668261852925293574269769857745220513,0.023,202.0,4.646,0xe6524fffabccaba1ba10c7c256bf11375f92e5f5a3491f668d8020b64a0a094b,trades_4342936_0.json,90
4342936,0xde3a0bfe02d1990325084f5ec59f6b6c46f63c1cb11315daa1cb0f7bd371aa4d,0xb08223d6994cf79c10afc58653cbb8051ed55138,Crypto;Politics,1788958686,2026-09-09T12:58:06+00:00,SELL,Yes,0,70650493992845483141317426509288616583149832748968072019836468749065395099621,0.976,199.99,195.19024000000002,0xe6524fffabccaba1ba10c7c256bf11375f92e5f5a3491f668d8020b64a0a094b,trades_4342936_0.json,91
4342936,0xde3a0bfe02d1990325084f5ec59f6b6c46f63c1cb11315daa1cb0f7bd371aa4d,0x90b8a592168217809c2d79366dfe682b80278665,Crypto;Politics,1788958686,2026-09-09T12:58:06+00:00,BUY,No,1,80258734961097198123923301573352140945014668261852925293574269769857745220513,0.025,6.93,0.17325000000000002,0xe6524fffabccaba1ba10c7c256bf11375f92e5f5a3491f668d8020b64a0a094b,trades_4342936_0.json,92
4342936,0xde3a0bfe02d1990325084f5ec59f6b6c46f63c1cb11315daa1cb0f7bd371aa4d,0x6af56c0169ddb4efd7f55d1bb67d381d378a4f98,Crypto;Politics,1788958686,2026-09-09T12:58:06+00:00,BUY,No,1,80258734961097198123923301573352140945014668261852925293574269769857745220513,0.061,38.06,2.32166,0xe6524fffabccaba1ba10c7c256bf11375f92e5f5a3491f668d8020b64a0a094b,trades_4342936_0.json,93
4342936,0xde3a0bfe02d1990325084f5ec59f6b6c46f63c1cb11315daa1cb0f7bd371aa4d,0x4f9eedcc32b40633a04fb45b8149e1b600479aa0,Crypto;Politics,1788958677,2026-09-09T12:57:57+00:00,BUY,Yes,0,70650493992845483141317426509288616583149832748968072019836468749065395099621,0.939,2.0,1.878,0x2509743462eeda078236a3af2a6c767704f127aea4acf23e9200540c3bbc3cda,trades_4342936_0.json,94
4342936,0xde3a0bfe02d1990325084f5ec59f6b6c46f63c1cb11315daa1cb0f7bd371aa4d,0x6af56c0169ddb4efd7f55d1bb67d381d378a4f98,Crypto;Politics,1788958677,2026-09-09T12:57:57+00:00,BUY,No,1,80258734961097198123923301573352140945014668261852925293574269769857745220513,0.061,2.0,0.122,0x2509743462eeda078236a3af2a6c767704f127aea4acf23e9200540c3bbc3cda,trades_4342936_0.json,95
4342936,0xde3a0bfe02d1990325084f5ec59f6b6c46f63c1cb11315daa1cb0f7bd371aa4d,0x6c056c53917985d73527efca9cef85158297c270,Crypto;Politics,1788958677,2026-09-09T12:57:57+00:00,BUY,Yes,0,70650493992845483141317426509288616583149832748968072019836468749065395099621,0.937103675,28.03318,26.2699959999365,0x88a8bc1bcd9eab30ff0f70ed2dde94dab8bb2371715f5b35de5751ec847d1656,trades_4342936_0.json,96
4342936,0xde3a0bfe02d1990325084f5ec59f6b6c46f63c1cb11315daa1cb0f7bd371aa4d,0x6af56c0169ddb4efd7f55d1bb67d381d378a4f98,Crypto;Politics,1788958677,2026-09-09T12:57:57+00:00,BUY,No,1,80258734961097198123923301573352140945014668261852925293574269769857745220513,0.0610000014,14.74318,0.899334000640452,0x88a8bc1bcd9eab30ff0f70ed2dde94dab8bb2371715f5b35de5751ec847d1656,trades_4342936_0.json,97
4342936,0xde3a0bfe02d1990325084f5ec59f6b6c46f63c1cb11315daa1cb0f7bd371aa4d,0x840ab782f6946bee0fad5f3a8e6860c29dfc7aba,Crypto;Politics,1788958677,2026-09-09T12:57:57+00:00,SELL,Yes,0,70650493992845483141317426509288616583149832748968072019836468749065395099621,0.935,6.69,6.25515,0x88a8bc1bcd9eab30ff0f70ed2dde94dab8bb2371715f5b35de5751ec847d1656,trades_4342936_0.json,98
4342936,0xde3a0bfe02d1990325084f5ec59f6b6c46f63c1cb11315daa1cb0f7bd371aa4d,0xc5606bd8d8ce9393a0d28c0dec629493b21eadba,Crypto;Politics,1788958677,2026-09-09T12:57:57+00:00,SELL,Yes,0,70650493992845483141317426509288616583149832748968072019836468749065395099621,0.935,6.6,6.171,0x88a8bc1bcd9eab30ff0f70ed2dde94dab8bb2371715f5b35de5751ec847d1656,trades_4342936_0.json,99
4342936,0xde3a0bfe02d1990325084f5ec59f6b6c46f63c1cb11315daa1cb0f7bd371aa4d,0x154794795d978c5890b3f69264311f0bd966d066,Crypto;Politics,1788958675,2026-09-09T12:57:55+00:00,BUY,Yes,0,70650493992845483141317426509288616583149832748968072019836468749065395099621,0.9194751039,411.51,378.373200005889,0xf3c1c588de8cbbcafaa38d3014e9345d9abdfb8d4697f28e148058e375132e1d,trades_4342936_1.json,0
4342936,0xde3a0bfe02d1990325084f5ec59f6b6c46f63c1cb11315daa1cb0f7bd371aa4d,0x4867293b553c91c8f35a8fd811660d23c353a6f8,Crypto;Politics,1788958675,2026-09-09T12:57:55+00:00,SELL,Yes,0,70650493992845483141317426509288616583149832748968072019836468749065395099621,0.92,229.51,211.1492,0xf3c1c588de8cbbcafaa38d3014e9345d9abdfb8d4697f28e148058e375132e1d,trades_4342936_1.json,1
4342936,0xde3a0bfe02d1990325084f5ec59f6b6c46f63c1cb11315daa1cb0f7bd371aa4d,0x4ffe49ba2a4cae123536a8af4fda48faeb609f71,Crypto;Politics,1788958675,2026-09-09T12:57:55+00:00,BUY,No,1,80258734961097198123923301573352140945014668261852925293574269769857745220513,0.081,148.0,11.988,0xf3c1c588de8cbbcafaa38d3014e9345d9abdfb8d4697f28e148058e375132e1d,trades_4342936_1.json,2
4342936,0xde3a0bfe02d1990325084f5ec59f6b6c46f63c1cb11315daa1cb0f7bd371aa4d,0x55332464a4d4fae19956d740dddff103918251ba,Crypto;Politics,1788958675,2026-09-09T12:57:55+00:00,BUY,No,1,80258734961097198123923301573352140945014668261852925293574269769857745220513,0.082,34.0,2.7880000000000003,0xf3c1c588de8cbbcafaa38d3014e9345d9abdfb8d4697f28e148058e375132e1d,trades_4342936_1.json,3
4342936,0xde3a0bfe02d1990325084f5ec59f6b6c46f63c1cb11315daa1cb0f7bd371aa4d,0x914bc38b6e539d390977d1525b7e71a9c359e406,Crypto;Politics,1788958098,2026-09-09T12:48:18+00:00,BUY,Yes,0,70650493992845483141317426509288616583149832748968072019836468749065395099621,0.92,54.25,49.910000000000004,0x4b2476d880471bfe4a5aaf43bfe432a644ca98115591b31bc8fabe7d9ad63e5c,trades_4342936_1.json,4
4342936,0xde3a0bfe02d1990325084f5ec59f6b6c46f63c1cb11315daa1cb0f7bd371aa4d,0x4867293b553c91c8f35a8fd811660d23c353a6f8,Crypto;Politics,1788958098,2026-09-09T12:48:18+00:00,SELL,Yes,0,70650493992845483141317426509288616583149832748968072019836468749065395099621,0.92,54.25,49.910000000000004,0x4b2476d880471bfe4a5aaf43bfe432a644ca98115591b31bc8fabe7d9ad63e5c,trades_4342936_1.json,5
4342936,0xde3a0bfe02d1990325084f5ec59f6b6c46f63c1cb11315daa1cb0f7bd371aa4d,0xf8fcd4d827a3c88d99b35416903888bc62eeae82,Crypto;Politics,1788957970,2026-09-09T12:46:10+00:00,BUY,No,1,80258734961097198123923301573352140945014668261852925293574269769857745220513,0.0844710126,70.9119,5.989999998389941,0x1640d0ec9877f6ab65f54bc82a2499250f323fc42c9a4412b07e712175c4dd3d,trades_4342936_1.json,6
4342936,0xde3a0bfe02d1990325084f5ec59f6b6c46f63c1cb11315daa1cb0f7bd371aa4d,0x5ad63f1d19baa674f090e34ab377f5bee2955e1c,Crypto;Politics,1788957970,2026-09-09T12:46:10+00:00,BUY,Yes,0,70650493992845483141317426509288616583149832748968072019836468749065395099621,0.9,7.7819,7.003710000000001,0x1640d0ec9877f6ab65f54bc82a2499250f323fc42c9a4412b07e712175c4dd3d,trades_4342936_1.json,7
4342936,0xde3a0bfe02d1990325084f5ec59f6b6c46f63c1cb11315daa1cb0f7bd371aa4d,0xa7cc7817732706b4d2aaad34800df605824814fa,Crypto;Politics,1788957970,2026-09-09T12:46:10+00:00,BUY,Yes,0,70650493992845483141317426509288616583149832748968072019836468749065395099621,0.911,5.48,4.992280000000001,0x1640d0ec9877f6ab65f54bc82a2499250f323fc42c9a4412b07e712175c4dd3d,trades_4342936_1.json,8
4342936,0xde3a0bfe02d1990325084f5ec59f6b6c46f63c1cb11315daa1cb0f7bd371aa4d,0xef5975a7815c367ee97f332611cf9f1fda626a9f,Crypto;Politics,1788957970,2026-09-09T12:46:10+00:00,BUY,Yes,0,70650493992845483141317426509288616583149832748968072019836468749065395099621,0.911,5.48,4.992280000000001,0x1640d0ec9877f6ab65f54bc82a2499250f323fc42c9a4412b07e712175c4dd3d,trades_4342936_1.json,9
4342936,0xde3a0bfe02d1990325084f5ec59f6b6c46f63c1cb11315daa1cb0f7bd371aa4d,0x54b9b0978f136f586ac993d2f949e3d276c7ad6b,Crypto;Politics,1788957970,2026-09-09T12:46:10+00:00,BUY,Yes,0,70650493992845483141317426509288616583149832748968072019836468749065395099621,0.911,5.48,4.992280000000001,0x1640d0ec9877f6ab65f54bc82a2499250f323fc42c9a4412b07e712175c4dd3d,trades_4342936_1.json,10
4342936,0xde3a0bfe02d1990325084f5ec59f6b6c46f63c1cb11315daa1cb0f7bd371aa4d,0x840ab782f6946bee0fad5f3a8e6860c29dfc7aba,Crypto;Politics,1788957970,2026-09-09T12:46:10+00:00,BUY,Yes,0,70650493992845483141317426509288616583149832748968072019836468749065395099621,0.915,6.69,6.1213500000000005,0x1640d0ec9877f6ab65f54bc82a2499250f323fc42c9a4412b07e712175c4dd3d,trades_4342936_1.json,11
4342936,0xde3a0bfe02d1990325084f5ec59f6b6c46f63c1cb11315daa1cb0f7bd371aa4d,0xa4c415134b9a2bf11a08b5f52cb77af900f2e42d,Crypto;Politics,1788957970,2026-09-09T12:46:10+00:00,SELL,No,1,80258734961097198123923301573352140945014668261852925293574269769857745220513,0.084,20.0,1.6800000000000002,0x1640d0ec9877f6ab65f54bc82a2499250f323fc42c9a4412b07e712175c4dd3d,trades_4342936_1.json,12
4342936,0xde3a0bfe02d1990325084f5ec59f6b6c46f63c1cb11315daa1cb0f7bd371aa4d,0x44a0152818fcf1aca60f70fb822774d27adf76e5,Crypto;Politics,1788957970,2026-09-09T12:46:10+00:00,BUY,Yes,0,70650493992845483141317426509288616583149832748968072019836468749065395099621,0.925,20.0,18.5,0x1640d0ec9877f6ab65f54bc82a2499250f323fc42c9a4412b07e712175c4dd3d,trades_4342936_1.json,13
4342936,0xde3a0bfe02d1990325084f5ec59f6b6c46f63c1cb11315daa1cb0f7bd371aa4d,0x44a0152818fcf1aca60f70fb822774d27adf76e5,Crypto;Politics,1788957870,2026-09-09T12:44:30+00:00,BUY,Yes,0,70650493992845483141317426509288616583149832748968072019836468749065395099621,0.919,34.0,31.246000000000002,0x34b830fc5d0f7bfaea61e633b359c16c543d423d034b27ea7b10abee5fb04629,trades_4342936_1.json,14
4342936,0xde3a0bfe02d1990325084f5ec59f6b6c46f63c1cb11315daa1cb0f7bd371aa4d,0x55332464a4d4fae19956d740dddff103918251ba,Crypto;Politics,1788957870,2026-09-09T12:44:30+00:00,BUY,No,1,80258734961097198123923301573352140945014668261852925293574269769857745220513,0.081,34.0,2.754,0x34b830fc5d0f7bfaea61e633b359c16c543d423d034b27ea7b10abee5fb04629,trades_4342936_1.json,15
4342936,0xde3a0bfe02d1990325084f5ec59f6b6c46f63c1cb11315daa1cb0f7bd371aa4d,0x638dc9ee7760a35c304afaec7acb2bb7600c3d87,Crypto;Politics,1788957684,2026-09-09T12:41:24+00:00,SELL,Yes,0,70650493992845483141317426509288616583149832748968072019836468749065395099621,0.9202025116,619.52,570.083859986432,0x34e787d3c43b13832c4e6e6c60ca16d94c789472cbd8ea9c1418db8837055e9d,trades_4342936_1.json,16
4342936,0xde3a0bfe02d1990325084f5ec59f6b6c46f63c1cb11315daa1cb0f7bd371aa4d,0x4867293b553c91c8f35a8fd811660d23c353a6f8,Crypto;Politics,1788957684,2026-09-09T12:41:24+00:00,BUY,Yes,0,70650493992845483141317426509288616583149832748968072019836468749065395099621,0.92,283.76,261.0592,0x34e787d3c43b13832c4e6e6c60ca16d94c789472cbd8ea9c1418db8837055e9d,trades_4342936_1.json,17
4342936,0xde3a0bfe02d1990325084f5ec59f6b6c46f63c1cb11315daa1cb0f7bd371aa4d,0x5ad63f1d19baa674f090e34ab377f5bee2955e1c,Crypto;Politics,1788957684,2026-09-09T12:41:24+00:00,BUY,Yes,0,70650493992845483141317426509288616583149832748968072019836468749065395099621,0.92,313.75,288.65000000000003,0x34e787d3c43b13832c4e6e6c60ca16d94c789472cbd8ea9c1418db8837055e9d,trades_4342936_1.json,18
4342936,0xde3a0bfe02d1990325084f5ec59f6b6c46f63c1cb11315daa1cb0f7bd371aa4d,0xc5606bd8d8ce9393a0d28c0dec629493b21eadba,Crypto;Politics,1788957684,2026-09-09T12:41:24+00:00,BUY,Yes,0,70650493992845483141317426509288616583149832748968072019836468749065395099621,0.925,6.6,6.1049999999999995,0x34e787d3c43b13832c4e6e6c60ca16d94c789472cbd8ea9c1418db8837055e9d,trades_4342936_1.json,19
4342936,0xde3a0bfe02d1990325084f5ec59f6b6c46f63c1cb11315daa1cb0f7bd371aa4d,0xad5353afe30c2da57709e2704ef3ccdcf67eef24,Crypto;Politics,1788957684,2026-09-09T12:41:24+00:00,BUY,Yes,0,70650493992845483141317426509288616583149832748968072019836468749065395099621,0.926,15.41,14.26966,0x34e787d3c43b13832c4e6e6c60ca16d94c789472cbd8ea9c1418db8837055e9d,trades_4342936_1.json,20
4342936,0xde3a0bfe02d1990325084f5ec59f6b6c46f63c1cb11315daa1cb0f7bd371aa4d,0x91ff094fca8aa7f45e7276d65cdd9154f2dd8f40,Crypto;Politics,1788957598,2026-09-09T12:39:58+00:00,BUY,Yes,0,70650493992845483141317426509288616583149832748968072019836468749065395099621,0.937,50.0,46.85,0x871e585add56b1b62b2f907ea30fa27925ce8b659fc693abe0f9fa49218c7bc9,trades_4342936_1.json,21
4342936,0xde3a0bfe02d1990325084f5ec59f6b6c46f63c1cb11315daa1cb0f7bd371aa4d,0x638dc9ee7760a35c304afaec7acb2bb7600c3d87,Crypto;Politics,1788957598,2026-09-09T12:39:58+00:00,SELL,Yes,0,70650493992845483141317426509288616583149832748968072019836468749065395099621,0.937,50.0,46.85,0x871e585add56b1b62b2f907ea30fa27925ce8b659fc693abe0f9fa49218c7bc9,trades_4342936_1.json,22
4342936,0xde3a0bfe02d1990325084f5ec59f6b6c46f63c1cb11315daa1cb0f7bd371aa4d,0x638dc9ee7760a35c304afaec7acb2bb7600c3d87,Crypto;Politics,1788957592,2026-09-09T12:39:52+00:00,SELL,Yes,0,70650493992845483141317426509288616583149832748968072019836468749065395099621,0.9374357261,356.21,333.923979994081,0x04419800ada3c342fb2219a3231d0a82a4b70fb9258ea4f5ba35135a411fffdb,trades_4342936_1.json,23
4342936,0xde3a0bfe02d1990325084f5ec59f6b6c46f63c1cb11315daa1cb0f7bd371aa4d,0xa815f590e64fa64d417df72c581a32f5ff449cbe,Crypto;Politics,1788957592,2026-09-09T12:39:52+00:00,SELL,No,1,80258734961097198123923301573352140945014668261852925293574269769857745220513,0.063,201.0,12.663,0x04419800ada3c342fb2219a3231d0a82a4b70fb9258ea4f5ba35135a411fffdb,trades_4342936_1.json,24
4342936,0xde3a0bfe02d1990325084f5ec59f6b6c46f63c1cb11315daa1cb0f7bd371aa4d,0xad5353afe30c2da57709e2704ef3ccdcf67eef24,Crypto;Politics,1788957592,2026-09-09T12:39:52+00:00,BUY,Yes,0,70650493992845483141317426509288616583149832748968072019836468749065395099621,0.938,15.21,14.26698,0x04419800ada3c342fb2219a3231d0a82a4b70fb9258ea4f5ba35135a411fffdb,trades_4342936_1.json,25
4342936,0xde3a0bfe02d1990325084f5ec59f6b6c46f63c1cb11315daa1cb0f7bd371aa4d,0x55332464a4d4fae19956d740dddff103918251ba,Crypto;Politics,1788957592,2026-09-09T12:39:52+00:00,SELL,No,1,80258734961097198123923301573352140945014668261852925293574269769857745220513,0.062,140.0,8.68,0x04419800ada3c342fb2219a3231d0a82a4b70fb9258ea4f5ba35135a411fffdb,trades_4342936_1.json,26
4342936,0xde3a0bfe02d1990325084f5ec59f6b6c46f63c1cb11315daa1cb0f7bd371aa4d,0x6af56c0169ddb4efd7f55d1bb67d381d378a4f98,Crypto;Politics,1788957481,2026-09-09T12:38:01+00:00,BUY,No,1,80258734961097198123923301573352140945014668261852925293574269769857745220513,0.061,45.19,2.7565899999999997,0xb5a09742ba2bb2db220dae3c958901b311e11d3ed2dbe1990bc72f7dbd1c835c,trades_4342936_1.json,27
4342936,0xde3a0bfe02d1990325084f5ec59f6b6c46f63c1cb11315daa1cb0f7bd371aa4d,0xad5353afe30c2da57709e2704ef3ccdcf67eef24,Crypto;Politics,1788957481,2026-09-09T12:38:01+00:00,BUY,Yes,0,70650493992845483141317426509288616583149832748968072019836468749065395099621,0.939,15.19,14.263409999999999,0xb5a09742ba2bb2db220dae3c958901b311e11d3ed2dbe1990bc72f7dbd1c835c,trades_4342936_1.json,28
4342936,0xde3a0bfe02d1990325084f5ec59f6b6c46f63c1cb11315daa1cb0f7bd371aa4d,0x510f4963b66b1b18505faab74b0bb943d1dda43c,Crypto;Politics,1788957481,2026-09-09T12:38:01+00:00,SELL,No,1,80258734961097198123923301573352140945014668261852925293574269769857745220513,0.061,30.0,1.83,0xb5a09742ba2bb2db220dae3c958901b311e11d3ed2dbe1990bc72f7dbd1c835c,trades_4342936_1.json,29
4342936,0xde3a0bfe02d1990325084f5ec59f6b6c46f63c1cb11315daa1cb0f7bd371aa4d,0x9797d6c41551f8fb64f3829f6d1b861f1c13c193,Crypto;Politics,1788956556,2026-09-09T12:22:36+00:00,SELL,No,1,80258734961097198123923301573352140945014668261852925293574269769857745220513,0.022,1400.0,30.799999999999997,0x14c400f50997b4adb541133f4f1c629145fe7c17dd317453a2262bebeb303998,trades_4342936_1.json,30
4342936,0xde3a0bfe02d1990325084f5ec59f6b6c46f63c1cb11315daa1cb0f7bd371aa4d,0x67d657e52db60591b27b411f0ed1dbde811c245e,Crypto;Politics,1788956556,2026-09-09T12:22:36+00:00,BUY,No,1,80258734961097198123923301573352140945014668261852925293574269769857745220513,0.022,1400.0,30.799999999999997,0x14c400f50997b4adb541133f4f1c629145fe7c17dd317453a2262bebeb303998,trades_4342936_1.json,31
4342936,0xde3a0bfe02d1990325084f5ec59f6b6c46f63c1cb11315daa1cb0f7bd371aa4d,0x4bedb242b6d41e8eaa7a44596ac24b6459ef7574,Crypto;Politics,1788956376,2026-09-09T12:19:36+00:00,BUY,No,1,80258734961097198123923301573352140945014668261852925293574269769857745220513,0.0341301297,2343.97,80.00000011290899,0x28d084a8b564153c6c6914fb25553a1cd2a6436c6926b1f36d85fbecd5ceaaec,trades_4342936_1.json,32
4342936,0xde3a0bfe02d1990325084f5ec59f6b6c46f63c1cb11315daa1cb0f7bd371aa4d,0x44a0152818fcf1aca60f70fb822774d27adf76e5,Crypto;Politics,1788956376,2026-09-09T12:19:36+00:00,BUY,Yes,0,70650493992845483141317426509288616583149832748968072019836468749065395099621,0.962,96.16,92.50591999999999,0x28d084a8b564153c6c6914fb25553a1cd2a6436c6926b1f36d85fbecd5ceaaec,trades_4342936_1.json,33
4342936,0xde3a0bfe02d1990325084f5ec59f6b6c46f63c1cb11315daa1cb0f7bd371aa4d,0x8f13db915cca106e6330e8a39996c0a875d8daae,Crypto;Politics,1788956376,2026-09-09T12:19:36+00:00,SELL,No,1,80258734961097198123923301573352140945014668261852925293574269769857745220513,0.036,103.0,3.7079999999999997,0x28d084a8b564153c6c6914fb25553a1cd2a6436c6926b1f36d85fbecd5ceaaec,trades_4342936_1.json,34
4342936,0xde3a0bfe02d1990325084f5ec59f6b6c46f63c1cb11315daa1cb0f7bd371aa4d,0x2cc798c8eef1fae6266c5cda2bf2b607c5372385,Crypto;Politics,1788956376,2026-09-09T12:19:36+00:00,SELL,No,1,80258734961097198123923301573352140945014668261852925293574269769857745220513,0.036,675.0,24.299999999999997,0x28d084a8b564153c6c6914fb25553a1cd2a6436c6926b1f36d85fbecd5ceaaec,trades_4342936_1.json,35
4342936,0xde3a0bfe02d1990325084f5ec59f6b6c46f63c1cb11315daa1cb0f7bd371aa4d,0xa815f590e64fa64d417df72c581a32f5ff449cbe,Crypto;Politics,1788956376,2026-09-09T12:19:36+00:00,SELL,No,1,80258734961097198123923301573352140945014668261852925293574269769857745220513,0.036,201.0,7.236,0x28d084a8b564153c6c6914fb25553a1cd2a6436c6926b1f36d85fbecd5ceaaec,trades_4342936_1.json,36
4342936,0xde3a0bfe02d1990325084f5ec59f6b6c46f63c1cb11315daa1cb0f7bd371aa4d,0x1bbe68c9832bf9655414ddb89b1fac432f89f8b0,Crypto;Politics,1788956376,2026-09-09T12:19:36+00:00,BUY,Yes,0,70650493992845483141317426509288616583149832748968072019836468749065395099621,0.967,500.0,483.5,0x28d084a8b564153c6c6914fb25553a1cd2a6436c6926b1f36d85fbecd5ceaaec,trades_4342936_1.json,37
4342936,0xde3a0bfe02d1990325084f5ec59f6b6c46f63c1cb11315daa1cb0f7bd371aa4d,0x4ffe49ba2a4cae123536a8af4fda48faeb609f71,Crypto;Politics,1788956376,2026-09-09T12:19:36+00:00,SELL,No,1,80258734961097198123923301573352140945014668261852925293574269769857745220513,0.032,571.0,18.272000000000002,0x28d084a8b564153c6c6914fb25553a1cd2a6436c6926b1f36d85fbecd5ceaaec,trades_4342936_1.json,38
4342936,0xde3a0bfe02d1990325084f5ec59f6b6c46f63c1cb11315daa1cb0f7bd371aa4d,0x44a0152818fcf1aca60f70fb822774d27adf76e5,Crypto;Politics,1788956376,2026-09-09T12:19:36+00:00,BUY,Yes,0,70650493992845483141317426509288616583149832748968072019836468749065395099621,0.968,197.81,191.48008,0x28d084a8b564153c6c6914fb25553a1cd2a6436c6926b1f36d85fbecd5ceaaec,trades_4342936_1.json,39
4342936,0xde3a0bfe02d1990325084f5ec59f6b6c46f63c1cb11315daa1cb0f7bd371aa4d,0x44a0152818fcf1aca60f70fb822774d27adf76e5,Crypto;Politics,1788956223,2026-09-09T12:17:03+00:00,BUY,Yes,0,70650493992845483141317426509288616583149832748968072019836468749065395099621,0.979,571.0,559.009,0x4cd7bd64d6aae1c8e15b4ce9e9058625c4c605672b43d5f4e13fbcbf17bfdf4d,trades_4342936_1.json,40
4342936,0xde3a0bfe02d1990325084f5ec59f6b6c46f63c1cb11315daa1cb0f7bd371aa4d,0x4ffe49ba2a4cae123536a8af4fda48faeb609f71,Crypto;Politics,1788956223,2026-09-09T12:17:03+00:00,BUY,No,1,80258734961097198123923301573352140945014668261852925293574269769857745220513,0.021,571.0,11.991000000000001,0x4cd7bd64d6aae1c8e15b4ce9e9058625c4c605672b43d5f4e13fbcbf17bfdf4d,trades_4342936_1.json,41
4342936,0xde3a0bfe02d1990325084f5ec59f6b6c46f63c1cb11315daa1cb0f7bd371aa4d,0xd1db2b2e14df76973e009f5b010dc16798ced54f,Crypto;Politics,1788956109,2026-09-09T12:15:09+00:00,SELL,No,1,80258734961097198123923301573352140945014668261852925293574269769857745220513,0.0160150322,1995.72,31.961520062184004,0x8414ac9a2053f8765a11cefe79cd7c216a4b214cbef004faf490aef09707faaa,trades_4342936_1.json,42
4342936,0xde3a0bfe02d1990325084f5ec59f6b6c46f63c1cb11315daa1cb0f7bd371aa4d,0x67d657e52db60591b27b411f0ed1dbde811c245e,Crypto;Politics,1788956109,2026-09-09T12:15:09+00:00,BUY,No,1,80258734961097198123923301573352140945014668261852925293574269769857745220513,0.016,1965.72,31.451520000000002,0x8414ac9a2053f8765a11cefe79cd7c216a4b214cbef004faf490aef09707faaa,trades_4342936_1.json,43
4342936,0xde3a0bfe02d1990325084f5ec59f6b6c46f63c1cb11315daa1cb0f7bd371aa4d,0x510f4963b66b1b18505faab74b0bb943d1dda43c,Crypto;Politics,1788956109,2026-09-09T12:15:09+00:00,SELL,Yes,0,70650493992845483141317426509288616583149832748968072019836468749065395099621,0.983,30.0,29.49,0x8414ac9a2053f8765a11cefe79cd7c216a4b214cbef004faf490aef09707faaa,trades_4342936_1.json,44
4342936,0xde3a0bfe02d1990325084f5ec59f6b6c46f63c1cb11315daa1cb0f7bd371aa4d,0xfcbf904e45ec3a579180b9e038aeea9f98f5d0ef,Crypto;Politics,1788956083,2026-09-09T12:14:43+00:00,BUY,No,1,80258734961097198123923301573352140945014668261852925293574269769857745220513,0.0310679612,32.1875,1.000000001125,0xaf6d234387d2a7ddad95ecba625a5ea2fc01df9cbe7e32e13926b28463c9afaa,trades_4342936_1.json,45
4342936,0xde3a0bfe02d1990325084f5ec59f6b6c46f63c1cb11315daa1cb0f7bd371aa4d,0x44a0152818fcf1aca60f70fb822774d27adf76e5,Crypto;Politics,1788956083,2026-09-09T12:14:43+00:00,BUY,Yes,0,70650493992845483141317426509288616583149832748968072019836468749065395099621,0.968,2.1875,2.1174999999999997,0xaf6d234387d2a7ddad95ecba625a5ea2fc01df9cbe7e32e13926b28463c9afaa,trades_4342936_1.json,46
4342936,0xde3a0bfe02d1990325084f5ec59f6b6c46f63c1cb11315daa1cb0f7bd371aa4d,0x510f4963b66b1b18505faab74b0bb943d1dda43c,Crypto;Politics,1788956083,2026-09-09T12:14:43+00:00,BUY,Yes,0,70650493992845483141317426509288616583149832748968072019836468749065395099621,0.969,30.0,29.07,0xaf6d234387d2a7ddad95ecba625a5ea2fc01df9cbe7e32e13926b28463c9afaa,trades_4342936_1.json,47
4342936,0xde3a0bfe02d1990325084f5ec59f6b6c46f63c1cb11315daa1cb0f7bd371aa4d,0x1bbe68c9832bf9655414ddb89b1fac432f89f8b0,Crypto;Politics,1788955945,2026-09-09T12:12:25+00:00,BUY,Yes,0,70650493992845483141317426509288616583149832748968072019836468749065395099621,0.98,172.5,169.04999999999998,0x579a3f44e2783febd31642490c46d94d93be65a93ac0d3cfa985eccaa407418c,trades_4342936_1.json,48
4342936,0xde3a0bfe02d1990325084f5ec59f6b6c46f63c1cb11315daa1cb0f7bd371aa4d,0x55332464a4d4fae19956d740dddff103918251ba,Crypto;Politics,1788955945,2026-09-09T12:12:25+00:00,BUY,No,1,80258734961097198123923301573352140945014668261852925293574269769857745220513,0.02,140.0,2.8000000000000003,0x579a3f44e2783febd31642490c46d94d93be65a93ac0d3cfa985eccaa407418c,trades_4342936_1.json,49
4342936,0xde3a0bfe02d1990325084f5ec59f6b6c46f63c1cb11315daa1cb0f7bd371aa4d,0x510f4963b66b1b18505faab74b0bb943d1dda43c,Crypto;Politics,1788955945,2026-09-09T12:12:25+00:00,SELL,Yes,0,70650493992845483141317426509288616583149832748968072019836468749065395099621,0.98,32.5,31.849999999999998,0x579a3f44e2783febd31642490c46d94d93be65a93ac0d3cfa985eccaa407418c,trades_4342936_1.json,50
4342936,0xde3a0bfe02d1990325084f5ec59f6b6c46f63c1cb11315daa1cb0f7bd371aa4d,0xf25b97c7b6b9cc2a8f898ae3bdf157781a6882d0,Crypto;Politics,1788955827,2026-09-09T12:10:27+00:00,BUY,No,1,80258734961097198123923301573352140945014668261852925293574269769857745220513,0.035,110.0,3.8500000000000005,0xf66552d479d2c7cebe01e9081de072452d304ab72fe57466cc40c149a19cb618,trades_4342936_1.json,51
4342936,0xde3a0bfe02d1990325084f5ec59f6b6c46f63c1cb11315daa1cb0f7bd371aa4d,0x44a0152818fcf1aca60f70fb822774d27adf76e5,Crypto;Politics,1788955827,2026-09-09T12:10:27+00:00,BUY,Yes,0,70650493992845483141317426509288616583149832748968072019836468749065395099621,0.965,80.0,77.2,0xf66552d479d2c7cebe01e9081de072452d304ab72fe57466cc40c149a19cb618,trades_4342936_1.json,52
4342936,0xde3a0bfe02d1990325084f5ec59f6b6c46f63c1cb11315daa1cb0f7bd371aa4d,0x510f4963b66b1b18505faab74b0bb943d1dda43c,Crypto;Politics,1788955827,2026-09-09T12:10:27+00:00,BUY,Yes,0,70650493992845483141317426509288616583149832748968072019836468749065395099621,0.965,30.0,28.95,0xf66552d479d2c7cebe01e9081de072452d304ab72fe57466cc40c149a19cb618,trades_4342936_1.json,53
4342936,0xde3a0bfe02d1990325084f5ec59f6b6c46f63c1cb11315daa1cb0f7bd371aa4d,0x1bbe68c9832bf9655414ddb89b1fac432f89f8b0,Crypto;Politics,1788955743,2026-09-09T12:09:03+00:00,BUY,Yes,0,70650493992845483141317426509288616583149832748968072019836468749065395099621,0.984,1501.68,1477.65312,0xdbadee2a949ffa2e9ee1c8e29be5f73d8d178e09c7315d8eab014690df6b3076,trades_4342936_1.json,54
4342936,0xde3a0bfe02d1990325084f5ec59f6b6c46f63c1cb11315daa1cb0f7bd371aa4d,0x67d657e52db60591b27b411f0ed1dbde811c245e,Crypto;Politics,1788955743,2026-09-09T12:09:03+00:00,BUY,No,1,80258734961097198123923301573352140945014668261852925293574269769857745220513,0.016,1300.68,20.81088,0xdbadee2a949ffa2e9ee1c8e29be5f73d8d178e09c7315d8eab014690df6b3076,trades_4342936_1.json,55
4342936,0xde3a0bfe02d1990325084f5ec59f6b6c46f63c1cb11315daa1cb0f7bd371aa4d,0xa815f590e64fa64d417df72c581a32f5ff449cbe,Crypto;Politics,1788955743,2026-09-09T12:09:03+00:00,BUY,No,1,80258734961097198123923301573352140945014668261852925293574269769857745220513,0.016,201.0,3.216,0xdbadee2a949ffa2e9ee1c8e29be5f73d8d178e09c7315d8eab014690df6b3076,trades_4342936_1.json,56
4342936,0xde3a0bfe02d1990325084f5ec59f6b6c46f63c1cb11315daa1cb0f7bd371aa4d,0xf915728ba9dcb35ad3c909c3d6fe2d75eecf0c01,Crypto;Politics,1788955461,2026-09-09T12:04:21+00:00,SELL,Yes,0,70650493992845483141317426509288616583149832748968072019836468749065395099621,0.961,2.46,2.36406,0x65fe05be19c4bec5b710531f920caeab549862211538acadf45dafc7a6f4dfb2,trades_4342936_1.json,57
4342936,0xde3a0bfe02d1990325084f5ec59f6b6c46f63c1cb11315daa1cb0f7bd371aa4d,0x510f4963b66b1b18505faab74b0bb943d1dda43c,Crypto;Politics,1788955461,2026-09-09T12:04:21+00:00,BUY,Yes,0,70650493992845483141317426509288616583149832748968072019836468749065395099621,0.961,2.46,2.36406,0x65fe05be19c4bec5b710531f920caeab549862211538acadf45dafc7a6f4dfb2,trades_4342936_1.json,58
4342936,0xde3a0bfe02d1990325084f5ec59f6b6c46f63c1cb11315daa1cb0f7bd371aa4d,0x521bf1c6a5435219b599127d85b7afe28758db60,Crypto;Politics,1788955392,2026-09-09T12:03:12+00:00,BUY,Yes,0,70650493992845483141317426509288616583149832748968072019836468749065395099621,0.986,1039.22,1024.67092,0x6f98cb10d41d2e13ab33ce9fa4720f9faa55f475dad3d666602fccd4a135322d,trades_4342936_1.json,59
4342936,0xde3a0bfe02d1990325084f5ec59f6b6c46f63c1cb11315daa1cb0f7bd371aa4d,0xe234959595e01dacd391a9502a6ad0edf4e3304a,Crypto;Politics,1788955392,2026-09-09T12:03:12+00:00,BUY,No,1,80258734961097198123923301573352140945014668261852925293574269769857745220513,0.014,1039.22,14.54908,0x6f98cb10d41d2e13ab33ce9fa4720f9faa55f475dad3d666602fccd4a135322d,trades_4342936_1.json,60
4342936,0xde3a0bfe02d1990325084f5ec59f6b6c46f63c1cb11315daa1cb0f7bd371aa4d,0x4bedb242b6d41e8eaa7a44596ac24b6459ef7574,Crypto;Politics,1788955350,2026-09-09T12:02:30+00:00,SELL,No,1,80258734961097198123923301573352140945014668261852925293574269769857745220513,0.01431376,2000.0,28.62752,0x789030e1227024ed440e50092a91f7bd306dd666b0f779639ff83ed2c5aaa040,trades_4342936_1.json,61
4342936,0xde3a0bfe02d1990325084f5ec59f6b6c46f63c1cb11315daa1cb0f7bd371aa4d,0xe234959595e01dacd391a9502a6ad0edf4e3304a,Crypto;Politics,1788955350,2026-09-09T12:02:30+00:00,BUY,No,1,80258734961097198123923301573352140945014668261852925293574269769857745220513,0.014,1960.78,27.45092,0x789030e1227024ed440e50092a91f7bd306dd666b0f779639ff83ed2c5aaa040,trades_4342936_1.json,62
4342936,0xde3a0bfe02d1990325084f5ec59f6b6c46f63c1cb11315daa1cb0f7bd371aa4d,0xe3e583d67cc67032f9a43ff51bd6c637ce34dd13,Crypto;Politics,1788955350,2026-09-09T12:02:30+00:00,SELL,Yes,0,70650493992845483141317426509288616583149832748968072019836468749065395099621,0.97,39.22,38.0434,0x789030e1227024ed440e50092a91f7bd306dd666b0f779639ff83ed2c5aaa040,trades_4342936_1.json,63
4342936,0xde3a0bfe02d1990325084f5ec59f6b6c46f63c1cb11315daa1cb0f7bd371aa4d,0xe3e583d67cc67032f9a43ff51bd6c637ce34dd13,Crypto;Politics,1788955338,2026-09-09T12:02:18+00:00,SELL,Yes,0,70650493992845483141317426509288616583149832748968072019836468749065395099621,0.97,39.81,38.615700000000004,0xc68b1bc07fb953fb210cfafe17fd39f165f49a429c7ff43fabdcf8e45ff447e6,trades_4342936_1.json,64
4342936,0xde3a0bfe02d1990325084f5ec59f6b6c46f63c1cb11315daa1cb0f7bd371aa4d,0xb920dfa2a7b197b06349ad08e906ba9a77fc1b19,Crypto;Politics,1788955338,2026-09-09T12:02:18+00:00,SELL,No,1,80258734961097198123923301573352140945014668261852925293574269769857745220513,0.03,39.81,1.1943,0xc68b1bc07fb953fb210cfafe17fd39f165f49a429c7ff43fabdcf8e45ff447e6,trades_4342936_1.json,65
4342936,0xde3a0bfe02d1990325084f5ec59f6b6c46f63c1cb11315daa1cb0f7bd371aa4d,0x44a0152818fcf1aca60f70fb822774d27adf76e5,Crypto;Politics,1788955329,2026-09-09T12:02:09+00:00,BUY,Yes,0,70650493992845483141317426509288616583149832748968072019836468749065395099621,0.982,400.0,392.8,0x4f1c1dd0965685e172f7cfc77d88a80103b34e78990933b42e6382992121b518,trades_4342936_1.json,66
4342936,0xde3a0bfe02d1990325084f5ec59f6b6c46f63c1cb11315daa1cb0f7bd371aa4d,0xc8ab97a9089a9ff7e6ef0688e6e591a066946418,Crypto;Politics,1788955329,2026-09-09T12:02:09+00:00,BUY,No,1,80258734961097198123923301573352140945014668261852925293574269769857745220513,0.018,400.0,7.199999999999999,0x4f1c1dd0965685e172f7cfc77d88a80103b34e78990933b42e6382992121b518,trades_4342936_1.json,67
4342936,0xde3a0bfe02d1990325084f5ec59f6b6c46f63c1cb11315daa1cb0f7bd371aa4d,0x44a0152818fcf1aca60f70fb822774d27adf76e5,Crypto;Politics,1788955308,2026-09-09T12:01:48+00:00,BUY,Yes,0,70650493992845483141317426509288616583149832748968072019836468749065395099621,0.97,225.0,218.25,0x967186a4491542de5767bdce1194834918da658558bfceccbc6a5925ef299e24,trades_4342936_1.json,68
4342936,0xde3a0bfe02d1990325084f5ec59f6b6c46f63c1cb11315daa1cb0f7bd371aa4d,0x2cc798c8eef1fae6266c5cda2bf2b607c5372385,Crypto;Politics,1788955308,2026-09-09T12:01:48+00:00,BUY,No,1,80258734961097198123923301573352140945014668261852925293574269769857745220513,0.03,225.0,6.75,0x967186a4491542de5767bdce1194834918da658558bfceccbc6a5925ef299e24,trades_4342936_1.json,69
4342936,0xde3a0bfe02d1990325084f5ec59f6b6c46f63c1cb11315daa1cb0f7bd371aa4d,0x25a74e4d0795b842a4e8e934620781e3c5f48b7c,Crypto;Politics,1788955297,2026-09-09T12:01:37+00:00,BUY,Yes,0,70650493992845483141317426509288616583149832748968072019836468749065395099621,0.968,1000.0,968.0,0xfd81dac19a3297a1a32f1cc2625a9e12bdea2fa16a940e7e1f110c25783bb3b1,trades_4342936_1.json,70
4342936,0xde3a0bfe02d1990325084f5ec59f6b6c46f63c1cb11315daa1cb0f7bd371aa4d,0x9797d6c41551f8fb64f3829f6d1b861f1c13c193,Crypto;Politics,1788955297,2026-09-09T12:01:37+00:00,BUY,No,1,80258734961097198123923301573352140945014668261852925293574269769857745220513,0.032,1000.0,32.0,0xfd81dac19a3297a1a32f1cc2625a9e12bdea2fa16a940e7e1f110c25783bb3b1,trades_4342936_1.json,71
4342936,0xde3a0bfe02d1990325084f5ec59f6b6c46f63c1cb11315daa1cb0f7bd371aa4d,0xe234959595e01dacd391a9502a6ad0edf4e3304a,Crypto;Politics,1788955293,2026-09-09T12:01:33+00:00,BUY,Yes,0,70650493992845483141317426509288616583149832748968072019836468749065395099621,0.968,1398.66,1353.90288,0xd049e1b4f1e93545e29e9b24c1abea8e2722ee13776d3d5c6b8b5e71a60d63e2,trades_4342936_1.json,72
4342936,0xde3a0bfe02d1990325084f5ec59f6b6c46f63c1cb11315daa1cb0f7bd371aa4d,0xa67685fa5213fd8167977bfb7b3f50c06d511c22,Crypto;Politics,1788955293,2026-09-09T12:01:33+00:00,BUY,No,1,80258734961097198123923301573352140945014668261852925293574269769857745220513,0.032,1398.66,44.75712,0xd049e1b4f1e93545e29e9b24c1abea8e2722ee13776d3d5c6b8b5e71a60d63e2,trades_4342936_1.json,73
4342936,0xde3a0bfe02d1990325084f5ec59f6b6c46f63c1cb11315daa1cb0f7bd371aa4d,0x1bbe68c9832bf9655414ddb89b1fac432f89f8b0,Crypto;Politics,1788955284,2026-09-09T12:01:24+00:00,BUY,Yes,0,70650493992845483141317426509288616583149832748968072019836468749065395099621,0.968,601.34,582.09712,0x0bcb16aded7c00609d4c236fac2beec32c4b5c34bae8d98f06ff30601b792b15,trades_4342936_1.json,74
4342936,0xde3a0bfe02d1990325084f5ec59f6b6c46f63c1cb11315daa1cb0f7bd371aa4d,0xa67685fa5213fd8167977bfb7b3f50c06d511c22,Crypto;Politics,1788955284,2026-09-09T12:01:24+00:00,BUY,No,1,80258734961097198123923301573352140945014668261852925293574269769857745220513,0.032,601.34,19.242880000000003,0x0bcb16aded7c00609d4c236fac2beec32c4b5c34bae8d98f06ff30601b792b15,trades_4342936_1.json,75
4342936,0xde3a0bfe02d1990325084f5ec59f6b6c46f63c1cb11315daa1cb0f7bd371aa4d,0x44a0152818fcf1aca60f70fb822774d27adf76e5,Crypto;Politics,1788955269,2026-09-09T12:01:09+00:00,BUY,Yes,0,70650493992845483141317426509288616583149832748968072019836468749065395099621,0.9648153441,1142.72,1102.5137900099521,0x0b1d849e3e4007cb3f91454de4538f6619b373c8d75b1d9862dbef3d0834dc45,trades_4342936_1.json,76
4342936,0xde3a0bfe02d1990325084f5ec59f6b6c46f63c1cb11315daa1cb0f7bd371aa4d,0xeedbc7bcc22f14e16f2cdf7ac01243bc806359e5,Crypto;Politics,1788955269,2026-09-09T12:01:09+00:00,BUY,No,1,80258734961097198123923301573352140945014668261852925293574269769857745220513,0.035,999.99,34.99965,0x0b1d849e3e4007cb3f91454de4538f6619b373c8d75b1d9862dbef3d0834dc45,trades_4342936_1.json,77
4342936,0xde3a0bfe02d1990325084f5ec59f6b6c46f63c1cb11315daa1cb0f7bd371aa4d,0x2762873b815644d5b13790aeed3fcaed7d222cf6,Crypto;Politics,1788955269,2026-09-09T12:01:09+00:00,SELL,Yes,0,70650493992845483141317426509288616583149832748968072019836468749065395099621,0.964,100.0,96.39999999999999,0x0b1d849e3e4007cb3f91454de4538f6619b373c8d75b1d9862dbef3d0834dc45,trades_4342936_1.json,78
4342936,0xde3a0bfe02d1990325084f5ec59f6b6c46f63c1cb11315daa1cb0f7bd371aa4d,0x840ab782f6946bee0fad5f3a8e6860c29dfc7aba,Crypto;Politics,1788955269,2026-09-09T12:01:09+00:00,SELL,Yes,0,70650493992845483141317426509288616583149832748968072019836468749065395099621,0.964,6.35,6.1213999999999995,0x0b1d849e3e4007cb3f91454de4538f6619b373c8d75b1d9862dbef3d0834dc45,trades_4342936_1.json,79
4342936,0xde3a0bfe02d1990325084f5ec59f6b6c46f63c1cb11315daa1cb0f7bd371aa4d,0x510f4963b66b1b18505faab74b0bb943d1dda43c,Crypto;Politics,1788955269,2026-09-09T12:01:09+00:00,BUY,No,1,80258734961097198123923301573352140945014668261852925293574269769857745220513,0.037,30.0,1.1099999999999999,0x0b1d849e3e4007cb3f91454de4538f6619b373c8d75b1d9862dbef3d0834dc45,trades_4342936_1.json,80
4342936,0xde3a0bfe02d1990325084f5ec59f6b6c46f63c1cb11315daa1cb0f7bd371aa4d,0xc5606bd8d8ce9393a0d28c0dec629493b21eadba,Crypto;Politics,1788955269,2026-09-09T12:01:09+00:00,SELL,Yes,0,70650493992845483141317426509288616583149832748968072019836468749065395099621,0.958,6.38,6.1120399999999995,0x0b1d849e3e4007cb3f91454de4538f6619b373c8d75b1d9862dbef3d0834dc45,trades_4342936_1.json,81
4342936,0xde3a0bfe02d1990325084f5ec59f6b6c46f63c1cb11315daa1cb0f7bd371aa4d,0x44a0152818fcf1aca60f70fb822774d27adf76e5,Crypto;Politics,1788955243,2026-09-09T12:00:43+00:00,BUY,Yes,0,70650493992845483141317426509288616583149832748968072019836468749065395099621,0.9404268603,470.88,442.828199978064,0x297e11e583c32e201278fc8690daccea94b493d4491713c423bbd955d826c279,trades_4342936_1.json,82
4342936,0xde3a0bfe02d1990325084f5ec59f6b6c46f63c1cb11315daa1cb0f7bd371aa4d,0xa815f590e64fa64d417df72c581a32f5ff449cbe,Crypto;Politics,1788955243,2026-09-09T12:00:43+00:00,BUY,No,1,80258734961097198123923301573352140945014668261852925293574269769857745220513,0.059,201.0,11.859,0x297e11e583c32e201278fc8690daccea94b493d4491713c423bbd955d826c279,trades_4342936_1.json,83
4342936,0xde3a0bfe02d1990325084f5ec59f6b6c46f63c1cb11315daa1cb0f7bd371aa4d,0xad5353afe30c2da57709e2704ef3ccdcf67eef24,Crypto;Politics,1788955243,2026-09-09T12:00:43+00:00,BUY,No,1,80258734961097198123923301573352140945014668261852925293574269769857745220513,0.06,44.88,2.6928,0x297e11e583c32e201278fc8690daccea94b493d4491713c423bbd955d826c279,trades_4342936_1.json,84
4342936,0xde3a0bfe02d1990325084f5ec59f6b6c46f63c1cb11315daa1cb0f7bd371aa4d,0x2cc798c8eef1fae6266c5cda2bf2b607c5372385,Crypto;Politics,1788955243,2026-09-09T12:00:43+00:00,BUY,No,1,80258734961097198123923301573352140945014668261852925293574269769857745220513,0.06,225.0,13.5,0x297e11e583c32e201278fc8690daccea94b493d4491713c423bbd955d826c279,trades_4342936_1.json,85
4342936,0xde3a0bfe02d1990325084f5ec59f6b6c46f63c1cb11315daa1cb0f7bd371aa4d,0xb920dfa2a7b197b06349ad08e906ba9a77fc1b19,Crypto;Politics,1788955210,2026-09-09T12:00:10+00:00,SELL,No,1,80258734961097198123923301573352140945014668261852925293574269769857745220513,0.0612537313,536.0,32.8319999768,0xea794ad5af908c9e211d9ffb5c01f782f3261332e3ca5445b976d9bd3aa911a3,trades_4342936_1.json,86
4342936,0xde3a0bfe02d1990325084f5ec59f6b6c46f63c1cb11315daa1cb0f7bd371aa4d,0x9797d6c41551f8fb64f3829f6d1b861f1c13c193,Crypto;Politics,1788955210,2026-09-09T12:00:10+00:00,BUY,No,1,80258734961097198123923301573352140945014668261852925293574269769857745220513,0.061,400.0,24.4,0xea794ad5af908c9e211d9ffb5c01f782f3261332e3ca5445b976d9bd3aa911a3,trades_4342936_1.json,87
4342936,0xde3a0bfe02d1990325084f5ec59f6b6c46f63c1cb11315daa1cb0f7bd371aa4d,0x8f13db915cca106e6330e8a39996c0a875d8daae,Crypto;Politics,1788955210,2026-09-09T12:00:10+00:00,BUY,No,1,80258734961097198123923301573352140945014668261852925293574269769857745220513,0.062,106.0,6.572,0xea794ad5af908c9e211d9ffb5c01f782f3261332e3ca5445b976d9bd3aa911a3,trades_4342936_1.json,88
4342936,0xde3a0bfe02d1990325084f5ec59f6b6c46f63c1cb11315daa1cb0f7bd371aa4d,0x510f4963b66b1b18505faab74b0bb943d1dda43c,Crypto;Politics,1788955210,2026-09-09T12:00:10+00:00,SELL,Yes,0,70650493992845483141317426509288616583149832748968072019836468749065395099621,0.938,30.0,28.139999999999997,0xea794ad5af908c9e211d9ffb5c01f782f3261332e3ca5445b976d9bd3aa911a3,trades_4342936_1.json,89
4342936,0xde3a0bfe02d1990325084f5ec59f6b6c46f63c1cb11315daa1cb0f7bd371aa4d,0xb637c89655ffa76e2ff7f5ffa8a19374d3f34c42,Crypto;Politics,1788954585,2026-09-09T11:49:45+00:00,BUY,No,1,80258734961097198123923301573352140945014668261852925293574269769857745220513,0.068,47.13,3.2048400000000004,0xa31010602c7384d43c4a9e9a534ddd3aa5d7529879d8ba3434f88b34ab2a35d5,trades_4342936_1.json,90
4342936,0xde3a0bfe02d1990325084f5ec59f6b6c46f63c1cb11315daa1cb0f7bd371aa4d,0x510f4963b66b1b18505faab74b0bb943d1dda43c,Crypto;Politics,1788954585,2026-09-09T11:49:45+00:00,SELL,No,1,80258734961097198123923301573352140945014668261852925293574269769857745220513,0.068,30.0,2.04,0xa31010602c7384d43c4a9e9a534ddd3aa5d7529879d8ba3434f88b34ab2a35d5,trades_4342936_1.json,91
4342936,0xde3a0bfe02d1990325084f5ec59f6b6c46f63c1cb11315daa1cb0f7bd371aa4d,0x93e2ba92f5148827725df5ed936c0952e72092b9,Crypto;Politics,1788954585,2026-09-09T11:49:45+00:00,SELL,No,1,80258734961097198123923301573352140945014668261852925293574269769857745220513,0.068,17.13,1.16484,0xa31010602c7384d43c4a9e9a534ddd3aa5d7529879d8ba3434f88b34ab2a35d5,trades_4342936_1.json,92
4342936,0xde3a0bfe02d1990325084f5ec59f6b6c46f63c1cb11315daa1cb0f7bd371aa4d,0x87603e02256eddad82a5bcb5e50f94f7aa58ce05,Crypto;Politics,1788953766,2026-09-09T11:36:06+00:00,BUY,No,1,80258734961097198123923301573352140945014668261852925293574269769857745220513,0.0709999999,63.802817,4.530000000619718,0x1c598989d3a7861bbbfbfbe79dcd3662a1b41891b7e0712492558cf32c3b602b,trades_4342936_1.json,93
4342936,0xde3a0bfe02d1990325084f5ec59f6b6c46f63c1cb11315daa1cb0f7bd371aa4d,0x93e2ba92f5148827725df5ed936c0952e72092b9,Crypto;Politics,1788953766,2026-09-09T11:36:06+00:00,SELL,No,1,80258734961097198123923301573352140945014668261852925293574269769857745220513,0.0709999999,63.802817,4.530000000619718,0x1c598989d3a7861bbbfbfbe79dcd3662a1b41891b7e0712492558cf32c3b602b,trades_4342936_1.json,94
4342936,0xde3a0bfe02d1990325084f5ec59f6b6c46f63c1cb11315daa1cb0f7bd371aa4d,0x29c4344a0a8f95873823d7c70f338c1d77806bcc,Crypto;Politics,1788952128,2026-09-09T11:08:48+00:00,BUY,No,1,80258734961097198123923301573352140945014668261852925293574269769857745220513,0.0739999995,67.567568,4.999999998216215,0x39e3bef3af1b7ee7469cba9a79fee3d30a09d597f775586e682c1b6ad9e32768,trades_4342936_1.json,95
4342936,0xde3a0bfe02d1990325084f5ec59f6b6c46f63c1cb11315daa1cb0f7bd371aa4d,0x8f13db915cca106e6330e8a39996c0a875d8daae,Crypto;Politics,1788952128,2026-09-09T11:08:48+00:00,SELL,No,1,80258734961097198123923301573352140945014668261852925293574269769857745220513,0.0739999991,37.567568,2.779999998189189,0x39e3bef3af1b7ee7469cba9a79fee3d30a09d597f775586e682c1b6ad9e32768,trades_4342936_1.json,96
4342936,0xde3a0bfe02d1990325084f5ec59f6b6c46f63c1cb11315daa1cb0f7bd371aa4d,0x510f4963b66b1b18505faab74b0bb943d1dda43c,Crypto;Politics,1788952128,2026-09-09T11:08:48+00:00,BUY,Yes,0,70650493992845483141317426509288616583149832748968072019836468749065395099621,0.926,30.0,27.78,0x39e3bef3af1b7ee7469cba9a79fee3d30a09d597f775586e682c1b6ad9e32768,trades_4342936_1.json,97
4342936,0xde3a0bfe02d1990325084f5ec59f6b6c46f63c1cb11315daa1cb0f7bd371aa4d,0x6552f4d9d85e9d5724716659af62414cfbabbaa4,Crypto;Politics,1788951975,2026-09-09T11:06:15+00:00,BUY,Yes,0,70650493992845483141317426509288616583149832748968072019836468749065395099621,0.9389999993,80.937163,75.99999600034398,0xc5fca9fd2d7722c186bc156c4347940837ea0dfee70c0f9718ba28bf3cc5130e,trades_4342936_1.json,98
4342936,0xde3a0bfe02d1990325084f5ec59f6b6c46f63c1cb11315daa1cb0f7bd371aa4d,0x93e2ba92f5148827725df5ed936c0952e72092b9,Crypto;Politics,1788951975,2026-09-09T11:06:15+00:00,BUY,No,1,80258734961097198123923301573352140945014668261852925293574269769857745220513,0.0610000007,80.937163,4.937166999656014,0xc5fca9fd2d7722c186bc156c4347940837ea0dfee70c0f9718ba28bf3cc5130e,trades_4342936_1.json,99
4346082,0x78ea3c67e0cfa16073d763db8778463b2b2a787e9c9b3d3b297044662b7b6908,0x3f2d0a8861d94864027790d5e861f544ae5b7bc6,Crypto;Politics,1788890986,2026-09-08T18:09:46+00:00,BUY,No,1,5220315223310254650960813626481830798204099027983291598747819709936898119388,0.0124033966,80.623077,0.9999999991433381,0x2f3b79d66d6f5dd3bbdc085dc35c79f891499b87cd8d0abb42afc9671385833a,trades_4346082_0.json,0
4346082,0x78ea3c67e0cfa16073d763db8778463b2b2a787e9c9b3d3b297044662b7b6908,0xf6f1282b3e2ae0e1560d16be3ea9ccd079897da3,Crypto;Politics,1788890986,2026-09-08T18:09:46+00:00,BUY,Yes,0,95080187752363600884925085968164634957352262866840017339148061654490188669485,0.987,32.523077,32.100276999,0x2f3b79d66d6f5dd3bbdc085dc35c79f891499b87cd8d0abb42afc9671385833a,trades_4346082_0.json,1
4346082,0x78ea3c67e0cfa16073d763db8778463b2b2a787e9c9b3d3b297044662b7b6908,0x0bf730d2b5e0b401b4d529841783f50cb6d243a2,Crypto;Politics,1788890986,2026-09-08T18:09:46+00:00,SELL,No,1,5220315223310254650960813626481830798204099027983291598747819709936898119388,0.012,48.1,0.5772,0x2f3b79d66d6f5dd3bbdc085dc35c79f891499b87cd8d0abb42afc9671385833a,trades_4346082_0.json,2
4346082,0x78ea3c67e0cfa16073d763db8778463b2b2a787e9c9b3d3b297044662b7b6908,0x2e2a2d6c5c1d604edb17fd22ea7d05b4cea981e6,Crypto;Politics,1788883683,2026-09-08T16:08:03+00:00,BUY,Yes,0,95080187752363600884925085968164634957352262866840017339148061654490188669485,0.999,1.9,1.8981,0xf844818601b40b01605da6a0837880e190171d819b2a74384f7144de5aec51b0,trades_4346082_0.json,3
4346082,0x78ea3c67e0cfa16073d763db8778463b2b2a787e9c9b3d3b297044662b7b6908,0x43372356634781eea88d61bbdd7824cdce958882,Crypto;Politics,1788883683,2026-09-08T16:08:03+00:00,BUY,No,1,5220315223310254650960813626481830798204099027983291598747819709936898119388,0.001,1.9,0.0019,0xf844818601b40b01605da6a0837880e190171d819b2a74384f7144de5aec51b0,trades_4346082_0.json,4
4346082,0x78ea3c67e0cfa16073d763db8778463b2b2a787e9c9b3d3b297044662b7b6908,0xeab7b0a830a1755f1296fee950b3080e3529b389,Crypto;Politics,1788883683,2026-09-08T16:08:03+00:00,SELL,No,1,5220315223310254650960813626481830798204099027983291598747819709936898119388,0.001,5.0,0.005,0x48a73f125d8350a101087dbeed1b9b55d7f00b0ff58c74a681508dadce59631b,trades_4346082_0.json,5
4346082,0x78ea3c67e0cfa16073d763db8778463b2b2a787e9c9b3d3b297044662b7b6908,0x43372356634781eea88d61bbdd7824cdce958882,Crypto;Politics,1788883683,2026-09-08T16:08:03+00:00,BUY,No,1,5220315223310254650960813626481830798204099027983291598747819709936898119388,0.001,5.0,0.005,0x48a73f125d8350a101087dbeed1b9b55d7f00b0ff58c74a681508dadce59631b,trades_4346082_0.json,6
4346082,0x78ea3c67e0cfa16073d763db8778463b2b2a787e9c9b3d3b297044662b7b6908,0xe01905e87c08860b2983d399ed35b15bf0f229da,Crypto;Politics,1788883681,2026-09-08T16:08:01+00:00,BUY,Yes,0,95080187752363600884925085968164634957352262866840017339148061654490188669485,0.999,4.994,4.989006,0xedebb7111c22a1e66376e9edebf1968af5305fa4f81a481f6edef68950fbdd15,trades_4346082_0.json,7
4346082,0x78ea3c67e0cfa16073d763db8778463b2b2a787e9c9b3d3b297044662b7b6908,0x43372356634781eea88d61bbdd7824cdce958882,Crypto;Politics,1788883681,2026-09-08T16:08:01+00:00,BUY,No,1,5220315223310254650960813626481830798204099027983291598747819709936898119388,0.001,4.994,0.004994,0xedebb7111c22a1e66376e9edebf1968af5305fa4f81a481f6edef68950fbdd15,trades_4346082_0.json,8
4346082,0x78ea3c67e0cfa16073d763db8778463b2b2a787e9c9b3d3b297044662b7b6908,0x3329cfc2b8d8ceb8d198f081bdf4262f421f43a6,Crypto;Politics,1788883681,2026-09-08T16:08:01+00:00,SELL,No,1,5220315223310254650960813626481830798204099027983291598747819709936898119388,0.001,10.0,0.01,0x1e235d7c4c94cd25868d23365cac45540bae39c8b81cd424351404befb8f7a1f,trades_4346082_0.json,9
4346082,0x78ea3c67e0cfa16073d763db8778463b2b2a787e9c9b3d3b297044662b7b6908,0x43372356634781eea88d61bbdd7824cdce958882,Crypto;Politics,1788883681,2026-09-08T16:08:01+00:00,BUY,No,1,5220315223310254650960813626481830798204099027983291598747819709936898119388,0.001,10.0,0.01,0x1e235d7c4c94cd25868d23365cac45540bae39c8b81cd424351404befb8f7a1f,trades_4346082_0.json,10
4346082,0x78ea3c67e0cfa16073d763db8778463b2b2a787e9c9b3d3b297044662b7b6908,0x73f07a2a9e2b7b4e2d48b5016a4e3d8cdad6a57d,Crypto;Politics,1788883681,2026-09-08T16:08:01+00:00,BUY,Yes,0,95080187752363600884925085968164634957352262866840017339148061654490188669485,0.999,100.0,99.9,0x085c541b9fd165988dbcee468dc6969f74e40b51a5fb2d63ae790a1459b86932,trades_4346082_0.json,11
4346082,0x78ea3c67e0cfa16073d763db8778463b2b2a787e9c9b3d3b297044662b7b6908,0x43372356634781eea88d61bbdd7824cdce958882,Crypto;Politics,1788883681,2026-09-08T16:08:01+00:00,BUY,No,1,5220315223310254650960813626481830798204099027983291598747819709936898119388,0.001,100.0,0.1,0x085c541b9fd165988dbcee468dc6969f74e40b51a5fb2d63ae790a1459b86932,trades_4346082_0.json,12
4346082,0x78ea3c67e0cfa16073d763db8778463b2b2a787e9c9b3d3b297044662b7b6908,0x50b4ab8658dd8c9901c69208d275d81cdeaac879,Crypto;Politics,1788883680,2026-09-08T16:08:00+00:00,BUY,Yes,0,95080187752363600884925085968164634957352262866840017339148061654490188669485,0.999,100.1,99.9999,0x292e6e9327448fb6846efcfe92801c82dc2e622d8de03df1ce37b9711704f1e5,trades_4346082_0.json,13
4346082,0x78ea3c67e0cfa16073d763db8778463b2b2a787e9c9b3d3b297044662b7b6908,0x43372356634781eea88d61bbdd7824cdce958882,Crypto;Politics,1788883680,2026-09-08T16:08:00+00:00,BUY,No,1,5220315223310254650960813626481830798204099027983291598747819709936898119388,0.001,100.1,0.1001,0x292e6e9327448fb6846efcfe92801c82dc2e622d8de03df1ce37b9711704f1e5,trades_4346082_0.json,14
4346082,0x78ea3c67e0cfa16073d763db8778463b2b2a787e9c9b3d3b297044662b7b6908,0x6fa70d26939b2075fcafd2db38099b42cf47907e,Crypto;Politics,1788883665,2026-09-08T16:07:45+00:00,BUY,Yes,0,95080187752363600884925085968164634957352262866840017339148061654490188669485,0.998,50.0,49.9,0xf37f56663dc146128f9dc960ba404fb8ec43d75413b67976040fb98681f79029,trades_4346082_0.json,15
4346082,0x78ea3c67e0cfa16073d763db8778463b2b2a787e9c9b3d3b297044662b7b6908,0xde68293bce7ee14695a0d054b12c8f2e081242ce,Crypto;Politics,1788883665,2026-09-08T16:07:45+00:00,BUY,No,1,5220315223310254650960813626481830798204099027983291598747819709936898119388,0.002,50.0,0.1,0xf37f56663dc146128f9dc960ba404fb8ec43d75413b67976040fb98681f79029,trades_4346082_0.json,16
4346082,0x78ea3c67e0cfa16073d763db8778463b2b2a787e9c9b3d3b297044662b7b6908,0x29e7bfcd9ff6dc452db60ea4dc4c926f9b85fbbf,Crypto;Politics,1788883602,2026-09-08T16:06:42+00:00,SELL,No,1,5220315223310254650960813626481830798204099027983291598747819709936898119388,0.0033206667,150.0,0.498100005,0x7a82d9a3887cf6a1dd96850d8208b16033ad04e0b8229e5dce3aef222e8512c0,trades_4346082_0.json,17
4346082,0x78ea3c67e0cfa16073d763db8778463b2b2a787e9c9b3d3b297044662b7b6908,0xa815f590e64fa64d417df72c581a32f5ff449cbe,Crypto;Politics,1788883602,2026-09-08T16:06:42+00:00,BUY,No,1,5220315223310254650960813626481830798204099027983291598747819709936898119388,0.003,101.9,0.3057,0x7a82d9a3887cf6a1dd96850d8208b16033ad04e0b8229e5dce3aef222e8512c0,trades_4346082_0.json,18
4346082,0x78ea3c67e0cfa16073d763db8778463b2b2a787e9c9b3d3b297044662b7b6908,0x0bf730d2b5e0b401b4d529841783f50cb6d243a2,Crypto;Politics,1788883602,2026-09-08T16:06:42+00:00,BUY,No,1,5220315223310254650960813626481830798204099027983291598747819709936898119388,0.004,48.1,0.19240000000000002,0x7a82d9a3887cf6a1dd96850d8208b16033ad04e0b8229e5dce3aef222e8512c0,trades_4346082_0.json,19
4346082,0x78ea3c67e0cfa16073d763db8778463b2b2a787e9c9b3d3b297044662b7b6908,0x1e55408f217f58facdf1d663c74cfa7f55e9e3e2,Crypto;Politics,1788880362,2026-09-08T15:12:42+00:00,BUY,Yes,0,95080187752363600884925085968164634957352262866840017339148061654490188669485,0.977,73.48,71.78996000000001,0xd92d462d0620e57f348798f259fd993831e75414aec7ae96863d6ea98d6d926d,trades_4346082_0.json,20
4346082,0x78ea3c67e0cfa16073d763db8778463b2b2a787e9c9b3d3b297044662b7b6908,0x510f4963b66b1b18505faab74b0bb943d1dda43c,Crypto;Politics,1788880362,2026-09-08T15:12:42+00:00,BUY,No,1,5220315223310254650960813626481830798204099027983291598747819709936898119388,0.023,30.0,0.69,0xd92d462d0620e57f348798f259fd993831e75414aec7ae96863d6ea98d6d926d,trades_4346082_0.json,21
4346082,0x78ea3c67e0cfa16073d763db8778463b2b2a787e9c9b3d3b297044662b7b6908,0xad5353afe30c2da57709e2704ef3ccdcf67eef24,Crypto;Politics,1788880362,2026-09-08T15:12:42+00:00,BUY,No,1,5220315223310254650960813626481830798204099027983291598747819709936898119388,0.023,43.48,1.0000399999999998,0xd92d462d0620e57f348798f259fd993831e75414aec7ae96863d6ea98d6d926d,trades_4346082_0.json,22
4346082,0x78ea3c67e0cfa16073d763db8778463b2b2a787e9c9b3d3b297044662b7b6908,0x29e7bfcd9ff6dc452db60ea4dc4c926f9b85fbbf,Crypto;Politics,1788876895,2026-09-08T14:14:55+00:00,BUY,No,1,5220315223310254650960813626481830798204099027983291598747819709936898119388,0.045,102.0,4.59,0xcbcdb9afd1fb9a0f9a888b7922fd0abd317c1237ac432f2731c4abae2d53586f,trades_4346082_0.json,23
4346082,0x78ea3c67e0cfa16073d763db8778463b2b2a787e9c9b3d3b297044662b7b6908,0xa815f590e64fa64d417df72c581a32f5ff449cbe,Crypto;Politics,1788876895,2026-09-08T14:14:55+00:00,SELL,No,1,5220315223310254650960813626481830798204099027983291598747819709936898119388,0.045,102.0,4.59,0xcbcdb9afd1fb9a0f9a888b7922fd0abd317c1237ac432f2731c4abae2d53586f,trades_4346082_0.json,24
4346082,0x78ea3c67e0cfa16073d763db8778463b2b2a787e9c9b3d3b297044662b7b6908,0x29e7bfcd9ff6dc452db60ea4dc4c926f9b85fbbf,Crypto;Politics,1788876816,2026-09-08T14:13:36+00:00,BUY,No,1,5220315223310254650960813626481830798204099027983291598747819709936898119388,0.027,359.95,9.71865,0xfbd3c60ee9ccf931f3afbc62f5aef81a4b40664863447723d669fbed5a141811,trades_4346082_0.json,25
4346082,0x78ea3c67e0cfa16073d763db8778463b2b2a787e9c9b3d3b297044662b7b6908,0x43372356634781eea88d61bbdd7824cdce958882,Crypto;Politics,1788876816,2026-09-08T14:13:36+00:00,BUY,Yes,0,95080187752363600884925085968164634957352262866840017339148061654490188669485,0.973,359.95,350.23134999999996,0xfbd3c60ee9ccf931f3afbc62f5aef81a4b40664863447723d669fbed5a141811,trades_4346082_0.json,26
4346082,0x78ea3c67e0cfa16073d763db8778463b2b2a787e9c9b3d3b297044662b7b6908,0x29e7bfcd9ff6dc452db60ea4dc4c926f9b85fbbf,Crypto;Politics,1788873019,2026-09-08T13:10:19+00:00,BUY,No,1,5220315223310254650960813626481830798204099027983291598747819709936898119388,0.0269999998,148.148149,3.99999999337037,0x46f8138acd0e07213e46fe793d27e251d04aa950a06b815b9dea9856acfa3096,trades_4346082_0.json,27
4346082,0x78ea3c67e0cfa16073d763db8778463b2b2a787e9c9b3d3b297044662b7b6908,0x43372356634781eea88d61bbdd7824cdce958882,Crypto;Politics,1788873019,2026-09-08T13:10:19+00:00,BUY,Yes,0,95080187752363600884925085968164634957352262866840017339148061654490188669485,0.9730000002,148.148149,144.1481490066296,0x46f8138acd0e07213e46fe793d27e251d04aa950a06b815b9dea9856acfa3096,trades_4346082_0.json,28
4346082,0x78ea3c67e0cfa16073d763db8778463b2b2a787e9c9b3d3b297044662b7b6908,0x29e7bfcd9ff6dc452db60ea4dc4c926f9b85fbbf,Crypto;Politics,1788872761,2026-09-08T13:06:01+00:00,BUY,No,1,5220315223310254650960813626481830798204099027983291598747819709936898119388,0.0211468373,283.730371,5.9999999926056375,0x8de723c066339d43484de34f2b1d0458dd20fe5c902953858698ece169fd9189,trades_4346082_0.json,29
4346082,0x78ea3c67e0cfa16073d763db8778463b2b2a787e9c9b3d3b297044662b7b6908,0x43372356634781eea88d61bbdd7824cdce958882,Crypto;Politics,1788872761,2026-09-08T13:06:01+00:00,BUY,Yes,0,95080187752363600884925085968164634957352262866840017339148061654490188669485,0.9730000004,46.890371,45.624331001756154,0x8de723c066339d43484de34f2b1d0458dd20fe5c902953858698ece169fd9189,trades_4346082_0.json,30
4346082,0x78ea3c67e0cfa16073d763db8778463b2b2a787e9c9b3d3b297044662b7b6908,0x43372356634781eea88d61bbdd7824cdce958882,Crypto;Politics,1788872761,2026-09-08T13:06:01+00:00,BUY,Yes,0,95080187752363600884925085968164634957352262866840017339148061654490188669485,0.98,222.0,217.56,0x8de723c066339d43484de34f2b1d0458dd20fe5c902953858698ece169fd9189,trades_4346082_0.json,31
4346082,0x78ea3c67e0cfa16073d763db8778463b2b2a787e9c9b3d3b297044662b7b6908,0x550f24294a07a2946a86b73bb32a601411577dad,Crypto;Politics,1788872761,2026-09-08T13:06:01+00:00,SELL,No,1,5220315223310254650960813626481830798204099027983291598747819709936898119388,0.02,12.0,0.24,0x8de723c066339d43484de34f2b1d0458dd20fe5c902953858698ece169fd9189,trades_4346082_0.json,32
4346082,0x78ea3c67e0cfa16073d763db8778463b2b2a787e9c9b3d3b297044662b7b6908,0x0bf730d2b5e0b401b4d529841783f50cb6d243a2,Crypto;Politics,1788872761,2026-09-08T13:06:01+00:00,SELL,No,1,5220315223310254650960813626481830798204099027983291598747819709936898119388,0.019,2.84,0.053959999999999994,0x8de723c066339d43484de34f2b1d0458dd20fe5c902953858698ece169fd9189,trades_4346082_0.json,33
4346082,0x78ea3c67e0cfa16073d763db8778463b2b2a787e9c9b3d3b297044662b7b6908,0xc808e7855e3ff6baebcfe9aec6965d86eafefffe,Crypto;Politics,1788870448,2026-09-08T12:27:28+00:00,BUY,No,1,5220315223310254650960813626481830798204099027983291598747819709936898119388,0.0159395971,62.736843,1.0000000007459553,0xc99242d8bf148cf0f9bef9b3fc2e388693b3f0a938f22589b7b57cf140bf3640,trades_4346082_0.json,34
4346082,0x78ea3c67e0cfa16073d763db8778463b2b2a787e9c9b3d3b297044662b7b6908,0x0bf730d2b5e0b401b4d529841783f50cb6d243a2,Crypto;Politics,1788870448,2026-09-08T12:27:28+00:00,SELL,No,1,5220315223310254650960813626481830798204099027983291598747819709936898119388,0.0189999993,24.736843,0.4699999996842099,0xc99242d8bf148cf0f9bef9b3fc2e388693b3f0a938f22589b7b57cf140bf3640,trades_4346082_0.json,35
4346082,0x78ea3c67e0cfa16073d763db8778463b2b2a787e9c9b3d3b297044662b7b6908,0x0bf730d2b5e0b401b4d529841783f50cb6d243a2,Crypto;Politics,1788870448,2026-09-08T12:27:28+00:00,SELL,No,1,5220315223310254650960813626481830798204099027983291598747819709936898119388,0.019,18.0,0.34199999999999997,0xc99242d8bf148cf0f9bef9b3fc2e388693b3f0a938f22589b7b57cf140bf3640,trades_4346082_0.json,36
4346082,0x78ea3c67e0cfa16073d763db8778463b2b2a787e9c9b3d3b297044662b7b6908,0x550f24294a07a2946a86b73bb32a601411577dad,Crypto;Politics,1788870448,2026-09-08T12:27:28+00:00,SELL,No,1,5220315223310254650960813626481830798204099027983291598747819709936898119388,0.01,8.0,0.08,0xc99242d8bf148cf0f9bef9b3fc2e388693b3f0a938f22589b7b57cf140bf3640,trades_4346082_0.json,37
4346082,0x78ea3c67e0cfa16073d763db8778463b2b2a787e9c9b3d3b297044662b7b6908,0x0bf730d2b5e0b401b4d529841783f50cb6d243a2,Crypto;Politics,1788870448,2026-09-08T12:27:28+00:00,SELL,No,1,5220315223310254650960813626481830798204099027983291598747819709936898119388,0.009,12.0,0.10799999999999998,0xc99242d8bf148cf0f9bef9b3fc2e388693b3f0a938f22589b7b57cf140bf3640,trades_4346082_0.json,38
4346082,0x78ea3c67e0cfa16073d763db8778463b2b2a787e9c9b3d3b297044662b7b6908,0xcdf5d708feab46b07ca2e804a566fcbe267be344,Crypto;Politics,1788869064,2026-09-08T12:04:24+00:00,SELL,No,1,5220315223310254650960813626481830798204099027983291598747819709936898119388,0.001,100.0,0.1,0xda15f84e91d1ae6df6c175ea8a6af44488021a6278a3ea7ade3dc40c7bba37ba,trades_4346082_0.json,39
4346082,0x78ea3c67e0cfa16073d763db8778463b2b2a787e9c9b3d3b297044662b7b6908,0x1e55408f217f58facdf1d663c74cfa7f55e9e3e2,Crypto;Politics,1788869064,2026-09-08T12:04:24+00:00,SELL,Yes,0,95080187752363600884925085968164634957352262866840017339148061654490188669485,0.999,49.0,48.951,0xda15f84e91d1ae6df6c175ea8a6af44488021a6278a3ea7ade3dc40c7bba37ba,trades_4346082_0.json,40
4346082,0x78ea3c67e0cfa16073d763db8778463b2b2a787e9c9b3d3b297044662b7b6908,0x550f24294a07a2946a86b73bb32a601411577dad,Crypto;Politics,1788869064,2026-09-08T12:04:24+00:00,BUY,No,1,5220315223310254650960813626481830798204099027983291598747819709936898119388,0.001,20.0,0.02,0xda15f84e91d1ae6df6c175ea8a6af44488021a6278a3ea7ade3dc40c7bba37ba,trades_4346082_0.json,41
4346082,0x78ea3c67e0cfa16073d763db8778463b2b2a787e9c9b3d3b297044662b7b6908,0xeab7b0a830a1755f1296fee950b3080e3529b389,Crypto;Politics,1788869064,2026-09-08T12:04:24+00:00,BUY,No,1,5220315223310254650960813626481830798204099027983291598747819709936898119388,0.001,5.0,0.005,0xda15f84e91d1ae6df6c175ea8a6af44488021a6278a3ea7ade3dc40c7bba37ba,trades_4346082_0.json,42
4346082,0x78ea3c67e0cfa16073d763db8778463b2b2a787e9c9b3d3b297044662b7b6908,0x3329cfc2b8d8ceb8d198f081bdf4262f421f43a6,Crypto;Politics,1788869064,2026-09-08T12:04:24+00:00,BUY,No,1,5220315223310254650960813626481830798204099027983291598747819709936898119388,0.001,10.0,0.01,0xda15f84e91d1ae6df6c175ea8a6af44488021a6278a3ea7ade3dc40c7bba37ba,trades_4346082_0.json,43
4346082,0x78ea3c67e0cfa16073d763db8778463b2b2a787e9c9b3d3b297044662b7b6908,0x9a94e5b4f0d6c646ed49e832cf8142c45474d5f9,Crypto;Politics,1788869064,2026-09-08T12:04:24+00:00,BUY,No,1,5220315223310254650960813626481830798204099027983291598747819709936898119388,0.001,16.0,0.016,0xda15f84e91d1ae6df6c175ea8a6af44488021a6278a3ea7ade3dc40c7bba37ba,trades_4346082_0.json,44
4346082,0x78ea3c67e0cfa16073d763db8778463b2b2a787e9c9b3d3b297044662b7b6908,0x1e55408f217f58facdf1d663c74cfa7f55e9e3e2,Crypto;Politics,1788868818,2026-09-08T12:00:18+00:00,BUY,Yes,0,95080187752363600884925085968164634957352262866840017339148061654490188669485,0.988,50.0,49.4,0xbd1abf6e6026f9c1383363a07100a5d01986c5ce890e1d55c03510df0bbb2f7c,trades_4346082_0.json,45
4346082,0x78ea3c67e0cfa16073d763db8778463b2b2a787e9c9b3d3b297044662b7b6908,0xcdf5d708feab46b07ca2e804a566fcbe267be344,Crypto;Politics,1788868818,2026-09-08T12:00:18+00:00,BUY,No,1,5220315223310254650960813626481830798204099027983291598747819709936898119388,0.012,50.0,0.6,0xbd1abf6e6026f9c1383363a07100a5d01986c5ce890e1d55c03510df0bbb2f7c,trades_4346082_0.json,46
4346082,0x78ea3c67e0cfa16073d763db8778463b2b2a787e9c9b3d3b297044662b7b6908,0x1e55408f217f58facdf1d663c74cfa7f55e9e3e2,Crypto;Politics,1788868740,2026-09-08T11:59:00+00:00,BUY,Yes,0,95080187752363600884925085968164634957352262866840017339148061654490188669485,0.974,100.0,97.39999999999999,0x50ca77f862efadb736b2839e60b48cdcabb2eb206d42d0fe8027c418aabe7209,trades_4346082_0.json,47
4346082,0x78ea3c67e0cfa16073d763db8778463b2b2a787e9c9b3d3b297044662b7b6908,0xc808e7855e3ff6baebcfe9aec6965d86eafefffe,Crypto;Politics,1788868740,2026-09-08T11:59:00+00:00,BUY,No,1,5220315223310254650960813626481830798204099027983291598747819709936898119388,0.026,50.0,1.3,0x50ca77f862efadb736b2839e60b48cdcabb2eb206d42d0fe8027c418aabe7209,trades_4346082_0.json,48
4346082,0x78ea3c67e0cfa16073d763db8778463b2b2a787e9c9b3d3b297044662b7b6908,0xcdf5d708feab46b07ca2e804a566fcbe267be344,Crypto;Politics,1788868740,2026-09-08T11:59:00+00:00,BUY,No,1,5220315223310254650960813626481830798204099027983291598747819709936898119388,0.026,50.0,1.3,0x50ca77f862efadb736b2839e60b48cdcabb2eb206d42d0fe8027c418aabe7209,trades_4346082_0.json,49
4346082,0x78ea3c67e0cfa16073d763db8778463b2b2a787e9c9b3d3b297044662b7b6908,0xc808e7855e3ff6baebcfe9aec6965d86eafefffe,Crypto;Politics,1788868618,2026-09-08T11:56:58+00:00,SELL,No,1,5220315223310254650960813626481830798204099027983291598747819709936898119388,0.002,50.0,0.1,0x389d3c3b4e1f4d1d3d78244a95ec243e6ea1ce60bc21294da23d18b10ccf5378,trades_4346082_0.json,50
4346082,0x78ea3c67e0cfa16073d763db8778463b2b2a787e9c9b3d3b297044662b7b6908,0x0bf730d2b5e0b401b4d529841783f50cb6d243a2,Crypto;Politics,1788868618,2026-09-08T11:56:58+00:00,BUY,No,1,5220315223310254650960813626481830798204099027983291598747819709936898119388,0.002,50.0,0.1,0x389d3c3b4e1f4d1d3d78244a95ec243e6ea1ce60bc21294da23d18b10ccf5378,trades_4346082_0.json,51
4346082,0x78ea3c67e0cfa16073d763db8778463b2b2a787e9c9b3d3b297044662b7b6908,0xc808e7855e3ff6baebcfe9aec6965d86eafefffe,Crypto;Politics,1788868554,2026-09-08T11:55:54+00:00,BUY,No,1,5220315223310254650960813626481830798204099027983291598747819709936898119388,0.02,150.0,3.0,0x45c8ebc839ea2f1e5d74e4be37cfc47bf82cb3d60447c593c3c115fc74ec9496,trades_4346082_0.json,52
4346082,0x78ea3c67e0cfa16073d763db8778463b2b2a787e9c9b3d3b297044662b7b6908,0x1e55408f217f58facdf1d663c74cfa7f55e9e3e2,Crypto;Politics,1788868554,2026-09-08T11:55:54+00:00,BUY,Yes,0,95080187752363600884925085968164634957352262866840017339148061654490188669485,0.98,50.0,49.0,0x45c8ebc839ea2f1e5d74e4be37cfc47bf82cb3d60447c593c3c115fc74ec9496,trades_4346082_0.json,53
4346082,0x78ea3c67e0cfa16073d763db8778463b2b2a787e9c9b3d3b297044662b7b6908,0x1e55408f217f58facdf1d663c74cfa7f55e9e3e2,Crypto;Politics,1788868554,2026-09-08T11:55:54+00:00,BUY,Yes,0,95080187752363600884925085968164634957352262866840017339148061654490188669485,0.98,50.0,49.0,0x45c8ebc839ea2f1e5d74e4be37cfc47bf82cb3d60447c593c3c115fc74ec9496,trades_4346082_0.json,54
4346082,0x78ea3c67e0cfa16073d763db8778463b2b2a787e9c9b3d3b297044662b7b6908,0x4c9affa3a4f5ba6b9ab3dd272c20e47ea47e0cd4,Crypto;Politics,1788868554,2026-09-08T11:55:54+00:00,SELL,No,1,5220315223310254650960813626481830798204099027983291598747819709936898119388,0.02,50.0,1.0,0x45c8ebc839ea2f1e5d74e4be37cfc47bf82cb3d60447c593c3c115fc74ec9496,trades_4346082_0.json,55
4346082,0x78ea3c67e0cfa16073d763db8778463b2b2a787e9c9b3d3b297044662b7b6908,0xcdf5d708feab46b07ca2e804a566fcbe267be344,Crypto;Politics,1788866805,2026-09-08T11:26:45+00:00,SELL,No,1,5220315223310254650960813626481830798204099027983291598747819709936898119388,0.0027142857,42.0,0.11399999940000001,0x8ec44d4527a7fead9772da852683348ef1b487489ce3ea44b7a32aec7bb6680a,trades_4346082_0.json,56
4346082,0x78ea3c67e0cfa16073d763db8778463b2b2a787e9c9b3d3b297044662b7b6908,0x9a94e5b4f0d6c646ed49e832cf8142c45474d5f9,Crypto;Politics,1788866805,2026-09-08T11:26:45+00:00,BUY,No,1,5220315223310254650960813626481830798204099027983291598747819709936898119388,0.001,34.0,0.034,0x8ec44d4527a7fead9772da852683348ef1b487489ce3ea44b7a32aec7bb6680a,trades_4346082_0.json,57
4346082,0x78ea3c67e0cfa16073d763db8778463b2b2a787e9c9b3d3b297044662b7b6908,0x46b353667fd7d846af3bbeda6584b0e5b883d3de,Crypto;Politics,1788866805,2026-09-08T11:26:45+00:00,BUY,No,1,5220315223310254650960813626481830798204099027983291598747819709936898119388,0.01,8.0,0.08,0x8ec44d4527a7fead9772da852683348ef1b487489ce3ea44b7a32aec7bb6680a,trades_4346082_0.json,58
4346082,0x78ea3c67e0cfa16073d763db8778463b2b2a787e9c9b3d3b297044662b7b6908,0xcdf5d708feab46b07ca2e804a566fcbe267be344,Crypto;Politics,1788866472,2026-09-08T11:21:12+00:00,SELL,No,1,5220315223310254650960813626481830798204099027983291598747819709936898119388,0.02,7.58,0.1516,0xaf8d2728e66db3ddd4d6596ff4e63935779ea1c9323518cb2aded9dde0253220,trades_4346082_0.json,59
4346082,0x78ea3c67e0cfa16073d763db8778463b2b2a787e9c9b3d3b297044662b7b6908,0x0bf730d2b5e0b401b4d529841783f50cb6d243a2,Crypto;Politics,1788866472,2026-09-08T11:21:12+00:00,BUY,No,1,5220315223310254650960813626481830798204099027983291598747819709936898119388,0.02,7.58,0.1516,0xaf8d2728e66db3ddd4d6596ff4e63935779ea1c9323518cb2aded9dde0253220,trades_4346082_0.json,60
4346082,0x78ea3c67e0cfa16073d763db8778463b2b2a787e9c9b3d3b297044662b7b6908,0x1e55408f217f58facdf1d663c74cfa7f55e9e3e2,Crypto;Politics,1788866241,2026-09-08T11:17:21+00:00,BUY,Yes,0,95080187752363600884925085968164634957352262866840017339148061654490188669485,0.96,50.0,48.0,0xb69f64fcb348dce9bcafa8c1117aafc8c663aafdae632f119a6e1eacb4841d3e,trades_4346082_0.json,61
4346082,0x78ea3c67e0cfa16073d763db8778463b2b2a787e9c9b3d3b297044662b7b6908,0xcdf5d708feab46b07ca2e804a566fcbe267be344,Crypto;Politics,1788866241,2026-09-08T11:17:21+00:00,BUY,No,1,5220315223310254650960813626481830798204099027983291598747819709936898119388,0.04,50.0,2.0,0xb69f64fcb348dce9bcafa8c1117aafc8c663aafdae632f119a6e1eacb4841d3e,trades_4346082_0.json,62
4346082,0x78ea3c67e0cfa16073d763db8778463b2b2a787e9c9b3d3b297044662b7b6908,0x1e55408f217f58facdf1d663c74cfa7f55e9e3e2,Crypto;Politics,1788865780,2026-09-08T11:09:40+00:00,BUY,Yes,0,95080187752363600884925085968164634957352262866840017339148061654490188669485,0.97,51.0,49.47,0xe9d2896f6926be161c8be359a4efa26e9ec00ef8137c661b8e5d286ac4a4e4bd,trades_4346082_0.json,63
4346082,0x78ea3c67e0cfa16073d763db8778463b2b2a787e9c9b3d3b297044662b7b6908,0xa815f590e64fa64d417df72c581a32f5ff449cbe,Crypto;Politics,1788865780,2026-09-08T11:09:40+00:00,BUY,No,1,5220315223310254650960813626481830798204099027983291598747819709936898119388,0.03,51.0,1.53,0xe9d2896f6926be161c8be359a4efa26e9ec00ef8137c661b8e5d286ac4a4e4bd,trades_4346082_0.json,64
4346082,0x78ea3c67e0cfa16073d763db8778463b2b2a787e9c9b3d3b297044662b7b6908,0x1e55408f217f58facdf1d663c74cfa7f55e9e3e2,Crypto;Politics,1788865105,2026-09-08T10:58:25+00:00,BUY,Yes,0,95080187752363600884925085968164634957352262866840017339148061654490188669485,0.97,50.0,48.5,0x3db528fe7baffebfd4f0c8a3dd9b5cbb6c7b6fa39d890e1e8da2edaf783c0964,trades_4346082_0.json,65
4346082,0x78ea3c67e0cfa16073d763db8778463b2b2a787e9c9b3d3b297044662b7b6908,0x4c9affa3a4f5ba6b9ab3dd272c20e47ea47e0cd4,Crypto;Politics,1788865105,2026-09-08T10:58:25+00:00,BUY,No,1,5220315223310254650960813626481830798204099027983291598747819709936898119388,0.03,50.0,1.5,0x3db528fe7baffebfd4f0c8a3dd9b5cbb6c7b6fa39d890e1e8da2edaf783c0964,trades_4346082_0.json,66
4346082,0x78ea3c67e0cfa16073d763db8778463b2b2a787e9c9b3d3b297044662b7b6908,0x1e55408f217f58facdf1d663c74cfa7f55e9e3e2,Crypto;Politics,1788864661,2026-09-08T10:51:01+00:00,BUY,Yes,0,95080187752363600884925085968164634957352262866840017339148061654490188669485,0.944949995,100.99,95.43049999505,0xa1ee2ed5d77bf3c8b2ca8b9a6bd88dc365a30c6a9a49139c97e135585f2ffc1e,trades_4346082_0.json,67
4346082,0x78ea3c67e0cfa16073d763db8778463b2b2a787e9c9b3d3b297044662b7b6908,0x5edac84d3078a6de72d8c67aa6495d3ff095d453,Crypto;Politics,1788864661,2026-09-08T10:51:01+00:00,SELL,Yes,0,95080187752363600884925085968164634957352262866840017339148061654490188669485,0.95,49.99,47.4905,0xa1ee2ed5d77bf3c8b2ca8b9a6bd88dc365a30c6a9a49139c97e135585f2ffc1e,trades_4346082_0.json,68
4346082,0x78ea3c67e0cfa16073d763db8778463b2b2a787e9c9b3d3b297044662b7b6908,0xa815f590e64fa64d417df72c581a32f5ff449cbe,Crypto;Politics,1788864661,2026-09-08T10:51:01+00:00,BUY,No,1,5220315223310254650960813626481830798204099027983291598747819709936898119388,0.06,51.0,3.06,0xa1ee2ed5d77bf3c8b2ca8b9a6bd88dc365a30c6a9a49139c97e135585f2ffc1e,trades_4346082_0.json,69
4346082,0x78ea3c67e0cfa16073d763db8778463b2b2a787e9c9b3d3b297044662b7b6908,0x5edac84d3078a6de72d8c67aa6495d3ff095d453,Crypto;Politics,1788852073,2026-09-08T07:21:13+00:00,BUY,Yes,0,95080187752363600884925085968164634957352262866840017339148061654490188669485,0.52,50.0,26.0,0x2f8baea282efe6b794dcb6dca0d3af1cec1418f9efd025a4e6c44e535c97887f,trades_4346082_0.json,70
4346082,0x78ea3c67e0cfa16073d763db8778463b2b2a787e9c9b3d3b297044662b7b6908,0xc808e7855e3ff6baebcfe9aec6965d86eafefffe,Crypto;Politics,1788852073,2026-09-08T07:21:13+00:00,BUY,No,1,5220315223310254650960813626481830798204099027983291598747819709936898119388,0.48,50.0,24.0,0x2f8baea282efe6b794dcb6dca0d3af1cec1418f9efd025a4e6c44e535c97887f,trades_4346082_0.json,71
4366650,0x14af2fdd9261c15e19633f9e4199e37cadf36a66cb365185d62deeb02e0a1a44,0xfe71a6a0d43ff4dec89a578650f400076573630f,Crypto,1788967543,2026-09-09T15:25:43+00:00,SELL,Down,1,52142048662528840315127202632542428611305628574628154808084651289275949779572,0.999,7.81,7.8021899999999995,0xac5dbece31cafde72b1e33ca0f4c144f28760bd90db281b42dc346f26b36f5a9,trades_4366650_0.json,0
4366650,0x14af2fdd9261c15e19633f9e4199e37cadf36a66cb365185d62deeb02e0a1a44,0x7cb239f58390a0743e439d92209530502306e655,Crypto,1788967543,2026-09-09T15:25:43+00:00,BUY,Down,1,52142048662528840315127202632542428611305628574628154808084651289275949779572,0.999,7.81,7.8021899999999995,0xac5dbece31cafde72b1e33ca0f4c144f28760bd90db281b42dc346f26b36f5a9,trades_4366650_0.json,1
4366650,0x14af2fdd9261c15e19633f9e4199e37cadf36a66cb365185d62deeb02e0a1a44,0x30000fcb38eadae30fb956039ff1f135e26c1e84,Crypto,1788967525,2026-09-09T15:25:25+00:00,SELL,Down,1,52142048662528840315127202632542428611305628574628154808084651289275949779572,0.999,1.64,1.6383599999999998,0x47fd3039440f3a82d6f4b9d0a58e28e60e8a1d1e3725f1e3907476539736fd55,trades_4366650_0.json,2
4366650,0x14af2fdd9261c15e19633f9e4199e37cadf36a66cb365185d62deeb02e0a1a44,0x7cb239f58390a0743e439d92209530502306e655,Crypto,1788967525,2026-09-09T15:25:25+00:00,BUY,Down,1,52142048662528840315127202632542428611305628574628154808084651289275949779572,0.999,1.64,1.6383599999999998,0x47fd3039440f3a82d6f4b9d0a58e28e60e8a1d1e3725f1e3907476539736fd55,trades_4366650_0.json,3
4366650,0x14af2fdd9261c15e19633f9e4199e37cadf36a66cb365185d62deeb02e0a1a44,0x3a6fe0c555a212e0ed67a97daeb803a485e742b6,Crypto,1788967525,2026-09-09T15:25:25+00:00,SELL,Down,1,52142048662528840315127202632542428611305628574628154808084651289275949779572,0.999,8.17,8.16183,0xf079f50f45c9ce95d39f86a0ae6740f445e2faf28252b3a7713063333df43e3b,trades_4366650_0.json,4
4366650,0x14af2fdd9261c15e19633f9e4199e37cadf36a66cb365185d62deeb02e0a1a44,0x7cb239f58390a0743e439d92209530502306e655,Crypto,1788967525,2026-09-09T15:25:25+00:00,BUY,Down,1,52142048662528840315127202632542428611305628574628154808084651289275949779572,0.999,8.17,8.16183,0xf079f50f45c9ce95d39f86a0ae6740f445e2faf28252b3a7713063333df43e3b,trades_4366650_0.json,5
4366650,0x14af2fdd9261c15e19633f9e4199e37cadf36a66cb365185d62deeb02e0a1a44,0x77603477b10983bb95b82a7dbd5b2b07c5bbdc08,Crypto,1788967479,2026-09-09T15:24:39+00:00,BUY,Up,0,76300234162777448965971146404473770864365127474834608556913305439003202565153,0.01,105.0,1.05,0xbf558d5aa47e359fc1c04b06bb8c6aab345ffda5952e46380003d0db67ff9a3e,trades_4366650_0.json,6
4366650,0x14af2fdd9261c15e19633f9e4199e37cadf36a66cb365185d62deeb02e0a1a44,0x1af5fd0e310d2e05217a1c860a5aeb43ef3aed83,Crypto,1788967479,2026-09-09T15:24:39+00:00,BUY,Down,1,52142048662528840315127202632542428611305628574628154808084651289275949779572,0.99,105.0,103.95,0xbf558d5aa47e359fc1c04b06bb8c6aab345ffda5952e46380003d0db67ff9a3e,trades_4366650_0.json,7
4366650,0x14af2fdd9261c15e19633f9e4199e37cadf36a66cb365185d62deeb02e0a1a44,0x986b0b1271663922259d90e66ccfc8940f7c2721,Crypto,1788967465,2026-09-09T15:24:25+00:00,BUY,Up,0,76300234162777448965971146404473770864365127474834608556913305439003202565153,0.01,16.67,0.16670000000000001,0x5dfcb4044c504919cd2b8df4b528d965f21d41b92f98626267419d9425e2189b,trades_4366650_0.json,8
4366650,0x14af2fdd9261c15e19633f9e4199e37cadf36a66cb365185d62deeb02e0a1a44,0x1af5fd0e310d2e05217a1c860a5aeb43ef3aed83,Crypto,1788967465,2026-09-09T15:24:25+00:00,BUY,Down,1,52142048662528840315127202632542428611305628574628154808084651289275949779572,0.99,16.67,16.503300000000003,0x5dfcb4044c504919cd2b8df4b528d965f21d41b92f98626267419d9425e2189b,trades_4366650_0.json,9
4366650,0x14af2fdd9261c15e19633f9e4199e37cadf36a66cb365185d62deeb02e0a1a44,0x55029891f5ae9f96e3aaa35e17f871fedfbe4b9a,Crypto,1788967458,2026-09-09T15:24:18+00:00,BUY,Up,0,76300234162777448965971146404473770864365127474834608556913305439003202565153,0.01,10.0,0.1,0x01d088b4072a1a76c79c168a7f8a2800f6492757b9cb46ed643aa808705cca67,trades_4366650_0.json,10
4366650,0x14af2fdd9261c15e19633f9e4199e37cadf36a66cb365185d62deeb02e0a1a44,0x1af5fd0e310d2e05217a1c860a5aeb43ef3aed83,Crypto,1788967458,2026-09-09T15:24:18+00:00,BUY,Down,1,52142048662528840315127202632542428611305628574628154808084651289275949779572,0.99,10.0,9.9,0x01d088b4072a1a76c79c168a7f8a2800f6492757b9cb46ed643aa808705cca67,trades_4366650_0.json,11
4366650,0x14af2fdd9261c15e19633f9e4199e37cadf36a66cb365185d62deeb02e0a1a44,0x55029891f5ae9f96e3aaa35e17f871fedfbe4b9a,Crypto,1788967458,2026-09-09T15:24:18+00:00,BUY,Up,0,76300234162777448965971146404473770864365127474834608556913305439003202565153,0.01,10.0,0.1,0x29b96698581c7e94c15192c4795b0524ba485cc8cc38d5812e7356684d3bd1ee,trades_4366650_0.json,12
4366650,0x14af2fdd9261c15e19633f9e4199e37cadf36a66cb365185d62deeb02e0a1a44,0x1af5fd0e310d2e05217a1c860a5aeb43ef3aed83,Crypto,1788967458,2026-09-09T15:24:18+00:00,BUY,Down,1,52142048662528840315127202632542428611305628574628154808084651289275949779572,0.99,10.0,9.9,0x29b96698581c7e94c15192c4795b0524ba485cc8cc38d5812e7356684d3bd1ee,trades_4366650_0.json,13
4366650,0x14af2fdd9261c15e19633f9e4199e37cadf36a66cb365185d62deeb02e0a1a44,0xdebd7bb44a0aa01083be937116d6a310801485de,Crypto,1788967458,2026-09-09T15:24:18+00:00,BUY,Up,0,76300234162777448965971146404473770864365127474834608556913305439003202565153,0.01,10.0,0.1,0x093274daf5579b2bad8bcf18399661db460cac094f861f92e3bd941d7ba5da7d,trades_4366650_0.json,14
4366650,0x14af2fdd9261c15e19633f9e4199e37cadf36a66cb365185d62deeb02e0a1a44,0x1af5fd0e310d2e05217a1c860a5aeb43ef3aed83,Crypto,1788967458,2026-09-09T15:24:18+00:00,BUY,Down,1,52142048662528840315127202632542428611305628574628154808084651289275949779572,0.99,10.0,9.9,0x093274daf5579b2bad8bcf18399661db460cac094f861f92e3bd941d7ba5da7d,trades_4366650_0.json,15
4366650,0x14af2fdd9261c15e19633f9e4199e37cadf36a66cb365185d62deeb02e0a1a44,0x2c697b1d8e5546aef19ed939522af03d90a3a9a2,Crypto,1788967458,2026-09-09T15:24:18+00:00,BUY,Up,0,76300234162777448965971146404473770864365127474834608556913305439003202565153,0.01,10.0,0.1,0x6ac7036e40ea0e28b1849ca8a9f30fab6eaaa82ce9ba4f74132aca04a54b4bdc,trades_4366650_0.json,16
4366650,0x14af2fdd9261c15e19633f9e4199e37cadf36a66cb365185d62deeb02e0a1a44,0x1af5fd0e310d2e05217a1c860a5aeb43ef3aed83,Crypto,1788967458,2026-09-09T15:24:18+00:00,BUY,Down,1,52142048662528840315127202632542428611305628574628154808084651289275949779572,0.99,10.0,9.9,0x6ac7036e40ea0e28b1849ca8a9f30fab6eaaa82ce9ba4f74132aca04a54b4bdc,trades_4366650_0.json,17
4366650,0x14af2fdd9261c15e19633f9e4199e37cadf36a66cb365185d62deeb02e0a1a44,0x2be6aabe546215d84e30f7842ce3867f89a7c89e,Crypto,1788967452,2026-09-09T15:24:12+00:00,SELL,Down,1,52142048662528840315127202632542428611305628574628154808084651289275949779572,0.99,2.09,2.0690999999999997,0x5cf44cdbb6773f7c301ed2b7a87d2aa68afa38254629126f88d7d612fdf7a64e,trades_4366650_0.json,18
4366650,0x14af2fdd9261c15e19633f9e4199e37cadf36a66cb365185d62deeb02e0a1a44,0x1af5fd0e310d2e05217a1c860a5aeb43ef3aed83,Crypto,1788967452,2026-09-09T15:24:12+00:00,BUY,Down,1,52142048662528840315127202632542428611305628574628154808084651289275949779572,0.99,2.09,2.0690999999999997,0x5cf44cdbb6773f7c301ed2b7a87d2aa68afa38254629126f88d7d612fdf7a64e,trades_4366650_0.json,19
4366650,0x14af2fdd9261c15e19633f9e4199e37cadf36a66cb365185d62deeb02e0a1a44,0xfe81b2cf86b83c9c29b835c40bb71819c25d8e10,Crypto,1788967425,2026-09-09T15:23:45+00:00,SELL,Down,1,52142048662528840315127202632542428611305628574628154808084651289275949779572,0.99,10.41,10.3059,0xd51e994add4400dc492eda2609d1f38a3ec5ee559ff15006e15ac987eaa3d994,trades_4366650_0.json,20
4366650,0x14af2fdd9261c15e19633f9e4199e37cadf36a66cb365185d62deeb02e0a1a44,0x1af5fd0e310d2e05217a1c860a5aeb43ef3aed83,Crypto,1788967425,2026-09-09T15:23:45+00:00,BUY,Down,1,52142048662528840315127202632542428611305628574628154808084651289275949779572,0.99,10.41,10.3059,0xd51e994add4400dc492eda2609d1f38a3ec5ee559ff15006e15ac987eaa3d994,trades_4366650_0.json,21
4366650,0x14af2fdd9261c15e19633f9e4199e37cadf36a66cb365185d62deeb02e0a1a44,0x5a5b280d745581653ce86e7333b9e6728551c69c,Crypto,1788967423,2026-09-09T15:23:43+00:00,BUY,Up,0,76300234162777448965971146404473770864365127474834608556913305439003202565153,0.01,100.0,1.0,0xeadab84fb546d57eda1b888931b4abad9d5203f670e7ff2e80bf203fdbc283c9,trades_4366650_0.json,22
4366650,0x14af2fdd9261c15e19633f9e4199e37cadf36a66cb365185d62deeb02e0a1a44,0x1af5fd0e310d2e05217a1c860a5aeb43ef3aed83,Crypto,1788967423,2026-09-09T15:23:43+00:00,BUY,Down,1,52142048662528840315127202632542428611305628574628154808084651289275949779572,0.99,100.0,99.0,0xeadab84fb546d57eda1b888931b4abad9d5203f670e7ff2e80bf203fdbc283c9,trades_4366650_0.json,23
4366650,0x14af2fdd9261c15e19633f9e4199e37cadf36a66cb365185d62deeb02e0a1a44,0x986b0b1271663922259d90e66ccfc8940f7c2721,Crypto,1788967419,2026-09-09T15:23:39+00:00,BUY,Up,0,76300234162777448965971146404473770864365127474834608556913305439003202565153,0.01,16.67,0.16670000000000001,0xc3c2e67bfbe21b2bd3af4646d710c26ad7f7d1e4351e76abe7f7c7759697bc43,trades_4366650_0.json,24
4366650,0x14af2fdd9261c15e19633f9e4199e37cadf36a66cb365185d62deeb02e0a1a44,0x1af5fd0e310d2e05217a1c860a5aeb43ef3aed83,Crypto,1788967419,2026-09-09T15:23:39+00:00,BUY,Down,1,52142048662528840315127202632542428611305628574628154808084651289275949779572,0.99,16.67,16.503300000000003,0xc3c2e67bfbe21b2bd3af4646d710c26ad7f7d1e4351e76abe7f7c7759697bc43,trades_4366650_0.json,25
4366650,0x14af2fdd9261c15e19633f9e4199e37cadf36a66cb365185d62deeb02e0a1a44,0x986b0b1271663922259d90e66ccfc8940f7c2721,Crypto,1788967417,2026-09-09T15:23:37+00:00,BUY,Up,0,76300234162777448965971146404473770864365127474834608556913305439003202565153,0.01,16.67,0.16670000000000001,0xd31b8d765d5bec7bf84d613dcbc4ff4fe0d8781f33bc7b53c981a820c81f9fec,trades_4366650_0.json,26
4366650,0x14af2fdd9261c15e19633f9e4199e37cadf36a66cb365185d62deeb02e0a1a44,0x1af5fd0e310d2e05217a1c860a5aeb43ef3aed83,Crypto,1788967417,2026-09-09T15:23:37+00:00,BUY,Down,1,52142048662528840315127202632542428611305628574628154808084651289275949779572,0.99,16.67,16.503300000000003,0xd31b8d765d5bec7bf84d613dcbc4ff4fe0d8781f33bc7b53c981a820c81f9fec,trades_4366650_0.json,27
4366650,0x14af2fdd9261c15e19633f9e4199e37cadf36a66cb365185d62deeb02e0a1a44,0x55029891f5ae9f96e3aaa35e17f871fedfbe4b9a,Crypto,1788967408,2026-09-09T15:23:28+00:00,BUY,Up,0,76300234162777448965971146404473770864365127474834608556913305439003202565153,0.01,10.0,0.1,0xee5738c272e16fb384749f0975c1776c53ef18e62f001aed31024abf3636b255,trades_4366650_0.json,28
4366650,0x14af2fdd9261c15e19633f9e4199e37cadf36a66cb365185d62deeb02e0a1a44,0x1af5fd0e310d2e05217a1c860a5aeb43ef3aed83,Crypto,1788967408,2026-09-09T15:23:28+00:00,BUY,Down,1,52142048662528840315127202632542428611305628574628154808084651289275949779572,0.99,10.0,9.9,0xee5738c272e16fb384749f0975c1776c53ef18e62f001aed31024abf3636b255,trades_4366650_0.json,29
4366650,0x14af2fdd9261c15e19633f9e4199e37cadf36a66cb365185d62deeb02e0a1a44,0x2c697b1d8e5546aef19ed939522af03d90a3a9a2,Crypto,1788967408,2026-09-09T15:23:28+00:00,BUY,Up,0,76300234162777448965971146404473770864365127474834608556913305439003202565153,0.01,10.0,0.1,0xaf3a321cb43581e9fa4ea7bf13f4012a1ed3292692cb267d7a63ca55818e7c9e,trades_4366650_0.json,30
4366650,0x14af2fdd9261c15e19633f9e4199e37cadf36a66cb365185d62deeb02e0a1a44,0x1af5fd0e310d2e05217a1c860a5aeb43ef3aed83,Crypto,1788967408,2026-09-09T15:23:28+00:00,BUY,Down,1,52142048662528840315127202632542428611305628574628154808084651289275949779572,0.99,10.0,9.9,0xaf3a321cb43581e9fa4ea7bf13f4012a1ed3292692cb267d7a63ca55818e7c9e,trades_4366650_0.json,31
4366650,0x14af2fdd9261c15e19633f9e4199e37cadf36a66cb365185d62deeb02e0a1a44,0x4d917ff88f6dad024ef77c456442246ba068cdeb,Crypto,1788967405,2026-09-09T15:23:25+00:00,SELL,Down,1,52142048662528840315127202632542428611305628574628154808084651289275949779572,0.99,96.0,95.03999999999999,0xb2a33e1acee30447551d261c877b9b0af3cb92a5b413ee204e65326d7737c029,trades_4366650_0.json,32
4366650,0x14af2fdd9261c15e19633f9e4199e37cadf36a66cb365185d62deeb02e0a1a44,0x1af5fd0e310d2e05217a1c860a5aeb43ef3aed83,Crypto,1788967405,2026-09-09T15:23:25+00:00,BUY,Down,1,52142048662528840315127202632542428611305628574628154808084651289275949779572,0.99,96.0,95.03999999999999,0xb2a33e1acee30447551d261c877b9b0af3cb92a5b413ee204e65326d7737c029,trades_4366650_0.json,33
4366650,0x14af2fdd9261c15e19633f9e4199e37cadf36a66cb365185d62deeb02e0a1a44,0xd38ac86ec4691ce9483854788fe3e22e9f7afdff,Crypto,1788967396,2026-09-09T15:23:16+00:00,BUY,Up,0,76300234162777448965971146404473770864365127474834608556913305439003202565153,0.01,100.0,1.0,0xea2ffc83f68548854676abd642ad568dd71ab7624291d06550d21375d41f0a3e,trades_4366650_0.json,34
4366650,0x14af2fdd9261c15e19633f9e4199e37cadf36a66cb365185d62deeb02e0a1a44,0x1af5fd0e310d2e05217a1c860a5aeb43ef3aed83,Crypto,1788967396,2026-09-09T15:23:16+00:00,BUY,Down,1,52142048662528840315127202632542428611305628574628154808084651289275949779572,0.99,100.0,99.0,0xea2ffc83f68548854676abd642ad568dd71ab7624291d06550d21375d41f0a3e,trades_4366650_0.json,35
4366650,0x14af2fdd9261c15e19633f9e4199e37cadf36a66cb365185d62deeb02e0a1a44,0x44e43bf4a74f3ed0f49b06e9130a9ca9a4c62186,Crypto,1788967393,2026-09-09T15:23:13+00:00,BUY,Up,0,76300234162777448965971146404473770864365127474834608556913305439003202565153,0.01,110.0,1.1,0x0aa176f63a4ef9198918833a720a5b5d5d7874cc3ffeb9a982d43f3015e2645a,trades_4366650_0.json,36
4366650,0x14af2fdd9261c15e19633f9e4199e37cadf36a66cb365185d62deeb02e0a1a44,0x1af5fd0e310d2e05217a1c860a5aeb43ef3aed83,Crypto,1788967393,2026-09-09T15:23:13+00:00,BUY,Down,1,52142048662528840315127202632542428611305628574628154808084651289275949779572,0.99,18.27,18.0873,0x0aa176f63a4ef9198918833a720a5b5d5d7874cc3ffeb9a982d43f3015e2645a,trades_4366650_0.json,37
4366650,0x14af2fdd9261c15e19633f9e4199e37cadf36a66cb365185d62deeb02e0a1a44,0x2a6d67f2faf5ac1de7b10b37bcdf727964752876,Crypto,1788967393,2026-09-09T15:23:13+00:00,BUY,Down,1,52142048662528840315127202632542428611305628574628154808084651289275949779572,0.99,50.0,49.5,0x0aa176f63a4ef9198918833a720a5b5d5d7874cc3ffeb9a982d43f3015e2645a,trades_4366650_0.json,38
4366650,0x14af2fdd9261c15e19633f9e4199e37cadf36a66cb365185d62deeb02e0a1a44,0x68f6c51dbb0ecb12ee66a937434e6190c9f19533,Crypto,1788967393,2026-09-09T15:23:13+00:00,BUY,Down,1,52142048662528840315127202632542428611305628574628154808084651289275949779572,0.99,10.0,9.9,0x0aa176f63a4ef9198918833a720a5b5d5d7874cc3ffeb9a982d43f3015e2645a,trades_4366650_0.json,39
4366650,0x14af2fdd9261c15e19633f9e4199e37cadf36a66cb365185d62deeb02e0a1a44,0xb27bc932bf8110d8f78e55da7d5f0497a18b5b82,Crypto,1788967393,2026-09-09T15:23:13+00:00,BUY,Down,1,52142048662528840315127202632542428611305628574628154808084651289275949779572,0.99,31.73,31.4127,0x0aa176f63a4ef9198918833a720a5b5d5d7874cc3ffeb9a982d43f3015e2645a,trades_4366650_0.json,40
4366650,0x14af2fdd9261c15e19633f9e4199e37cadf36a66cb365185d62deeb02e0a1a44,0x9eee9569c40fb5ed50b900fa485159664948bf40,Crypto,1788967392,2026-09-09T15:23:12+00:00,BUY,Up,0,76300234162777448965971146404473770864365127474834608556913305439003202565153,0.01,300.0,3.0,0x3cd9a63e137f163fd850ac44359b54ac598fdcd3df89e8f1e907dfa22f34b871,trades_4366650_0.json,41
4366650,0x14af2fdd9261c15e19633f9e4199e37cadf36a66cb365185d62deeb02e0a1a44,0xb27bc932bf8110d8f78e55da7d5f0497a18b5b82,Crypto,1788967392,2026-09-09T15:23:12+00:00,BUY,Down,1,52142048662528840315127202632542428611305628574628154808084651289275949779572,0.99,18.27,18.0873,0x3cd9a63e137f163fd850ac44359b54ac598fdcd3df89e8f1e907dfa22f34b871,trades_4366650_0.json,42
4366650,0x14af2fdd9261c15e19633f9e4199e37cadf36a66cb365185d62deeb02e0a1a44,0xeebde7a0e019a63e6b476eb425505b7b3e6eba30,Crypto,1788967392,2026-09-09T15:23:12+00:00,BUY,Down,1,52142048662528840315127202632542428611305628574628154808084651289275949779572,0.99,281.73,278.91270000000003,0x3cd9a63e137f163fd850ac44359b54ac598fdcd3df89e8f1e907dfa22f34b871,trades_4366650_0.json,43
4366650,0x14af2fdd9261c15e19633f9e4199e37cadf36a66cb365185d62deeb02e0a1a44,0x2a1bfe2dd8d5298ff333cf42e33b15dd651ac9ab,Crypto,1788967392,2026-09-09T15:23:12+00:00,SELL,Down,1,52142048662528840315127202632542428611305628574628154808084651289275949779572,0.99,3.57,3.5343,0x00b66c71cd29eb122d6f7dce08ee54083c3bdf3bb2211a439c2c60b8b12175ba,trades_4366650_0.json,44
4366650,0x14af2fdd9261c15e19633f9e4199e37cadf36a66cb365185d62deeb02e0a1a44,0xeebde7a0e019a63e6b476eb425505b7b3e6eba30,Crypto,1788967392,2026-09-09T15:23:12+00:00,BUY,Down,1,52142048662528840315127202632542428611305628574628154808084651289275949779572,0.99,3.57,3.5343,0x00b66c71cd29eb122d6f7dce08ee54083c3bdf3bb2211a439c2c60b8b12175ba,trades_4366650_0.json,45
4366650,0x14af2fdd9261c15e19633f9e4199e37cadf36a66cb365185d62deeb02e0a1a44,0x7b790d80481c4dbb424ccdbae409a0e3bc4eca68,Crypto,1788967386,2026-09-09T15:23:06+00:00,BUY,Up,0,76300234162777448965971146404473770864365127474834608556913305439003202565153,0.01,200.0,2.0,0xfedf28477f59579d946ee6392cc3703cf6fa450820cfc0ce73c95410cdb954ff,trades_4366650_0.json,46
4366650,0x14af2fdd9261c15e19633f9e4199e37cadf36a66cb365185d62deeb02e0a1a44,0xeebde7a0e019a63e6b476eb425505b7b3e6eba30,Crypto,1788967386,2026-09-09T15:23:06+00:00,BUY,Down,1,52142048662528840315127202632542428611305628574628154808084651289275949779572,0.99,200.0,198.0,0xfedf28477f59579d946ee6392cc3703cf6fa450820cfc0ce73c95410cdb954ff,trades_4366650_0.json,47
4366650,0x14af2fdd9261c15e19633f9e4199e37cadf36a66cb365185d62deeb02e0a1a44,0x2c697b1d8e5546aef19ed939522af03d90a3a9a2,Crypto,1788967386,2026-09-09T15:23:06+00:00,BUY,Up,0,76300234162777448965971146404473770864365127474834608556913305439003202565153,0.01,10.0,0.1,0x6915062077356fee3add518410f324a7dd7521a6e5e337b7983f6990350f16ce,trades_4366650_0.json,48
4366650,0x14af2fdd9261c15e19633f9e4199e37cadf36a66cb365185d62deeb02e0a1a44,0xeebde7a0e019a63e6b476eb425505b7b3e6eba30,Crypto,1788967386,2026-09-09T15:23:06+00:00,BUY,Down,1,52142048662528840315127202632542428611305628574628154808084651289275949779572,0.99,10.0,9.9,0x6915062077356fee3add518410f324a7dd7521a6e5e337b7983f6990350f16ce,trades_4366650_0.json,49
4366650,0x14af2fdd9261c15e19633f9e4199e37cadf36a66cb365185d62deeb02e0a1a44,0x986b0b1271663922259d90e66ccfc8940f7c2721,Crypto,1788967384,2026-09-09T15:23:04+00:00,BUY,Up,0,76300234162777448965971146404473770864365127474834608556913305439003202565153,0.01,16.67,0.16670000000000001,0x521c709ebd37f27c932c058d0ba0c5eaaf6ae14f10a7b46bf74a3669538d0cc8,trades_4366650_0.json,50
4366650,0x14af2fdd9261c15e19633f9e4199e37cadf36a66cb365185d62deeb02e0a1a44,0xeebde7a0e019a63e6b476eb425505b7b3e6eba30,Crypto,1788967384,2026-09-09T15:23:04+00:00,BUY,Down,1,52142048662528840315127202632542428611305628574628154808084651289275949779572,0.99,16.67,16.503300000000003,0x521c709ebd37f27c932c058d0ba0c5eaaf6ae14f10a7b46bf74a3669538d0cc8,trades_4366650_0.json,51
4366650,0x14af2fdd9261c15e19633f9e4199e37cadf36a66cb365185d62deeb02e0a1a44,0x986b0b1271663922259d90e66ccfc8940f7c2721,Crypto,1788967384,2026-09-09T15:23:04+00:00,BUY,Up,0,76300234162777448965971146404473770864365127474834608556913305439003202565153,0.01,16.67,0.16670000000000001,0x708a826f5e853d5df521b620a646e98ce66463bddeb68a9bfeb39fa8d4912b5f,trades_4366650_0.json,52
4366650,0x14af2fdd9261c15e19633f9e4199e37cadf36a66cb365185d62deeb02e0a1a44,0xeebde7a0e019a63e6b476eb425505b7b3e6eba30,Crypto,1788967384,2026-09-09T15:23:04+00:00,BUY,Down,1,52142048662528840315127202632542428611305628574628154808084651289275949779572,0.99,16.67,16.503300000000003,0x708a826f5e853d5df521b620a646e98ce66463bddeb68a9bfeb39fa8d4912b5f,trades_4366650_0.json,53
4366650,0x14af2fdd9261c15e19633f9e4199e37cadf36a66cb365185d62deeb02e0a1a44,0x436d5cdd83c063d9b6f490a9c8749ea9745adade,Crypto,1788967384,2026-09-09T15:23:04+00:00,SELL,Down,1,52142048662528840315127202632542428611305628574628154808084651289275949779572,0.99,8.92,8.8308,0xaf4a7b5559e0c6f32b808e2956c21036e55cbb66e9c4ba797ac56ed2ba153e6a,trades_4366650_0.json,54
4366650,0x14af2fdd9261c15e19633f9e4199e37cadf36a66cb365185d62deeb02e0a1a44,0xeebde7a0e019a63e6b476eb425505b7b3e6eba30,Crypto,1788967384,2026-09-09T15:23:04+00:00,BUY,Down,1,52142048662528840315127202632542428611305628574628154808084651289275949779572,0.99,8.92,8.8308,0xaf4a7b5559e0c6f32b808e2956c21036e55cbb66e9c4ba797ac56ed2ba153e6a,trades_4366650_0.json,55
4366650,0x14af2fdd9261c15e19633f9e4199e37cadf36a66cb365185d62deeb02e0a1a44,0xeebde7a0e019a63e6b476eb425505b7b3e6eba30,Crypto,1788967372,2026-09-09T15:22:52+00:00,BUY,Down,1,52142048662528840315127202632542428611305628574628154808084651289275949779572,0.99,93.44,92.5056,0x42166c6b9f44ccc7c059699ad99b9e400dd4d8bebcd794ee6514a45ccc7a614f,trades_4366650_0.json,56
4366650,0x14af2fdd9261c15e19633f9e4199e37cadf36a66cb365185d62deeb02e0a1a44,0xec10d2301a2333b75d1a809f7a164a2cf2566eb9,Crypto,1788967372,2026-09-09T15:22:52+00:00,BUY,Up,0,76300234162777448965971146404473770864365127474834608556913305439003202565153,0.01,5.0,0.05,0x42166c6b9f44ccc7c059699ad99b9e400dd4d8bebcd794ee6514a45ccc7a614f,trades_4366650_0.json,57
4366650,0x14af2fdd9261c15e19633f9e4199e37cadf36a66cb365185d62deeb02e0a1a44,0x601f786b3fe55a99972ac665b544b245406ebb82,Crypto,1788967372,2026-09-09T15:22:52+00:00,BUY,Up,0,76300234162777448965971146404473770864365127474834608556913305439003202565153,0.01,10.0,0.1,0x42166c6b9f44ccc7c059699ad99b9e400dd4d8bebcd794ee6514a45ccc7a614f,trades_4366650_0.json,58
4366650,0x14af2fdd9261c15e19633f9e4199e37cadf36a66cb365185d62deeb02e0a1a44,0x0dba2a2327bb8fe4fd55f45d56872c9b7e1e2db9,Crypto,1788967372,2026-09-09T15:22:52+00:00,BUY,Up,0,76300234162777448965971146404473770864365127474834608556913305439003202565153,0.01,10.0,0.1,0x42166c6b9f44ccc7c059699ad99b9e400dd4d8bebcd794ee6514a45ccc7a614f,trades_4366650_0.json,59
4366650,0x14af2fdd9261c15e19633f9e4199e37cadf36a66cb365185d62deeb02e0a1a44,0x06809baf3a622b1cd97d08e761a2477a12ef4ba7,Crypto,1788967372,2026-09-09T15:22:52+00:00,BUY,Up,0,76300234162777448965971146404473770864365127474834608556913305439003202565153,0.01,10.0,0.1,0x42166c6b9f44ccc7c059699ad99b9e400dd4d8bebcd794ee6514a45ccc7a614f,trades_4366650_0.json,60
4366650,0x14af2fdd9261c15e19633f9e4199e37cadf36a66cb365185d62deeb02e0a1a44,0x920e3cccc79df84f8cfc981fff22f96b7352f3f2,Crypto,1788967372,2026-09-09T15:22:52+00:00,BUY,Up,0,76300234162777448965971146404473770864365127474834608556913305439003202565153,0.01,50.0,0.5,0x42166c6b9f44ccc7c059699ad99b9e400dd4d8bebcd794ee6514a45ccc7a614f,trades_4366650_0.json,61
4366650,0x14af2fdd9261c15e19633f9e4199e37cadf36a66cb365185d62deeb02e0a1a44,0xe114e5ca2d8c47baed151a71fd8eeb143047c208,Crypto,1788967372,2026-09-09T15:22:52+00:00,BUY,Up,0,76300234162777448965971146404473770864365127474834608556913305439003202565153,0.01,8.44,0.0844,0x42166c6b9f44ccc7c059699ad99b9e400dd4d8bebcd794ee6514a45ccc7a614f,trades_4366650_0.json,62
4366650,0x14af2fdd9261c15e19633f9e4199e37cadf36a66cb365185d62deeb02e0a1a44,0xa35a7cc6f81b0947e09ceb3d422abbe8ecb212ec,Crypto,1788967371,2026-09-09T15:22:51+00:00,BUY,Down,1,52142048662528840315127202632542428611305628574628154808084651289275949779572,0.99,5.0,4.95,0xc44c808c5a86e811cff9b8ec703365f6e1d7ba42749a595ab2a1c27b0c3d533b,trades_4366650_0.json,63
4366650,0x14af2fdd9261c15e19633f9e4199e37cadf36a66cb365185d62deeb02e0a1a44,0xe114e5ca2d8c47baed151a71fd8eeb143047c208,Crypto,1788967371,2026-09-09T15:22:51+00:00,BUY,Up,0,76300234162777448965971146404473770864365127474834608556913305439003202565153,0.01,5.0,0.05,0xc44c808c5a86e811cff9b8ec703365f6e1d7ba42749a595ab2a1c27b0c3d533b,trades_4366650_0.json,64
4366650,0x14af2fdd9261c15e19633f9e4199e37cadf36a66cb365185d62deeb02e0a1a44,0x1cc8bf8c855d45572937b6fbeb9562027cffc24d,Crypto,1788967371,2026-09-09T15:22:51+00:00,BUY,Down,1,52142048662528840315127202632542428611305628574628154808084651289275949779572,0.99,5.0,4.95,0x612ca8126407fcea1d481ababa41b26bfd643fb9f825f5bc9303ca41a77beac6,trades_4366650_0.json,65
4366650,0x14af2fdd9261c15e19633f9e4199e37cadf36a66cb365185d62deeb02e0a1a44,0xe114e5ca2d8c47baed151a71fd8eeb143047c208,Crypto,1788967371,2026-09-09T15:22:51+00:00,BUY,Up,0,76300234162777448965971146404473770864365127474834608556913305439003202565153,0.01,5.0,0.05,0x612ca8126407fcea1d481ababa41b26bfd643fb9f825f5bc9303ca41a77beac6,trades_4366650_0.json,66
4366650,0x14af2fdd9261c15e19633f9e4199e37cadf36a66cb365185d62deeb02e0a1a44,0x9f81dc423c9dd1db6c86424c79cca7fe2a42f873,Crypto,1788967371,2026-09-09T15:22:51+00:00,BUY,Down,1,52142048662528840315127202632542428611305628574628154808084651289275949779572,0.99,101.01,99.99990000000001,0xcea8aa312cb0c77112a17543aa9ad5034fcedffff5911fa3b09d2ca9bfca2692,trades_4366650_0.json,67
4366650,0x14af2fdd9261c15e19633f9e4199e37cadf36a66cb365185d62deeb02e0a1a44,0xaa1a4f31c010d4a63fc49770d4ca2d69ea370602,Crypto,1788967371,2026-09-09T15:22:51+00:00,BUY,Up,0,76300234162777448965971146404473770864365127474834608556913305439003202565153,0.01,6.56,0.06559999999999999,0xcea8aa312cb0c77112a17543aa9ad5034fcedffff5911fa3b09d2ca9bfca2692,trades_4366650_0.json,68
4366650,0x14af2fdd9261c15e19633f9e4199e37cadf36a66cb365185d62deeb02e0a1a44,0x322b2e7c44237c9fed01d534cd1c96687d52aa0c,Crypto,1788967371,2026-09-09T15:22:51+00:00,BUY,Up,0,76300234162777448965971146404473770864365127474834608556913305439003202565153,0.01,80.0,0.8,0xcea8aa312cb0c77112a17543aa9ad5034fcedffff5911fa3b09d2ca9bfca2692,trades_4366650_0.json,69
4366650,0x14af2fdd9261c15e19633f9e4199e37cadf36a66cb365185d62deeb02e0a1a44,0xbf337426aa856996b8bb79b238345dd1a0276bf7,Crypto,1788967371,2026-09-09T15:22:51+00:00,BUY,Up,0,76300234162777448965971146404473770864365127474834608556913305439003202565153,0.01,14.45,0.1445,0xcea8aa312cb0c77112a17543aa9ad5034fcedffff5911fa3b09d2ca9bfca2692,trades_4366650_0.json,70
4366650,0x14af2fdd9261c15e19633f9e4199e37cadf36a66cb365185d62deeb02e0a1a44,0xb02f7b5935156e6e38eb6f1ea5e700c736b06bd3,Crypto,1788967371,2026-09-09T15:22:51+00:00,BUY,Down,1,52142048662528840315127202632542428611305628574628154808084651289275949779572,0.99,50.5,49.995,0x3af86b9ff73bd79b44be07a8849a4f48dd61232a6a229a217c30503039813035,trades_4366650_0.json,71
4366650,0x14af2fdd9261c15e19633f9e4199e37cadf36a66cb365185d62deeb02e0a1a44,0xbf337426aa856996b8bb79b238345dd1a0276bf7,Crypto,1788967371,2026-09-09T15:22:51+00:00,BUY,Up,0,76300234162777448965971146404473770864365127474834608556913305439003202565153,0.01,0.55,0.0055000000000000005,0x3af86b9ff73bd79b44be07a8849a4f48dd61232a6a229a217c30503039813035,trades_4366650_0.json,72
4366650,0x14af2fdd9261c15e19633f9e4199e37cadf36a66cb365185d62deeb02e0a1a44,0xec10d2301a2333b75d1a809f7a164a2cf2566eb9,Crypto,1788967371,2026-09-09T15:22:51+00:00,BUY,Up,0,76300234162777448965971146404473770864365127474834608556913305439003202565153,0.01,5.0,0.05,0x3af86b9ff73bd79b44be07a8849a4f48dd61232a6a229a217c30503039813035,trades_4366650_0.json,73
4366650,0x14af2fdd9261c15e19633f9e4199e37cadf36a66cb365185d62deeb02e0a1a44,0x720d549220d43ed73ca22d2c91a50380bbde3272,Crypto,1788967371,2026-09-09T15:22:51+00:00,BUY,Up,0,76300234162777448965971146404473770864365127474834608556913305439003202565153,0.01,44.95,0.4495,0x3af86b9ff73bd79b44be07a8849a4f48dd61232a6a229a217c30503039813035,trades_4366650_0.json,74
4366650,0x14af2fdd9261c15e19633f9e4199e37cadf36a66cb365185d62deeb02e0a1a44,0xa9e6c257b4bd967bc19708ae047d7218ffa92a10,Crypto,1788967371,2026-09-09T15:22:51+00:00,BUY,Down,1,52142048662528840315127202632542428611305628574628154808084651289275949779572,0.99,25.0,24.75,0x84b7708f008e77d51c0eb282fa44793c98ae1fb02846a68816cc5322ad71fe59,trades_4366650_0.json,75
4366650,0x14af2fdd9261c15e19633f9e4199e37cadf36a66cb365185d62deeb02e0a1a44,0x720d549220d43ed73ca22d2c91a50380bbde3272,Crypto,1788967371,2026-09-09T15:22:51+00:00,BUY,Up,0,76300234162777448965971146404473770864365127474834608556913305439003202565153,0.01,25.0,0.25,0x84b7708f008e77d51c0eb282fa44793c98ae1fb02846a68816cc5322ad71fe59,trades_4366650_0.json,76
4366650,0x14af2fdd9261c15e19633f9e4199e37cadf36a66cb365185d62deeb02e0a1a44,0xa35a7cc6f81b0947e09ceb3d422abbe8ecb212ec,Crypto,1788967371,2026-09-09T15:22:51+00:00,BUY,Down,1,52142048662528840315127202632542428611305628574628154808084651289275949779572,0.99,5.0,4.95,0x86140b3f92c6f35dbfee9bbcb6f2a98f2b25baaba7b728ae2176f29667059a1e,trades_4366650_0.json,77
4366650,0x14af2fdd9261c15e19633f9e4199e37cadf36a66cb365185d62deeb02e0a1a44,0xe114e5ca2d8c47baed151a71fd8eeb143047c208,Crypto,1788967371,2026-09-09T15:22:51+00:00,BUY,Up,0,76300234162777448965971146404473770864365127474834608556913305439003202565153,0.01,5.0,0.05,0x86140b3f92c6f35dbfee9bbcb6f2a98f2b25baaba7b728ae2176f29667059a1e,trades_4366650_0.json,78
4366650,0x14af2fdd9261c15e19633f9e4199e37cadf36a66cb365185d62deeb02e0a1a44,0x9b6f7013be0c5a2c8dc98e8b6a84347467c77fb9,Crypto,1788967371,2026-09-09T15:22:51+00:00,BUY,Down,1,52142048662528840315127202632542428611305628574628154808084651289275949779572,0.99,200.0,198.0,0x44621a5351874bec60b91cc41269ae3d573014acfab350e477365597ad995c2c,trades_4366650_0.json,79
4366650,0x14af2fdd9261c15e19633f9e4199e37cadf36a66cb365185d62deeb02e0a1a44,0xe114e5ca2d8c47baed151a71fd8eeb143047c208,Crypto,1788967371,2026-09-09T15:22:51+00:00,BUY,Up,0,76300234162777448965971146404473770864365127474834608556913305439003202565153,0.01,76.56,0.7656000000000001,0x44621a5351874bec60b91cc41269ae3d573014acfab350e477365597ad995c2c,trades_4366650_0.json,80
4366650,0x14af2fdd9261c15e19633f9e4199e37cadf36a66cb365185d62deeb02e0a1a44,0xb27bc932bf8110d8f78e55da7d5f0497a18b5b82,Crypto,1788967371,2026-09-09T15:22:51+00:00,BUY,Up,0,76300234162777448965971146404473770864365127474834608556913305439003202565153,0.01,50.0,0.5,0x44621a5351874bec60b91cc41269ae3d573014acfab350e477365597ad995c2c,trades_4366650_0.json,81
4366650,0x14af2fdd9261c15e19633f9e4199e37cadf36a66cb365185d62deeb02e0a1a44,0xaa1a4f31c010d4a63fc49770d4ca2d69ea370602,Crypto,1788967371,2026-09-09T15:22:51+00:00,BUY,Up,0,76300234162777448965971146404473770864365127474834608556913305439003202565153,0.01,73.44,0.7343999999999999,0x44621a5351874bec60b91cc41269ae3d573014acfab350e477365597ad995c2c,trades_4366650_0.json,82
4366650,0x14af2fdd9261c15e19633f9e4199e37cadf36a66cb365185d62deeb02e0a1a44,0xdebd7bb44a0aa01083be937116d6a310801485de,Crypto,1788967371,2026-09-09T15:22:51+00:00,BUY,Up,0,76300234162777448965971146404473770864365127474834608556913305439003202565153,0.02,10.0,0.2,0xafb415f90a8a4dafa9e5c7dc0839170e051fee080d4b10ae25d6ceaeb4d00e43,trades_4366650_0.json,83
4366650,0x14af2fdd9261c15e19633f9e4199e37cadf36a66cb365185d62deeb02e0a1a44,0x458c897fadb91f614d008f37cd531bbc2c8e36c9,Crypto,1788967371,2026-09-09T15:22:51+00:00,BUY,Down,1,52142048662528840315127202632542428611305628574628154808084651289275949779572,0.98,10.0,9.8,0xafb415f90a8a4dafa9e5c7dc0839170e051fee080d4b10ae25d6ceaeb4d00e43,trades_4366650_0.json,84
4366650,0x14af2fdd9261c15e19633f9e4199e37cadf36a66cb365185d62deeb02e0a1a44,0xdebd7bb44a0aa01083be937116d6a310801485de,Crypto,1788967371,2026-09-09T15:22:51+00:00,BUY,Up,0,76300234162777448965971146404473770864365127474834608556913305439003202565153,0.02,10.0,0.2,0x8d3bbfd4a25fb276c40aa6f417e282dd44c4da2e4be2c604292b9704c8bccba2,trades_4366650_0.json,85
4366650,0x14af2fdd9261c15e19633f9e4199e37cadf36a66cb365185d62deeb02e0a1a44,0x458c897fadb91f614d008f37cd531bbc2c8e36c9,Crypto,1788967371,2026-09-09T15:22:51+00:00,BUY,Down,1,52142048662528840315127202632542428611305628574628154808084651289275949779572,0.98,10.0,9.8,0x8d3bbfd4a25fb276c40aa6f417e282dd44c4da2e4be2c604292b9704c8bccba2,trades_4366650_0.json,86
4366650,0x14af2fdd9261c15e19633f9e4199e37cadf36a66cb365185d62deeb02e0a1a44,0x8a8ca137efbfcd10eaf6944ac3c4488916dfd78b,Crypto,1788967371,2026-09-09T15:22:51+00:00,BUY,Down,1,52142048662528840315127202632542428611305628574628154808084651289275949779572,0.99,5.05,4.999499999999999,0x5cb47361c2fba2640ef83a348e43524c89ea83cc0788714e20af4e15d2ef7e3a,trades_4366650_0.json,87
4366650,0x14af2fdd9261c15e19633f9e4199e37cadf36a66cb365185d62deeb02e0a1a44,0x720d549220d43ed73ca22d2c91a50380bbde3272,Crypto,1788967371,2026-09-09T15:22:51+00:00,BUY,Up,0,76300234162777448965971146404473770864365127474834608556913305439003202565153,0.01,5.05,0.050499999999999996,0x5cb47361c2fba2640ef83a348e43524c89ea83cc0788714e20af4e15d2ef7e3a,trades_4366650_0.json,88
4366650,0x14af2fdd9261c15e19633f9e4199e37cadf36a66cb365185d62deeb02e0a1a44,0x20d2309cd92b797ae7ca175ed828ed8a27fbe29d,Crypto,1788967369,2026-09-09T15:22:49+00:00,SELL,Down,1,52142048662528840315127202632542428611305628574628154808084651289275949779572,0.99,10.0,9.9,0x6fe2084120feed10a342bc4772884d563cc0559c77c867fb4e9449588313bb2f,trades_4366650_0.json,89
4366650,0x14af2fdd9261c15e19633f9e4199e37cadf36a66cb365185d62deeb02e0a1a44,0x68f6c51dbb0ecb12ee66a937434e6190c9f19533,Crypto,1788967369,2026-09-09T15:22:49+00:00,BUY,Down,1,52142048662528840315127202632542428611305628574628154808084651289275949779572,0.99,10.0,9.9,0x6fe2084120feed10a342bc4772884d563cc0559c77c867fb4e9449588313bb2f,trades_4366650_0.json,90
4366650,0x14af2fdd9261c15e19633f9e4199e37cadf36a66cb365185d62deeb02e0a1a44,0x2c697b1d8e5546aef19ed939522af03d90a3a9a2,Crypto,1788967369,2026-09-09T15:22:49+00:00,BUY,Up,0,76300234162777448965971146404473770864365127474834608556913305439003202565153,0.02,10.0,0.2,0xc5ca173b723bb5968732125a12fd76c0163ce18fd168cce08e7d5ff068e40b12,trades_4366650_0.json,91
4366650,0x14af2fdd9261c15e19633f9e4199e37cadf36a66cb365185d62deeb02e0a1a44,0x458c897fadb91f614d008f37cd531bbc2c8e36c9,Crypto,1788967369,2026-09-09T15:22:49+00:00,BUY,Down,1,52142048662528840315127202632542428611305628574628154808084651289275949779572,0.98,10.0,9.8,0xc5ca173b723bb5968732125a12fd76c0163ce18fd168cce08e7d5ff068e40b12,trades_4366650_0.json,92
4366650,0x14af2fdd9261c15e19633f9e4199e37cadf36a66cb365185d62deeb02e0a1a44,0xd8fd92c3fc38beb251e0ea5723be956568d3209f,Crypto,1788967369,2026-09-09T15:22:49+00:00,BUY,Up,0,76300234162777448965971146404473770864365127474834608556913305439003202565153,0.01,100.0,1.0,0xf76e19abd2ddfb9db03e9d02e3e99d130ecfc223c57b402ef8ca788efefe9b9f,trades_4366650_0.json,93
4366650,0x14af2fdd9261c15e19633f9e4199e37cadf36a66cb365185d62deeb02e0a1a44,0x9710cce100901161de57266e5acff0fac2a704e5,Crypto,1788967369,2026-09-09T15:22:49+00:00,BUY,Down,1,52142048662528840315127202632542428611305628574628154808084651289275949779572,0.99,80.0,79.2,0xf76e19abd2ddfb9db03e9d02e3e99d130ecfc223c57b402ef8ca788efefe9b9f,trades_4366650_0.json,94
4366650,0x14af2fdd9261c15e19633f9e4199e37cadf36a66cb365185d62deeb02e0a1a44,0x68f6c51dbb0ecb12ee66a937434e6190c9f19533,Crypto,1788967369,2026-09-09T15:22:49+00:00,BUY,Down,1,52142048662528840315127202632542428611305628574628154808084651289275949779572,0.99,10.0,9.9,0xf76e19abd2ddfb9db03e9d02e3e99d130ecfc223c57b402ef8ca788efefe9b9f,trades_4366650_0.json,95
4366650,0x14af2fdd9261c15e19633f9e4199e37cadf36a66cb365185d62deeb02e0a1a44,0x0e4f9c887356210773c6bcaeefa206ede303ac2b,Crypto,1788967369,2026-09-09T15:22:49+00:00,BUY,Down,1,52142048662528840315127202632542428611305628574628154808084651289275949779572,0.99,10.0,9.9,0xf76e19abd2ddfb9db03e9d02e3e99d130ecfc223c57b402ef8ca788efefe9b9f,trades_4366650_0.json,96
4366650,0x14af2fdd9261c15e19633f9e4199e37cadf36a66cb365185d62deeb02e0a1a44,0xcbedda30b5f1b6f97e81821b35e83436717a2de7,Crypto,1788967369,2026-09-09T15:22:49+00:00,SELL,Down,1,52142048662528840315127202632542428611305628574628154808084651289275949779572,0.99,10.0,9.9,0x9e198ca3a1a7dc00ca50e02acd5d1a1e0039d6e2dec9dcc8526c22d4661e766e,trades_4366650_0.json,97
4366650,0x14af2fdd9261c15e19633f9e4199e37cadf36a66cb365185d62deeb02e0a1a44,0x9710cce100901161de57266e5acff0fac2a704e5,Crypto,1788967369,2026-09-09T15:22:49+00:00,BUY,Down,1,52142048662528840315127202632542428611305628574628154808084651289275949779572,0.99,10.0,9.9,0x9e198ca3a1a7dc00ca50e02acd5d1a1e0039d6e2dec9dcc8526c22d4661e766e,trades_4366650_0.json,98
4366650,0x14af2fdd9261c15e19633f9e4199e37cadf36a66cb365185d62deeb02e0a1a44,0x2936d4f96e96eaebaea5b30a0cc20e926d1107f5,Crypto,1788967368,2026-09-09T15:22:48+00:00,BUY,Up,0,76300234162777448965971146404473770864365127474834608556913305439003202565153,0.01,100.0,1.0,0x8532a4ec96756a31320ce491b99a32812b829d6eda9f194fa0a35b4639b6c96a,trades_4366650_0.json,99
4366650,0x14af2fdd9261c15e19633f9e4199e37cadf36a66cb365185d62deeb02e0a1a44,0x9710cce100901161de57266e5acff0fac2a704e5,Crypto,1788967368,2026-09-09T15:22:48+00:00,BUY,Down,1,52142048662528840315127202632542428611305628574628154808084651289275949779572,0.99,100.0,99.0,0x8532a4ec96756a31320ce491b99a32812b829d6eda9f194fa0a35b4639b6c96a,trades_4366650_1.json,0
4366650,0x14af2fdd9261c15e19633f9e4199e37cadf36a66cb365185d62deeb02e0a1a44,0xd60601306e1103954c576b8afff57e60aabd2b27,Crypto,1788967368,2026-09-09T15:22:48+00:00,SELL,Down,1,52142048662528840315127202632542428611305628574628154808084651289275949779572,0.99,132.34,131.0166,0x496d56aab6f132b1be6dbdd87b5f4872767d5755590176af5bfc7fe985338382,trades_4366650_1.json,1
4366650,0x14af2fdd9261c15e19633f9e4199e37cadf36a66cb365185d62deeb02e0a1a44,0x9710cce100901161de57266e5acff0fac2a704e5,Crypto,1788967368,2026-09-09T15:22:48+00:00,BUY,Down,1,52142048662528840315127202632542428611305628574628154808084651289275949779572,0.99,7.34,7.2665999999999995,0x496d56aab6f132b1be6dbdd87b5f4872767d5755590176af5bfc7fe985338382,trades_4366650_1.json,2
4366650,0x14af2fdd9261c15e19633f9e4199e37cadf36a66cb365185d62deeb02e0a1a44,0xc8a03dc8bd0073ee715cb962b7574b96f3af6c71,Crypto,1788967368,2026-09-09T15:22:48+00:00,BUY,Down,1,52142048662528840315127202632542428611305628574628154808084651289275949779572,0.99,5.0,4.95,0x496d56aab6f132b1be6dbdd87b5f4872767d5755590176af5bfc7fe985338382,trades_4366650_1.json,3
4366650,0x14af2fdd9261c15e19633f9e4199e37cadf36a66cb365185d62deeb02e0a1a44,0xb13dcad5289b6bd5e2d68b95b4a0e2a4cfd662bb,Crypto,1788967368,2026-09-09T15:22:48+00:00,SELL,Up,0,76300234162777448965971146404473770864365127474834608556913305439003202565153,0.01,100.0,1.0,0x496d56aab6f132b1be6dbdd87b5f4872767d5755590176af5bfc7fe985338382,trades_4366650_1.json,4
4366650,0x14af2fdd9261c15e19633f9e4199e37cadf36a66cb365185d62deeb02e0a1a44,0x68f6c51dbb0ecb12ee66a937434e6190c9f19533,Crypto,1788967368,2026-09-09T15:22:48+00:00,BUY,Down,1,52142048662528840315127202632542428611305628574628154808084651289275949779572,0.99,10.0,9.9,0x496d56aab6f132b1be6dbdd87b5f4872767d5755590176af5bfc7fe985338382,trades_4366650_1.json,5
4366650,0x14af2fdd9261c15e19633f9e4199e37cadf36a66cb365185d62deeb02e0a1a44,0x0e4f9c887356210773c6bcaeefa206ede303ac2b,Crypto,1788967368,2026-09-09T15:22:48+00:00,BUY,Down,1,52142048662528840315127202632542428611305628574628154808084651289275949779572,0.99,10.0,9.9,0x496d56aab6f132b1be6dbdd87b5f4872767d5755590176af5bfc7fe985338382,trades_4366650_1.json,6
4366650,0x14af2fdd9261c15e19633f9e4199e37cadf36a66cb365185d62deeb02e0a1a44,0x69713d2addfcd198850b6e141ced0c9cf5e6e09c,Crypto,1788967368,2026-09-09T15:22:48+00:00,SELL,Down,1,52142048662528840315127202632542428611305628574628154808084651289275949779572,0.99,22.93,22.7007,0x74c73d4b8193f299352ed02542d7224988e73a85f448a4a869739468fc3b7f59,trades_4366650_1.json,7
4366650,0x14af2fdd9261c15e19633f9e4199e37cadf36a66cb365185d62deeb02e0a1a44,0x9710cce100901161de57266e5acff0fac2a704e5,Crypto,1788967368,2026-09-09T15:22:48+00:00,BUY,Down,1,52142048662528840315127202632542428611305628574628154808084651289275949779572,0.99,22.93,22.7007,0x74c73d4b8193f299352ed02542d7224988e73a85f448a4a869739468fc3b7f59,trades_4366650_1.json,8
4366650,0x14af2fdd9261c15e19633f9e4199e37cadf36a66cb365185d62deeb02e0a1a44,0x79c27b2b929ecfac88aaccebda5cf665852add03,Crypto,1788967365,2026-09-09T15:22:45+00:00,SELL,Down,1,52142048662528840315127202632542428611305628574628154808084651289275949779572,0.99,1.06,1.0494,0x89f85063916453d61abf1342f33647e7998e755218182cbcf273062564b71596,trades_4366650_1.json,9
4366650,0x14af2fdd9261c15e19633f9e4199e37cadf36a66cb365185d62deeb02e0a1a44,0xa29303090a04819cb8fbf56bc107dae3679019f3,Crypto,1788967365,2026-09-09T15:22:45+00:00,BUY,Down,1,52142048662528840315127202632542428611305628574628154808084651289275949779572,0.99,1.06,1.0494,0x89f85063916453d61abf1342f33647e7998e755218182cbcf273062564b71596,trades_4366650_1.json,10
4366650,0x14af2fdd9261c15e19633f9e4199e37cadf36a66cb365185d62deeb02e0a1a44,0x52430fb09707b1cc29a4e904db11c7e287e9e18a,Crypto,1788967363,2026-09-09T15:22:43+00:00,SELL,Down,1,52142048662528840315127202632542428611305628574628154808084651289275949779572,0.99,6.12,6.0588,0x1af31498330f762930e7a9daa69dba7b76b9a9df8e204fdfaeec14408d841936,trades_4366650_1.json,11
4366650,0x14af2fdd9261c15e19633f9e4199e37cadf36a66cb365185d62deeb02e0a1a44,0xa29303090a04819cb8fbf56bc107dae3679019f3,Crypto,1788967363,2026-09-09T15:22:43+00:00,BUY,Down,1,52142048662528840315127202632542428611305628574628154808084651289275949779572,0.99,6.12,6.0588,0x1af31498330f762930e7a9daa69dba7b76b9a9df8e204fdfaeec14408d841936,trades_4366650_1.json,12
4366650,0x14af2fdd9261c15e19633f9e4199e37cadf36a66cb365185d62deeb02e0a1a44,0x12403d3c2febec170256c9870d8e54d268b89db0,Crypto,1788967363,2026-09-09T15:22:43+00:00,BUY,Up,0,76300234162777448965971146404473770864365127474834608556913305439003202565153,0.01,100.0,1.0,0xf9e2289a716a17bd580f0b425fcf88f91e29e43e8c94e49ac414105f2966b5cd,trades_4366650_1.json,13
4366650,0x14af2fdd9261c15e19633f9e4199e37cadf36a66cb365185d62deeb02e0a1a44,0x9710cce100901161de57266e5acff0fac2a704e5,Crypto,1788967363,2026-09-09T15:22:43+00:00,BUY,Down,1,52142048662528840315127202632542428611305628574628154808084651289275949779572,0.99,75.1,74.34899999999999,0xf9e2289a716a17bd580f0b425fcf88f91e29e43e8c94e49ac414105f2966b5cd,trades_4366650_1.json,14
4366650,0x14af2fdd9261c15e19633f9e4199e37cadf36a66cb365185d62deeb02e0a1a44,0xa994027590ab97bb85263305f970bb38198fc090,Crypto,1788967363,2026-09-09T15:22:43+00:00,BUY,Down,1,52142048662528840315127202632542428611305628574628154808084651289275949779572,0.99,5.0,4.95,0xf9e2289a716a17bd580f0b425fcf88f91e29e43e8c94e49ac414105f2966b5cd,trades_4366650_1.json,15
4366650,0x14af2fdd9261c15e19633f9e4199e37cadf36a66cb365185d62deeb02e0a1a44,0xa994027590ab97bb85263305f970bb38198fc090,Crypto,1788967363,2026-09-09T15:22:43+00:00,BUY,Down,1,52142048662528840315127202632542428611305628574628154808084651289275949779572,0.99,5.0,4.95,0xf9e2289a716a17bd580f0b425fcf88f91e29e43e8c94e49ac414105f2966b5cd,trades_4366650_1.json,16
4366650,0x14af2fdd9261c15e19633f9e4199e37cadf36a66cb365185d62deeb02e0a1a44,0x0e4f9c887356210773c6bcaeefa206ede303ac2b,Crypto,1788967363,2026-09-09T15:22:43+00:00,BUY,Down,1,52142048662528840315127202632542428611305628574628154808084651289275949779572,0.99,10.0,9.9,0xf9e2289a716a17bd580f0b425fcf88f91e29e43e8c94e49ac414105f2966b5cd,trades_4366650_1.json,17
4366650,0x14af2fdd9261c15e19633f9e4199e37cadf36a66cb365185d62deeb02e0a1a44,0x68f6c51dbb0ecb12ee66a937434e6190c9f19533,Crypto,1788967363,2026-09-09T15:22:43+00:00,BUY,Down,1,52142048662528840315127202632542428611305628574628154808084651289275949779572,0.99,4.9,4.851,0xf9e2289a716a17bd580f0b425fcf88f91e29e43e8c94e49ac414105f2966b5cd,trades_4366650_1.json,18
4366650,0x14af2fdd9261c15e19633f9e4199e37cadf36a66cb365185d62deeb02e0a1a44,0xd38ac86ec4691ce9483854788fe3e22e9f7afdff,Crypto,1788967363,2026-09-09T15:22:43+00:00,SELL,Down,1,52142048662528840315127202632542428611305628574628154808084651289275949779572,0.99,1.07,1.0593000000000001,0xad574cab714435273b068ae55fc9bad4e53ffbb54594173334ddafcfcc491557,trades_4366650_1.json,19
4366650,0x14af2fdd9261c15e19633f9e4199e37cadf36a66cb365185d62deeb02e0a1a44,0xa29303090a04819cb8fbf56bc107dae3679019f3,Crypto,1788967363,2026-09-09T15:22:43+00:00,BUY,Down,1,52142048662528840315127202632542428611305628574628154808084651289275949779572,0.99,1.07,1.0593000000000001,0xad574cab714435273b068ae55fc9bad4e53ffbb54594173334ddafcfcc491557,trades_4366650_1.json,20
4366650,0x14af2fdd9261c15e19633f9e4199e37cadf36a66cb365185d62deeb02e0a1a44,0xce565f62d9bd3907cb7437ea2517948f9461932c,Crypto,1788967360,2026-09-09T15:22:40+00:00,SELL,Down,1,52142048662528840315127202632542428611305628574628154808084651289275949779572,0.99,5.1,5.0489999999999995,0x57db250ca7bed24fbaf9638d59f7cb52f93d22b1e3364beda352b5d6f7c4e949,trades_4366650_1.json,21
4366650,0x14af2fdd9261c15e19633f9e4199e37cadf36a66cb365185d62deeb02e0a1a44,0x68f6c51dbb0ecb12ee66a937434e6190c9f19533,Crypto,1788967360,2026-09-09T15:22:40+00:00,BUY,Down,1,52142048662528840315127202632542428611305628574628154808084651289275949779572,0.99,5.1,5.0489999999999995,0x57db250ca7bed24fbaf9638d59f7cb52f93d22b1e3364beda352b5d6f7c4e949,trades_4366650_1.json,22
4366650,0x14af2fdd9261c15e19633f9e4199e37cadf36a66cb365185d62deeb02e0a1a44,0x6fc91c855bd1e7c05cb46a7f0654bf5aa181030d,Crypto,1788967360,2026-09-09T15:22:40+00:00,BUY,Up,0,76300234162777448965971146404473770864365127474834608556913305439003202565153,0.01,200.0,2.0,0xe164383961a35561894b9f9690c1506b84b59a8819e3739f52d5d9cf533ba1d9,trades_4366650_1.json,23
4366650,0x14af2fdd9261c15e19633f9e4199e37cadf36a66cb365185d62deeb02e0a1a44,0x464b2f057f0b106cefe183b95efee7968375b36d,Crypto,1788967360,2026-09-09T15:22:40+00:00,SELL,Up,0,76300234162777448965971146404473770864365127474834608556913305439003202565153,0.01,9.88,0.09880000000000001,0xe164383961a35561894b9f9690c1506b84b59a8819e3739f52d5d9cf533ba1d9,trades_4366650_1.json,24
4366650,0x14af2fdd9261c15e19633f9e4199e37cadf36a66cb365185d62deeb02e0a1a44,0x68f6c51dbb0ecb12ee66a937434e6190c9f19533,Crypto,1788967360,2026-09-09T15:22:40+00:00,BUY,Down,1,52142048662528840315127202632542428611305628574628154808084651289275949779572,0.99,10.0,9.9,0xe164383961a35561894b9f9690c1506b84b59a8819e3739f52d5d9cf533ba1d9,trades_4366650_1.json,25
4366650,0x14af2fdd9261c15e19633f9e4199e37cadf36a66cb365185d62deeb02e0a1a44,0x13e0d447520ebe7f8eeaf7817211201b2c585204,Crypto,1788967360,2026-09-09T15:22:40+00:00,BUY,Down,1,52142048662528840315127202632542428611305628574628154808084651289275949779572,0.99,41.96,41.5404,0xe164383961a35561894b9f9690c1506b84b59a8819e3739f52d5d9cf533ba1d9,trades_4366650_1.json,26
4366650,0x14af2fdd9261c15e19633f9e4199e37cadf36a66cb365185d62deeb02e0a1a44,0xa29303090a04819cb8fbf56bc107dae3679019f3,Crypto,1788967360,2026-09-09T15:22:40+00:00,BUY,Down,1,52142048662528840315127202632542428611305628574628154808084651289275949779572,0.99,50.0,49.5,0xe164383961a35561894b9f9690c1506b84b59a8819e3739f52d5d9cf533ba1d9,trades_4366650_1.json,27
4366650,0x14af2fdd9261c15e19633f9e4199e37cadf36a66cb365185d62deeb02e0a1a44,0x7283887a6b76caea3df5476c30f5bfef100573b7,Crypto,1788967360,2026-09-09T15:22:40+00:00,BUY,Down,1,52142048662528840315127202632542428611305628574628154808084651289275949779572,0.99,5.05,4.999499999999999,0xe164383961a35561894b9f9690c1506b84b59a8819e3739f52d5d9cf533ba1d9,trades_4366650_1.json,28
4366650,0x14af2fdd9261c15e19633f9e4199e37cadf36a66cb365185d62deeb02e0a1a44,0x70a1e185698685ea54daf493a7bc182df9205748,Crypto,1788967360,2026-09-09T15:22:40+00:00,BUY,Down,1,52142048662528840315127202632542428611305628574628154808084651289275949779572,0.99,6.06,5.9994,0xe164383961a35561894b9f9690c1506b84b59a8819e3739f52d5d9cf533ba1d9,trades_4366650_1.json,29
4366650,0x14af2fdd9261c15e19633f9e4199e37cadf36a66cb365185d62deeb02e0a1a44,0xd18aa9f4b13ff514f168314ff61e0ca7f9424b74,Crypto,1788967360,2026-09-09T15:22:40+00:00,BUY,Down,1,52142048662528840315127202632542428611305628574628154808084651289275949779572,0.99,5.05,4.999499999999999,0xe164383961a35561894b9f9690c1506b84b59a8819e3739f52d5d9cf533ba1d9,trades_4366650_1.json,30
4366650,0x14af2fdd9261c15e19633f9e4199e37cadf36a66cb365185d62deeb02e0a1a44,0x762d2469ddfe50755fb96ddc54df72ae4b4d964c,Crypto,1788967360,2026-09-09T15:22:40+00:00,BUY,Down,1,52142048662528840315127202632542428611305628574628154808084651289275949779572,0.99,5.0,4.95,0xe164383961a35561894b9f9690c1506b84b59a8819e3739f52d5d9cf533ba1d9,trades_4366650_1.json,31
4366650,0x14af2fdd9261c15e19633f9e4199e37cadf36a66cb365185d62deeb02e0a1a44,0xb27bc932bf8110d8f78e55da7d5f0497a18b5b82,Crypto,1788967360,2026-09-09T15:22:40+00:00,BUY,Down,1,52142048662528840315127202632542428611305628574628154808084651289275949779572,0.99,50.0,49.5,0xe164383961a35561894b9f9690c1506b84b59a8819e3739f52d5d9cf533ba1d9,trades_4366650_1.json,32
4366650,0x14af2fdd9261c15e19633f9e4199e37cadf36a66cb365185d62deeb02e0a1a44,0xfddd59591971449d3ce6e7189dd08ca494fccab9,Crypto,1788967360,2026-09-09T15:22:40+00:00,BUY,Down,1,52142048662528840315127202632542428611305628574628154808084651289275949779572,0.99,5.0,4.95,0xe164383961a35561894b9f9690c1506b84b59a8819e3739f52d5d9cf533ba1d9,trades_4366650_1.json,33
4366650,0x14af2fdd9261c15e19633f9e4199e37cadf36a66cb365185d62deeb02e0a1a44,0x0dfaf6bf3f8fcf65c144452c76b19d7c2dabc39c,Crypto,1788967360,2026-09-09T15:22:40+00:00,BUY,Down,1,52142048662528840315127202632542428611305628574628154808084651289275949779572,0.99,6.0,5.9399999999999995,0xe164383961a35561894b9f9690c1506b84b59a8819e3739f52d5d9cf533ba1d9,trades_4366650_1.json,34
4366650,0x14af2fdd9261c15e19633f9e4199e37cadf36a66cb365185d62deeb02e0a1a44,0xa5ab52a64cb1dd0b379a9d45c71e0f86b0c85c04,Crypto,1788967360,2026-09-09T15:22:40+00:00,BUY,Down,1,52142048662528840315127202632542428611305628574628154808084651289275949779572,0.99,5.0,4.95,0xe164383961a35561894b9f9690c1506b84b59a8819e3739f52d5d9cf533ba1d9,trades_4366650_1.json,35
4366650,0x14af2fdd9261c15e19633f9e4199e37cadf36a66cb365185d62deeb02e0a1a44,0xdaf0a33db375783bf5682a66b4d71ef89033fc36,Crypto,1788967360,2026-09-09T15:22:40+00:00,BUY,Down,1,52142048662528840315127202632542428611305628574628154808084651289275949779572,0.99,1.0,0.99,0xe164383961a35561894b9f9690c1506b84b59a8819e3739f52d5d9cf533ba1d9,trades_4366650_1.json,36
4366650,0x14af2fdd9261c15e19633f9e4199e37cadf36a66cb365185d62deeb02e0a1a44,0x00c8ef6895e2fb38b538cac8c08edd6b82289ccd,Crypto,1788967360,2026-09-09T15:22:40+00:00,BUY,Up,0,76300234162777448965971146404473770864365127474834608556913305439003202565153,0.01,200.0,2.0,0xda51b1bafdc3f77676293d9e688e9f29565d92e5fdf08093dedca71a41385642,trades_4366650_1.json,37
4366650,0x14af2fdd9261c15e19633f9e4199e37cadf36a66cb365185d62deeb02e0a1a44,0xb27bc932bf8110d8f78e55da7d5f0497a18b5b82,Crypto,1788967360,2026-09-09T15:22:40+00:00,BUY,Down,1,52142048662528840315127202632542428611305628574628154808084651289275949779572,0.99,74.89,74.1411,0xda51b1bafdc3f77676293d9e688e9f29565d92e5fdf08093dedca71a41385642,trades_4366650_1.json,38
4366650,0x14af2fdd9261c15e19633f9e4199e37cadf36a66cb365185d62deeb02e0a1a44,0xbf337426aa856996b8bb79b238345dd1a0276bf7,Crypto,1788967360,2026-09-09T15:22:40+00:00,BUY,Down,1,52142048662528840315127202632542428611305628574628154808084651289275949779572,0.99,15.0,14.85,0xda51b1bafdc3f77676293d9e688e9f29565d92e5fdf08093dedca71a41385642,trades_4366650_1.json,39
4366650,0x14af2fdd9261c15e19633f9e4199e37cadf36a66cb365185d62deeb02e0a1a44,0x464b2f057f0b106cefe183b95efee7968375b36d,Crypto,1788967360,2026-09-09T15:22:40+00:00,SELL,Up,0,76300234162777448965971146404473770864365127474834608556913305439003202565153,0.01,110.11,1.1011,0xda51b1bafdc3f77676293d9e688e9f29565d92e5fdf08093dedca71a41385642,trades_4366650_1.json,40
4366650,0x14af2fdd9261c15e19633f9e4199e37cadf36a66cb365185d62deeb02e0a1a44,0xbd95409c3010987efb49c7ed5a14c64be3f66b91,Crypto,1788967359,2026-09-09T15:22:39+00:00,SELL,Down,1,52142048662528840315127202632542428611305628574628154808084651289275949779572,0.99,12.5,12.375,0x9ab09e91e7bd8214014a9355ef370e7c722438971633e6faac334584546dca92,trades_4366650_1.json,41
4366650,0x14af2fdd9261c15e19633f9e4199e37cadf36a66cb365185d62deeb02e0a1a44,0xdaf0a33db375783bf5682a66b4d71ef89033fc36,Crypto,1788967359,2026-09-09T15:22:39+00:00,BUY,Down,1,52142048662528840315127202632542428611305628574628154808084651289275949779572,0.99,12.5,12.375,0x9ab09e91e7bd8214014a9355ef370e7c722438971633e6faac334584546dca92,trades_4366650_1.json,42
4366650,0x14af2fdd9261c15e19633f9e4199e37cadf36a66cb365185d62deeb02e0a1a44,0xad6f51e000812ec22a1ac9ced2a090875f37b1cd,Crypto,1788967359,2026-09-09T15:22:39+00:00,SELL,Down,1,52142048662528840315127202632542428611305628574628154808084651289275949779572,0.99,2.08,2.0592,0x0eecbb564737b78141e75e08df77e898617f3ca2c7e3bec5c41eb3c506b9e5c4,trades_4366650_1.json,43
4366650,0x14af2fdd9261c15e19633f9e4199e37cadf36a66cb365185d62deeb02e0a1a44,0xdaf0a33db375783bf5682a66b4d71ef89033fc36,Crypto,1788967359,2026-09-09T15:22:39+00:00,BUY,Down,1,52142048662528840315127202632542428611305628574628154808084651289275949779572,0.99,2.08,2.0592,0x0eecbb564737b78141e75e08df77e898617f3ca2c7e3bec5c41eb3c506b9e5c4,trades_4366650_1.json,44
4366650,0x14af2fdd9261c15e19633f9e4199e37cadf36a66cb365185d62deeb02e0a1a44,0x5ad7940dd01dd900336a555b23d6c3f536af93b4,Crypto,1788967357,2026-09-09T15:22:37+00:00,SELL,Down,1,52142048662528840315127202632542428611305628574628154808084651289275949779572,0.99,10.71,10.6029,0xb5125a469dbb8704b45e8fbee1c9003d7ce13324c2a7473da6bad0da22ce3cb4,trades_4366650_1.json,45
4366650,0x14af2fdd9261c15e19633f9e4199e37cadf36a66cb365185d62deeb02e0a1a44,0xdaf0a33db375783bf5682a66b4d71ef89033fc36,Crypto,1788967357,2026-09-09T15:22:37+00:00,BUY,Down,1,52142048662528840315127202632542428611305628574628154808084651289275949779572,0.99,4.42,4.3758,0xb5125a469dbb8704b45e8fbee1c9003d7ce13324c2a7473da6bad0da22ce3cb4,trades_4366650_1.json,46
4366650,0x14af2fdd9261c15e19633f9e4199e37cadf36a66cb365185d62deeb02e0a1a44,0x8092048653fcc64e71ddaf3db2af6e42b8b37426,Crypto,1788967357,2026-09-09T15:22:37+00:00,BUY,Down,1,52142048662528840315127202632542428611305628574628154808084651289275949779572,0.99,6.29,6.2271,0xb5125a469dbb8704b45e8fbee1c9003d7ce13324c2a7473da6bad0da22ce3cb4,trades_4366650_1.json,47
4366650,0x14af2fdd9261c15e19633f9e4199e37cadf36a66cb365185d62deeb02e0a1a44,0x4829f1989be6f00d401a83a564d9eecea369a49e,Crypto,1788967356,2026-09-09T15:22:36+00:00,BUY,Up,0,76300234162777448965971146404473770864365127474834608556913305439003202565153,0.01,500.0,5.0,0x00d22fd1810a51a03d8b684e84c5c0b4b9c87e0b464aa6394464270562b0d131,trades_4366650_1.json,48
4366650,0x14af2fdd9261c15e19633f9e4199e37cadf36a66cb365185d62deeb02e0a1a44,0x8092048653fcc64e71ddaf3db2af6e42b8b37426,Crypto,1788967356,2026-09-09T15:22:36+00:00,BUY,Down,1,52142048662528840315127202632542428611305628574628154808084651289275949779572,0.99,13.71,13.5729,0x00d22fd1810a51a03d8b684e84c5c0b4b9c87e0b464aa6394464270562b0d131,trades_4366650_1.json,49
4366650,0x14af2fdd9261c15e19633f9e4199e37cadf36a66cb365185d62deeb02e0a1a44,0xb67ee2f87f40de9b82a7b77bd361242f7f94039d,Crypto,1788967356,2026-09-09T15:22:36+00:00,BUY,Down,1,52142048662528840315127202632542428611305628574628154808084651289275949779572,0.99,30.0,29.7,0x00d22fd1810a51a03d8b684e84c5c0b4b9c87e0b464aa6394464270562b0d131,trades_4366650_1.json,50
4366650,0x14af2fdd9261c15e19633f9e4199e37cadf36a66cb365185d62deeb02e0a1a44,0x55aeeb3eb4e8cc0da6d9e4939caf533bf6c3f5df,Crypto,1788967356,2026-09-09T15:22:36+00:00,BUY,Down,1,52142048662528840315127202632542428611305628574628154808084651289275949779572,0.99,456.29,451.7271,0x00d22fd1810a51a03d8b684e84c5c0b4b9c87e0b464aa6394464270562b0d131,trades_4366650_1.json,51
4366650,0x14af2fdd9261c15e19633f9e4199e37cadf36a66cb365185d62deeb02e0a1a44,0xe593ed212d5c7032b84ec499cd942c9df06ab944,Crypto,1788967356,2026-09-09T15:22:36+00:00,BUY,Up,0,76300234162777448965971146404473770864365127474834608556913305439003202565153,0.01,30.0,0.3,0xdf7876879009ae6a9c402a892ab6e19a28789bc368025e9cb512cf7ef9c2ff1a,trades_4366650_1.json,52
4366650,0x14af2fdd9261c15e19633f9e4199e37cadf36a66cb365185d62deeb02e0a1a44,0x55aeeb3eb4e8cc0da6d9e4939caf533bf6c3f5df,Crypto,1788967356,2026-09-09T15:22:36+00:00,BUY,Down,1,52142048662528840315127202632542428611305628574628154808084651289275949779572,0.99,30.0,29.7,0xdf7876879009ae6a9c402a892ab6e19a28789bc368025e9cb512cf7ef9c2ff1a,trades_4366650_1.json,53
4366650,0x14af2fdd9261c15e19633f9e4199e37cadf36a66cb365185d62deeb02e0a1a44,0xdebd7bb44a0aa01083be937116d6a310801485de,Crypto,1788967356,2026-09-09T15:22:36+00:00,BUY,Up,0,76300234162777448965971146404473770864365127474834608556913305439003202565153,0.01,10.0,0.1,0xaa963690514a9dd4f78ea6b0acdea622d2531291e8d74eb8ba41c6e98225d156,trades_4366650_1.json,54
4366650,0x14af2fdd9261c15e19633f9e4199e37cadf36a66cb365185d62deeb02e0a1a44,0x55aeeb3eb4e8cc0da6d9e4939caf533bf6c3f5df,Crypto,1788967356,2026-09-09T15:22:36+00:00,BUY,Down,1,52142048662528840315127202632542428611305628574628154808084651289275949779572,0.99,10.0,9.9,0xaa963690514a9dd4f78ea6b0acdea622d2531291e8d74eb8ba41c6e98225d156,trades_4366650_1.json,55
4366650,0x14af2fdd9261c15e19633f9e4199e37cadf36a66cb365185d62deeb02e0a1a44,0x4fbc5bad8a59c05d9f98372ae060ede3896d5df1,Crypto,1788967356,2026-09-09T15:22:36+00:00,BUY,Up,0,76300234162777448965971146404473770864365127474834608556913305439003202565153,0.01,100.0,1.0,0xcc8d5820033afd7c369b0a26ffa10292f146cbef6156021f5c4d87f95725e5ca,trades_4366650_1.json,56
4366650,0x14af2fdd9261c15e19633f9e4199e37cadf36a66cb365185d62deeb02e0a1a44,0x55aeeb3eb4e8cc0da6d9e4939caf533bf6c3f5df,Crypto,1788967356,2026-09-09T15:22:36+00:00,BUY,Down,1,52142048662528840315127202632542428611305628574628154808084651289275949779572,0.99,100.0,99.0,0xcc8d5820033afd7c369b0a26ffa10292f146cbef6156021f5c4d87f95725e5ca,trades_4366650_1.json,57
4366650,0x14af2fdd9261c15e19633f9e4199e37cadf36a66cb365185d62deeb02e0a1a44,0x2c697b1d8e5546aef19ed939522af03d90a3a9a2,Crypto,1788967356,2026-09-09T15:22:36+00:00,BUY,Up,0,76300234162777448965971146404473770864365127474834608556913305439003202565153,0.01,10.0,0.1,0x7f49e718633a110a6be9164c56f9439777837d16eef02b75c3411b5ee7761d28,trades_4366650_1.json,58
4366650,0x14af2fdd9261c15e19633f9e4199e37cadf36a66cb365185d62deeb02e0a1a44,0x55aeeb3eb4e8cc0da6d9e4939caf533bf6c3f5df,Crypto,1788967356,2026-09-09T15:22:36+00:00,BUY,Down,1,52142048662528840315127202632542428611305628574628154808084651289275949779572,0.99,10.0,9.9,0x7f49e718633a110a6be9164c56f9439777837d16eef02b75c3411b5ee7761d28,trades_4366650_1.json,59
4366650,0x14af2fdd9261c15e19633f9e4199e37cadf36a66cb365185d62deeb02e0a1a44,0xdebd7bb44a0aa01083be937116d6a310801485de,Crypto,1788967356,2026-09-09T15:22:36+00:00,BUY,Up,0,76300234162777448965971146404473770864365127474834608556913305439003202565153,0.01,10.0,0.1,0x5ec4daeccc2909be604ae483661fa1e08c4ba73b200b59ee45fd6f4f38b53b82,trades_4366650_1.json,60
4366650,0x14af2fdd9261c15e19633f9e4199e37cadf36a66cb365185d62deeb02e0a1a44,0x55aeeb3eb4e8cc0da6d9e4939caf533bf6c3f5df,Crypto,1788967356,2026-09-09T15:22:36+00:00,BUY,Down,1,52142048662528840315127202632542428611305628574628154808084651289275949779572,0.99,10.0,9.9,0x5ec4daeccc2909be604ae483661fa1e08c4ba73b200b59ee45fd6f4f38b53b82,trades_4366650_1.json,61
4366650,0x14af2fdd9261c15e19633f9e4199e37cadf36a66cb365185d62deeb02e0a1a44,0x1f19c48aee80ec95396d91f0d21ac249b8a7f57a,Crypto,1788967356,2026-09-09T15:22:36+00:00,BUY,Up,0,76300234162777448965971146404473770864365127474834608556913305439003202565153,0.01,40.0,0.4,0x6a4030291e4cc9f52bd99eed0d45564f96fb91a627aada4de362e54c179ab13b,trades_4366650_1.json,62
4366650,0x14af2fdd9261c15e19633f9e4199e37cadf36a66cb365185d62deeb02e0a1a44,0x55aeeb3eb4e8cc0da6d9e4939caf533bf6c3f5df,Crypto,1788967356,2026-09-09T15:22:36+00:00,BUY,Down,1,52142048662528840315127202632542428611305628574628154808084651289275949779572,0.99,40.0,39.6,0x6a4030291e4cc9f52bd99eed0d45564f96fb91a627aada4de362e54c179ab13b,trades_4366650_1.json,63
4366650,0x14af2fdd9261c15e19633f9e4199e37cadf36a66cb365185d62deeb02e0a1a44,0x55029891f5ae9f96e3aaa35e17f871fedfbe4b9a,Crypto,1788967356,2026-09-09T15:22:36+00:00,BUY,Up,0,76300234162777448965971146404473770864365127474834608556913305439003202565153,0.01,10.0,0.1,0x3bf7dbf165851f1c1f2b139593f16c8348c052215e894a57efdaf80fc7c59011,trades_4366650_1.json,64
4366650,0x14af2fdd9261c15e19633f9e4199e37cadf36a66cb365185d62deeb02e0a1a44,0x55aeeb3eb4e8cc0da6d9e4939caf533bf6c3f5df,Crypto,1788967356,2026-09-09T15:22:36+00:00,BUY,Down,1,52142048662528840315127202632542428611305628574628154808084651289275949779572,0.99,10.0,9.9,0x3bf7dbf165851f1c1f2b139593f16c8348c052215e894a57efdaf80fc7c59011,trades_4366650_1.json,65
4366650,0x14af2fdd9261c15e19633f9e4199e37cadf36a66cb365185d62deeb02e0a1a44,0x3174a1f1088baa4bd8734cbf4c6e16c325d720c6,Crypto,1788967354,2026-09-09T15:22:34+00:00,BUY,Down,1,52142048662528840315127202632542428611305628574628154808084651289275949779572,0.99,1264.68,1252.0332,0x7432eac4b825d262e89c5ac5a19104f03435d9021d6d02daea3108f6558d3222,trades_4366650_1.json,66
4366650,0x14af2fdd9261c15e19633f9e4199e37cadf36a66cb365185d62deeb02e0a1a44,0x13e0d447520ebe7f8eeaf7817211201b2c585204,Crypto,1788967354,2026-09-09T15:22:34+00:00,BUY,Up,0,76300234162777448965971146404473770864365127474834608556913305439003202565153,0.01,102.16,1.0216,0x7432eac4b825d262e89c5ac5a19104f03435d9021d6d02daea3108f6558d3222,trades_4366650_1.json,67
4366650,0x14af2fdd9261c15e19633f9e4199e37cadf36a66cb365185d62deeb02e0a1a44,0xb27bc932bf8110d8f78e55da7d5f0497a18b5b82,Crypto,1788967354,2026-09-09T15:22:34+00:00,BUY,Up,0,76300234162777448965971146404473770864365127474834608556913305439003202565153,0.01,50.0,0.5,0x7432eac4b825d262e89c5ac5a19104f03435d9021d6d02daea3108f6558d3222,trades_4366650_1.json,68
4366650,0x14af2fdd9261c15e19633f9e4199e37cadf36a66cb365185d62deeb02e0a1a44,0x18c18e0c8c3154360b4f730ec8b9d8013ceb2183,Crypto,1788967354,2026-09-09T15:22:34+00:00,BUY,Up,0,76300234162777448965971146404473770864365127474834608556913305439003202565153,0.01,10.0,0.1,0x7432eac4b825d262e89c5ac5a19104f03435d9021d6d02daea3108f6558d3222,trades_4366650_1.json,69
4366650,0x14af2fdd9261c15e19633f9e4199e37cadf36a66cb365185d62deeb02e0a1a44,0x855e484854d1411b959ddffdda11a698566c5189,Crypto,1788967354,2026-09-09T15:22:34+00:00,BUY,Up,0,76300234162777448965971146404473770864365127474834608556913305439003202565153,0.01,125.0,1.25,0x7432eac4b825d262e89c5ac5a19104f03435d9021d6d02daea3108f6558d3222,trades_4366650_1.json,70
4366650,0x14af2fdd9261c15e19633f9e4199e37cadf36a66cb365185d62deeb02e0a1a44,0x0316b36dacffd33b44fbe86754836179d6de60a6,Crypto,1788967354,2026-09-09T15:22:34+00:00,BUY,Up,0,76300234162777448965971146404473770864365127474834608556913305439003202565153,0.01,5.0,0.05,0x7432eac4b825d262e89c5ac5a19104f03435d9021d6d02daea3108f6558d3222,trades_4366650_1.json,71
4366650,0x14af2fdd9261c15e19633f9e4199e37cadf36a66cb365185d62deeb02e0a1a44,0xafdcbcebe7cc1a61c9317dd663ab4ef7f8b0d278,Crypto,1788967354,2026-09-09T15:22:34+00:00,BUY,Up,0,76300234162777448965971146404473770864365127474834608556913305439003202565153,0.01,100.0,1.0,0x7432eac4b825d262e89c5ac5a19104f03435d9021d6d02daea3108f6558d3222,trades_4366650_1.json,72
4366650,0x14af2fdd9261c15e19633f9e4199e37cadf36a66cb365185d62deeb02e0a1a44,0x601f786b3fe55a99972ac665b544b245406ebb82,Crypto,1788967354,2026-09-09T15:22:34+00:00,BUY,Up,0,76300234162777448965971146404473770864365127474834608556913305439003202565153,0.01,10.0,0.1,0x7432eac4b825d262e89c5ac5a19104f03435d9021d6d02daea3108f6558d3222,trades_4366650_1.json,73
4366650,0x14af2fdd9261c15e19633f9e4199e37cadf36a66cb365185d62deeb02e0a1a44,0x0dba2a2327bb8fe4fd55f45d56872c9b7e1e2db9,Crypto,1788967354,2026-09-09T15:22:34+00:00,BUY,Up,0,76300234162777448965971146404473770864365127474834608556913305439003202565153,0.01,10.0,0.1,0x7432eac4b825d262e89c5ac5a19104f03435d9021d6d02daea3108f6558d3222,trades_4366650_1.json,74
4366650,0x14af2fdd9261c15e19633f9e4199e37cadf36a66cb365185d62deeb02e0a1a44,0x06809baf3a622b1cd97d08e761a2477a12ef4ba7,Crypto,1788967354,2026-09-09T15:22:34+00:00,BUY,Up,0,76300234162777448965971146404473770864365127474834608556913305439003202565153,0.01,10.0,0.1,0x7432eac4b825d262e89c5ac5a19104f03435d9021d6d02daea3108f6558d3222,trades_4366650_1.json,75
4366650,0x14af2fdd9261c15e19633f9e4199e37cadf36a66cb365185d62deeb02e0a1a44,0xaa1a4f31c010d4a63fc49770d4ca2d69ea370602,Crypto,1788967354,2026-09-09T15:22:34+00:00,BUY,Up,0,76300234162777448965971146404473770864365127474834608556913305439003202565153,0.01,80.0,0.8,0x7432eac4b825d262e89c5ac5a19104f03435d9021d6d02daea3108f6558d3222,trades_4366650_1.json,76
4366650,0x14af2fdd9261c15e19633f9e4199e37cadf36a66cb365185d62deeb02e0a1a44,0x322b2e7c44237c9fed01d534cd1c96687d52aa0c,Crypto,1788967354,2026-09-09T15:22:34+00:00,BUY,Up,0,76300234162777448965971146404473770864365127474834608556913305439003202565153,0.01,80.0,0.8,0x7432eac4b825d262e89c5ac5a19104f03435d9021d6d02daea3108f6558d3222,trades_4366650_1.json,77
4366650,0x14af2fdd9261c15e19633f9e4199e37cadf36a66cb365185d62deeb02e0a1a44,0xb27bc932bf8110d8f78e55da7d5f0497a18b5b82,Crypto,1788967354,2026-09-09T15:22:34+00:00,BUY,Up,0,76300234162777448965971146404473770864365127474834608556913305439003202565153,0.01,100.0,1.0,0x7432eac4b825d262e89c5ac5a19104f03435d9021d6d02daea3108f6558d3222,trades_4366650_1.json,78
4366650,0x14af2fdd9261c15e19633f9e4199e37cadf36a66cb365185d62deeb02e0a1a44,0x920e3cccc79df84f8cfc981fff22f96b7352f3f2,Crypto,1788967354,2026-09-09T15:22:34+00:00,BUY,Up,0,76300234162777448965971146404473770864365127474834608556913305439003202565153,0.01,50.0,0.5,0x7432eac4b825d262e89c5ac5a19104f03435d9021d6d02daea3108f6558d3222,trades_4366650_1.json,79
4366650,0x14af2fdd9261c15e19633f9e4199e37cadf36a66cb365185d62deeb02e0a1a44,0xec10d2301a2333b75d1a809f7a164a2cf2566eb9,Crypto,1788967354,2026-09-09T15:22:34+00:00,BUY,Up,0,76300234162777448965971146404473770864365127474834608556913305439003202565153,0.01,5.0,0.05,0x7432eac4b825d262e89c5ac5a19104f03435d9021d6d02daea3108f6558d3222,trades_4366650_1.json,80
4366650,0x14af2fdd9261c15e19633f9e4199e37cadf36a66cb365185d62deeb02e0a1a44,0x9d57c42e847173d06841703825d3fe2299e456ea,Crypto,1788967354,2026-09-09T15:22:34+00:00,BUY,Up,0,76300234162777448965971146404473770864365127474834608556913305439003202565153,0.01,10.0,0.1,0x7432eac4b825d262e89c5ac5a19104f03435d9021d6d02daea3108f6558d3222,trades_4366650_1.json,81
4366650,0x14af2fdd9261c15e19633f9e4199e37cadf36a66cb365185d62deeb02e0a1a44,0x9d57c42e847173d06841703825d3fe2299e456ea,Crypto,1788967354,2026-09-09T15:22:34+00:00,BUY,Up,0,76300234162777448965971146404473770864365127474834608556913305439003202565153,0.01,10.0,0.1,0x7432eac4b825d262e89c5ac5a19104f03435d9021d6d02daea3108f6558d3222,trades_4366650_1.json,82
4366650,0x14af2fdd9261c15e19633f9e4199e37cadf36a66cb365185d62deeb02e0a1a44,0x9d57c42e847173d06841703825d3fe2299e456ea,Crypto,1788967354,2026-09-09T15:22:34+00:00,BUY,Up,0,76300234162777448965971146404473770864365127474834608556913305439003202565153,0.01,10.0,0.1,0x7432eac4b825d262e89c5ac5a19104f03435d9021d6d02daea3108f6558d3222,trades_4366650_1.json,83
4366650,0x14af2fdd9261c15e19633f9e4199e37cadf36a66cb365185d62deeb02e0a1a44,0xbbf3cd665ca9969f598c800e6b3be735c2d14d97,Crypto,1788967354,2026-09-09T15:22:34+00:00,SELL,Down,1,52142048662528840315127202632542428611305628574628154808084651289275949779572,0.99,5.0,4.95,0x7432eac4b825d262e89c5ac5a19104f03435d9021d6d02daea3108f6558d3222,trades_4366650_1.json,84
4366650,0x14af2fdd9261c15e19633f9e4199e37cadf36a66cb365185d62deeb02e0a1a44,0xe114e5ca2d8c47baed151a71fd8eeb143047c208,Crypto,1788967354,2026-09-09T15:22:34+00:00,BUY,Up,0,76300234162777448965971146404473770864365127474834608556913305439003202565153,0.01,100.0,1.0,0x7432eac4b825d262e89c5ac5a19104f03435d9021d6d02daea3108f6558d3222,trades_4366650_1.json,85
4366650,0x14af2fdd9261c15e19633f9e4199e37cadf36a66cb365185d62deeb02e0a1a44,0x014a7d737f15534da52df714b95863bc429e4f20,Crypto,1788967354,2026-09-09T15:22:34+00:00,SELL,Down,1,52142048662528840315127202632542428611305628574628154808084651289275949779572,0.99,5.06,5.009399999999999,0x7432eac4b825d262e89c5ac5a19104f03435d9021d6d02daea3108f6558d3222,trades_4366650_1.json,86
4366650,0x14af2fdd9261c15e19633f9e4199e37cadf36a66cb365185d62deeb02e0a1a44,0xf841f268b8326fc38a9ec51a3fe552d2cd66915b,Crypto,1788967354,2026-09-09T15:22:34+00:00,SELL,Down,1,52142048662528840315127202632542428611305628574628154808084651289275949779572,0.99,112.97,111.8403,0x7432eac4b825d262e89c5ac5a19104f03435d9021d6d02daea3108f6558d3222,trades_4366650_1.json,87
4366650,0x14af2fdd9261c15e19633f9e4199e37cadf36a66cb365185d62deeb02e0a1a44,0x26e8e7c401b87dadeb8e000195e97061449d4c39,Crypto,1788967354,2026-09-09T15:22:34+00:00,BUY,Up,0,76300234162777448965971146404473770864365127474834608556913305439003202565153,0.01,5.0,0.05,0x7432eac4b825d262e89c5ac5a19104f03435d9021d6d02daea3108f6558d3222,trades_4366650_1.json,88
4366650,0x14af2fdd9261c15e19633f9e4199e37cadf36a66cb365185d62deeb02e0a1a44,0xf455a69deccc1b7afc38cf3420f02b3b6ae29d55,Crypto,1788967354,2026-09-09T15:22:34+00:00,BUY,Up,0,76300234162777448965971146404473770864365127474834608556913305439003202565153,0.01,20.0,0.2,0x7432eac4b825d262e89c5ac5a19104f03435d9021d6d02daea3108f6558d3222,trades_4366650_1.json,89
4366650,0x14af2fdd9261c15e19633f9e4199e37cadf36a66cb365185d62deeb02e0a1a44,0x5b602ba50c2991277219bd2d30424b2e21e16143,Crypto,1788967354,2026-09-09T15:22:34+00:00,BUY,Up,0,76300234162777448965971146404473770864365127474834608556913305439003202565153,0.01,100.0,1.0,0x7432eac4b825d262e89c5ac5a19104f03435d9021d6d02daea3108f6558d3222,trades_4366650_1.json,90
4366650,0x14af2fdd9261c15e19633f9e4199e37cadf36a66cb365185d62deeb02e0a1a44,0xa3f7a5088f28c969ae6a9b917aec7f563515d720,Crypto,1788967354,2026-09-09T15:22:34+00:00,SELL,Down,1,52142048662528840315127202632542428611305628574628154808084651289275949779572,0.99,5.43,5.375699999999999,0x7432eac4b825d262e89c5ac5a19104f03435d9021d6d02daea3108f6558d3222,trades_4366650_1.json,91
4366650,0x14af2fdd9261c15e19633f9e4199e37cadf36a66cb365185d62deeb02e0a1a44,0x169ecc7126da143e54ea764861a2b59345cfd5fb,Crypto,1788967354,2026-09-09T15:22:34+00:00,BUY,Up,0,76300234162777448965971146404473770864365127474834608556913305439003202565153,0.01,5.0,0.05,0x7432eac4b825d262e89c5ac5a19104f03435d9021d6d02daea3108f6558d3222,trades_4366650_1.json,92
4366650,0x14af2fdd9261c15e19633f9e4199e37cadf36a66cb365185d62deeb02e0a1a44,0x53053c55ae34a941a66e4cbb4145aa145ef86558,Crypto,1788967354,2026-09-09T15:22:34+00:00,BUY,Up,0,76300234162777448965971146404473770864365127474834608556913305439003202565153,0.01,5.0,0.05,0x7432eac4b825d262e89c5ac5a19104f03435d9021d6d02daea3108f6558d3222,trades_4366650_1.json,93
4366650,0x14af2fdd9261c15e19633f9e4199e37cadf36a66cb365185d62deeb02e0a1a44,0x3808abc263ac638c9748d2e514e619a598084c70,Crypto,1788967354,2026-09-09T15:22:34+00:00,BUY,Up,0,76300234162777448965971146404473770864365127474834608556913305439003202565153,0.01,50.0,0.5,0x7432eac4b825d262e89c5ac5a19104f03435d9021d6d02daea3108f6558d3222,trades_4366650_1.json,94
4366650,0x14af2fdd9261c15e19633f9e4199e37cadf36a66cb365185d62deeb02e0a1a44,0xbc5887953750f812be60e57ba6e178c847d65e72,Crypto,1788967354,2026-09-09T15:22:34+00:00,BUY,Up,0,76300234162777448965971146404473770864365127474834608556913305439003202565153,0.01,15.0,0.15,0x7432eac4b825d262e89c5ac5a19104f03435d9021d6d02daea3108f6558d3222,trades_4366650_1.json,95
4366650,0x14af2fdd9261c15e19633f9e4199e37cadf36a66cb365185d62deeb02e0a1a44,0x5900983386272bf5482f1de38cdb1ca9364b139c,Crypto,1788967354,2026-09-09T15:22:34+00:00,BUY,Up,0,76300234162777448965971146404473770864365127474834608556913305439003202565153,0.01,5.0,0.05,0x7432eac4b825d262e89c5ac5a19104f03435d9021d6d02daea3108f6558d3222,trades_4366650_1.json,96
4366650,0x14af2fdd9261c15e19633f9e4199e37cadf36a66cb365185d62deeb02e0a1a44,0x61c647c2ca76b5bdf1d94192a6062b9d2348f212,Crypto,1788967354,2026-09-09T15:22:34+00:00,BUY,Up,0,76300234162777448965971146404473770864365127474834608556913305439003202565153,0.01,10.0,0.1,0x7432eac4b825d262e89c5ac5a19104f03435d9021d6d02daea3108f6558d3222,trades_4366650_1.json,97
4366650,0x14af2fdd9261c15e19633f9e4199e37cadf36a66cb365185d62deeb02e0a1a44,0x404ea6b6591d2d140c9e29fd5417bc54c6014cd2,Crypto,1788967354,2026-09-09T15:22:34+00:00,SELL,Down,1,52142048662528840315127202632542428611305628574628154808084651289275949779572,0.99,7.05,6.9795,0x7432eac4b825d262e89c5ac5a19104f03435d9021d6d02daea3108f6558d3222,trades_4366650_1.json,98
4366650,0x14af2fdd9261c15e19633f9e4199e37cadf36a66cb365185d62deeb02e0a1a44,0x62db8c900f49d922b11925448665b09920a701b0,Crypto,1788967354,2026-09-09T15:22:34+00:00,BUY,Up,0,76300234162777448965971146404473770864365127474834608556913305439003202565153,0.01,10.0,0.1,0x7432eac4b825d262e89c5ac5a19104f03435d9021d6d02daea3108f6558d3222,trades_4366650_1.json,99
4368452,0x40956a8fe96f3f1fada3f59a83bd0171b50614e10e1d54ae2a4dc9ccdf572345,0x8e15f0f862a8fd540373092e37626a5a2254b101,Crypto,1788886806,2026-09-08T17:00:06+00:00,BUY,No,1,6982393440138673183317962113523101092518790752317372212709274408428557759852,0.001,12500.0,12.5,0xd11f8efe1dbd61e4ffcaaba27060af22d5b665b482aad0ab226278d8f8023abf,trades_4368452_0.json,0
4368452,0x40956a8fe96f3f1fada3f59a83bd0171b50614e10e1d54ae2a4dc9ccdf572345,0xb77b6ef359f02192fb077227499f9f853d4870a5,Crypto,1788886806,2026-09-08T17:00:06+00:00,BUY,Yes,0,61784669423644379094720123418593426992204144814257085110658993309960786230177,0.999,12495.0,12482.505,0xd11f8efe1dbd61e4ffcaaba27060af22d5b665b482aad0ab226278d8f8023abf,trades_4368452_0.json,1
4368452,0x40956a8fe96f3f1fada3f59a83bd0171b50614e10e1d54ae2a4dc9ccdf572345,0x37622f7460270aae649e9f3886068dbd13a2883c,Crypto,1788886806,2026-09-08T17:00:06+00:00,BUY,Yes,0,61784669423644379094720123418593426992204144814257085110658993309960786230177,0.999,5.0,4.995,0xd11f8efe1dbd61e4ffcaaba27060af22d5b665b482aad0ab226278d8f8023abf,trades_4368452_0.json,2
4398494,0xc72ad07624b537ac951a06c7d52042319268bf51c97002c16a5ffd9fbb00d7e7,0xf4fa5f8327c67f884c928bb18a355e04f1babea1,Sports,1788929062,2026-09-09T04:44:22+00:00,SELL,Seattle Mariners,1,113826310717871061194675134787712239358226499457819340778919535006296295116768,0.99,1.71,1.6928999999999998,0x3d58cf58cafa78425037efb60f0212a9bed76759deeb958bd8ae68de29e2b9c7,trades_4398494_0.json,0
4398494,0xc72ad07624b537ac951a06c7d52042319268bf51c97002c16a5ffd9fbb00d7e7,0xfd46efa4da487a96883e4a4080ed229e7b5f37cf,Sports,1788929062,2026-09-09T04:44:22+00:00,BUY,Seattle Mariners,1,113826310717871061194675134787712239358226499457819340778919535006296295116768,0.99,1.71,1.6928999999999998,0x3d58cf58cafa78425037efb60f0212a9bed76759deeb958bd8ae68de29e2b9c7,trades_4398494_0.json,1
4398494,0xc72ad07624b537ac951a06c7d52042319268bf51c97002c16a5ffd9fbb00d7e7,0xfd46efa4da487a96883e4a4080ed229e7b5f37cf,Sports,1788928512,2026-09-09T04:35:12+00:00,BUY,Seattle Mariners,1,113826310717871061194675134787712239358226499457819340778919535006296295116768,0.99,8.0,7.92,0xb12e60efb470d7b5578f1682030a7b99e6d89fa8671ec0a69f7a749840dedc7c,trades_4398494_0.json,2
4398494,0xc72ad07624b537ac951a06c7d52042319268bf51c97002c16a5ffd9fbb00d7e7,0x46b353667fd7d846af3bbeda6584b0e5b883d3de,Sports,1788928512,2026-09-09T04:35:12+00:00,BUY,Texas Rangers,0,33384579389331859094693631783399030228755085586890994582115504899925224003228,0.01,8.0,0.08,0xb12e60efb470d7b5578f1682030a7b99e6d89fa8671ec0a69f7a749840dedc7c,trades_4398494_0.json,3
4398494,0xc72ad07624b537ac951a06c7d52042319268bf51c97002c16a5ffd9fbb00d7e7,0xf4fa5f8327c67f884c928bb18a355e04f1babea1,Sports,1788927736,2026-09-09T04:22:16+00:00,BUY,Seattle Mariners,1,113826310717871061194675134787712239358226499457819340778919535006296295116768,0.65,1.71,1.1115,0xb2a5ab5afcbe096a565fc9be3ce1ca2c629c5f13e1f9aaf82b2e28cda7c5084b,trades_4398494_0.json,4
4398494,0xc72ad07624b537ac951a06c7d52042319268bf51c97002c16a5ffd9fbb00d7e7,0x53389486857d3c63894f0874bce06b4010d4f428,Sports,1788927736,2026-09-09T04:22:16+00:00,SELL,Seattle Mariners,1,113826310717871061194675134787712239358226499457819340778919535006296295116768,0.65,1.71,1.1115,0xb2a5ab5afcbe096a565fc9be3ce1ca2c629c5f13e1f9aaf82b2e28cda7c5084b,trades_4398494_0.json,5
4398494,0xc72ad07624b537ac951a06c7d52042319268bf51c97002c16a5ffd9fbb00d7e7,0xbca08c1bc204a34f2fddbe47b438b9bd42ac9705,Sports,1788927735,2026-09-09T04:22:15+00:00,BUY,Seattle Mariners,1,113826310717871061194675134787712239358226499457819340778919535006296295116768,0.5902644283,1543.020308,910.78999995691,0x462918e13862aedfafa60040c7a24b70690c5691f1ad107c14eab466447e3caf,trades_4398494_0.json,6
4398494,0xc72ad07624b537ac951a06c7d52042319268bf51c97002c16a5ffd9fbb00d7e7,0x53389486857d3c63894f0874bce06b4010d4f428,Sports,1788927735,2026-09-09T04:22:15+00:00,SELL,Seattle Mariners,1,113826310717871061194675134787712239358226499457819340778919535006296295116768,0.6499999706,6.800308,4.420200000070945,0x462918e13862aedfafa60040c7a24b70690c5691f1ad107c14eab466447e3caf,trades_4398494_0.json,7
4398494,0xc72ad07624b537ac951a06c7d52042319268bf51c97002c16a5ffd9fbb00d7e7,0x927cf2bb94d15707993f954552e56c74eb6d6633,Sports,1788927735,2026-09-09T04:22:15+00:00,BUY,Texas Rangers,0,33384579389331859094693631783399030228755085586890994582115504899925224003228,0.41,1536.22,629.8502,0x462918e13862aedfafa60040c7a24b70690c5691f1ad107c14eab466447e3caf,trades_4398494_0.json,8
4398494,0xc72ad07624b537ac951a06c7d52042319268bf51c97002c16a5ffd9fbb00d7e7,0x821dab0565ebf5b327f51db06223fdcfe01acf16,Sports,1788927720,2026-09-09T04:22:00+00:00,BUY,Texas Rangers,0,33384579389331859094693631783399030228755085586890994582115504899925224003228,0.439999987,9.227273,4.060000000045451,0x37969ce015be58f3af5dd7671749cde549d251ec184724594c942bd9b12e5f8e,trades_4398494_0.json,9
4398494,0xc72ad07624b537ac951a06c7d52042319268bf51c97002c16a5ffd9fbb00d7e7,0xfe787d2da716d60e8acff57fb87eb13cd4d10319,Sports,1788927720,2026-09-09T04:22:00+00:00,BUY,Seattle Mariners,1,113826310717871061194675134787712239358226499457819340778919535006296295116768,0.560000013,9.227273,5.167272999954549,0x37969ce015be58f3af5dd7671749cde549d251ec184724594c942bd9b12e5f8e,trades_4398494_0.json,10
4398494,0xc72ad07624b537ac951a06c7d52042319268bf51c97002c16a5ffd9fbb00d7e7,0x821dab0565ebf5b327f51db06223fdcfe01acf16,Sports,1788927718,2026-09-09T04:21:58+00:00,BUY,Texas Rangers,0,33384579389331859094693631783399030228755085586890994582115504899925224003228,0.4399999724,8.704546,3.8299999997545306,0x7e4f075e9e4af58227acbc66d2550d6164e03620e406b0337eb83f6e2c3e0d36,trades_4398494_0.json,11
4398494,0xc72ad07624b537ac951a06c7d52042319268bf51c97002c16a5ffd9fbb00d7e7,0xfe787d2da716d60e8acff57fb87eb13cd4d10319,Sports,1788927718,2026-09-09T04:21:58+00:00,BUY,Seattle Mariners,1,113826310717871061194675134787712239358226499457819340778919535006296295116768,0.5600000276,8.704546,4.87454600024547,0x7e4f075e9e4af58227acbc66d2550d6164e03620e406b0337eb83f6e2c3e0d36,trades_4398494_0.json,12
4398494,0xc72ad07624b537ac951a06c7d52042319268bf51c97002c16a5ffd9fbb00d7e7,0xfed75ac71a6a4313e92d16a9fbef81cf225fe405,Sports,1788927717,2026-09-09T04:21:57+00:00,BUY,Texas Rangers,0,33384579389331859094693631783399030228755085586890994582115504899925224003228,0.44,15.0,6.6,0x30cb43d44fd1656f929e0f20b4541db469aa1c8e19e62b69348f5bf830e4876e,trades_4398494_0.json,13
4398494,0xc72ad07624b537ac951a06c7d52042319268bf51c97002c16a5ffd9fbb00d7e7,0xfe787d2da716d60e8acff57fb87eb13cd4d10319,Sports,1788927717,2026-09-09T04:21:57+00:00,BUY,Seattle Mariners,1,113826310717871061194675134787712239358226499457819340778919535006296295116768,0.56,15.0,8.4,0x30cb43d44fd1656f929e0f20b4541db469aa1c8e19e62b69348f5bf830e4876e,trades_4398494_0.json,14
4398494,0xc72ad07624b537ac951a06c7d52042319268bf51c97002c16a5ffd9fbb00d7e7,0x40e9808592e9458f7a26a3f272960290f3b8494f,Sports,1788927706,2026-09-09T04:21:46+00:00,BUY,Seattle Mariners,1,113826310717871061194675134787712239358226499457819340778919535006296295116768,0.5899999145,3.389831,2.0000000001694493,0x0221a24f599dbbbafa41e3370791af647a018f7de326914ac4372c8aeb15b32d,trades_4398494_0.json,15
4398494,0xc72ad07624b537ac951a06c7d52042319268bf51c97002c16a5ffd9fbb00d7e7,0x927cf2bb94d15707993f954552e56c74eb6d6633,Sports,1788927706,2026-09-09T04:21:46+00:00,BUY,Texas Rangers,0,33384579389331859094693631783399030228755085586890994582115504899925224003228,0.4100000855,3.389831,1.3898309998305505,0x0221a24f599dbbbafa41e3370791af647a018f7de326914ac4372c8aeb15b32d,trades_4398494_0.json,16
4398494,0xc72ad07624b537ac951a06c7d52042319268bf51c97002c16a5ffd9fbb00d7e7,0x40e9808592e9458f7a26a3f272960290f3b8494f,Sports,1788927687,2026-09-09T04:21:27+00:00,BUY,Seattle Mariners,1,113826310717871061194675134787712239358226499457819340778919535006296295116768,0.5899999145,3.389831,2.0000000001694493,0xe313df2828137047a558d3cd1bc3b09a209b903ae038f3c9798a4716ea48dade,trades_4398494_0.json,17
4398494,0xc72ad07624b537ac951a06c7d52042319268bf51c97002c16a5ffd9fbb00d7e7,0x927cf2bb94d15707993f954552e56c74eb6d6633,Sports,1788927687,2026-09-09T04:21:27+00:00,BUY,Texas Rangers,0,33384579389331859094693631783399030228755085586890994582115504899925224003228,0.4100000855,3.389831,1.3898309998305505,0xe313df2828137047a558d3cd1bc3b09a209b903ae038f3c9798a4716ea48dade,trades_4398494_0.json,18
4398494,0xc72ad07624b537ac951a06c7d52042319268bf51c97002c16a5ffd9fbb00d7e7,0xf16533644b62afaf8da90ab6ba59eff4432d4c47,Sports,1788927684,2026-09-09T04:21:24+00:00,BUY,Seattle Mariners,1,113826310717871061194675134787712239358226499457819340778919535006296295116768,0.59,5.0,2.9499999999999997,0x83651b8d23636bc92b1ce545ae1fa0f4b25351e0a0ceae75ac2023eee0e664dc,trades_4398494_0.json,19
4398494,0xc72ad07624b537ac951a06c7d52042319268bf51c97002c16a5ffd9fbb00d7e7,0x927cf2bb94d15707993f954552e56c74eb6d6633,Sports,1788927684,2026-09-09T04:21:24+00:00,BUY,Texas Rangers,0,33384579389331859094693631783399030228755085586890994582115504899925224003228,0.41,5.0,2.05,0x83651b8d23636bc92b1ce545ae1fa0f4b25351e0a0ceae75ac2023eee0e664dc,trades_4398494_0.json,20
4398494,0xc72ad07624b537ac951a06c7d52042319268bf51c97002c16a5ffd9fbb00d7e7,0x927cf2bb94d15707993f954552e56c74eb6d6633,Sports,1788927682,2026-09-09T04:21:22+00:00,BUY,Texas Rangers,0,33384579389331859094693631783399030228755085586890994582115504899925224003228,0.41,9552.0,3916.3199999999997,0x1d80c52c130724a1b9b8c3b29eb0eb4c5baac36b68c4d4651fbc13874307d6f3,trades_4398494_0.json,21
4398494,0xc72ad07624b537ac951a06c7d52042319268bf51c97002c16a5ffd9fbb00d7e7,0x5268527977f700f9bf9b6d5cd843859e4e70135d,Sports,1788927682,2026-09-09T04:21:22+00:00,BUY,Seattle Mariners,1,113826310717871061194675134787712239358226499457819340778919535006296295116768,0.59,9552.0,5635.679999999999,0x1d80c52c130724a1b9b8c3b29eb0eb4c5baac36b68c4d4651fbc13874307d6f3,trades_4398494_0.json,22
4398494,0xc72ad07624b537ac951a06c7d52042319268bf51c97002c16a5ffd9fbb00d7e7,0xed5b543865a90adb2f53b49510f46537991d8e60,Sports,1788927663,2026-09-09T04:21:03+00:00,BUY,Texas Rangers,0,33384579389331859094693631783399030228755085586890994582115504899925224003228,0.4099999535,7.317074,2.999999999756059,0x91a39b5b487e36c2fd0a50879569b535a56fbd4e7c6e0e205f3a4fef8a45e90a,trades_4398494_0.json,23
4398494,0xc72ad07624b537ac951a06c7d52042319268bf51c97002c16a5ffd9fbb00d7e7,0x5268527977f700f9bf9b6d5cd843859e4e70135d,Sports,1788927663,2026-09-09T04:21:03+00:00,BUY,Seattle Mariners,1,113826310717871061194675134787712239358226499457819340778919535006296295116768,0.5900000465,7.317074,4.317074000243942,0x91a39b5b487e36c2fd0a50879569b535a56fbd4e7c6e0e205f3a4fef8a45e90a,trades_4398494_0.json,24
4398494,0xc72ad07624b537ac951a06c7d52042319268bf51c97002c16a5ffd9fbb00d7e7,0xfd3e6449d0c1e807501dcc17c0d9447201f35a7a,Sports,1788927661,2026-09-09T04:21:01+00:00,SELL,Texas Rangers,0,33384579389331859094693631783399030228755085586890994582115504899925224003228,0.37,12.0,4.4399999999999995,0x8ad5df9a1f85e9099e0b8ce2f4c31d09e119ba5296d1f141ef4a6924b05ccee6,trades_4398494_0.json,25
4398494,0xc72ad07624b537ac951a06c7d52042319268bf51c97002c16a5ffd9fbb00d7e7,0x5268527977f700f9bf9b6d5cd843859e4e70135d,Sports,1788927661,2026-09-09T04:21:01+00:00,BUY,Texas Rangers,0,33384579389331859094693631783399030228755085586890994582115504899925224003228,0.37,12.0,4.4399999999999995,0x8ad5df9a1f85e9099e0b8ce2f4c31d09e119ba5296d1f141ef4a6924b05ccee6,trades_4398494_0.json,26
4398494,0xc72ad07624b537ac951a06c7d52042319268bf51c97002c16a5ffd9fbb00d7e7,0x870a742f10c5d80433825e8e90fe4e00ae9b6c6e,Sports,1788927660,2026-09-09T04:21:00+00:00,BUY,Texas Rangers,0,33384579389331859094693631783399030228755085586890994582115504899925224003228,0.4,12.5,5.0,0x8900e07f79c7bdfd34f4e8a2ecc9d040f53b2527da8b5245eb3442b5cb3b507b,trades_4398494_0.json,27
4398494,0xc72ad07624b537ac951a06c7d52042319268bf51c97002c16a5ffd9fbb00d7e7,0x5268527977f700f9bf9b6d5cd843859e4e70135d,Sports,1788927660,2026-09-09T04:21:00+00:00,BUY,Seattle Mariners,1,113826310717871061194675134787712239358226499457819340778919535006296295116768,0.6,12.5,7.5,0x8900e07f79c7bdfd34f4e8a2ecc9d040f53b2527da8b5245eb3442b5cb3b507b,trades_4398494_0.json,28
4398494,0xc72ad07624b537ac951a06c7d52042319268bf51c97002c16a5ffd9fbb00d7e7,0xd72d6c810ece588107da60ea386dbc657aa6127c,Sports,1788927660,2026-09-09T04:21:00+00:00,BUY,Texas Rangers,0,33384579389331859094693631783399030228755085586890994582115504899925224003228,0.4,3.625,1.4500000000000002,0x0a0ac377f28b21930b29cae54573a585f2e5034e9a434226e19935e3724dfb07,trades_4398494_0.json,29
4398494,0xc72ad07624b537ac951a06c7d52042319268bf51c97002c16a5ffd9fbb00d7e7,0x5268527977f700f9bf9b6d5cd843859e4e70135d,Sports,1788927660,2026-09-09T04:21:00+00:00,BUY,Seattle Mariners,1,113826310717871061194675134787712239358226499457819340778919535006296295116768,0.6,3.625,2.175,0x0a0ac377f28b21930b29cae54573a585f2e5034e9a434226e19935e3724dfb07,trades_4398494_0.json,30
4398494,0xc72ad07624b537ac951a06c7d52042319268bf51c97002c16a5ffd9fbb00d7e7,0xfd3e6449d0c1e807501dcc17c0d9447201f35a7a,Sports,1788927660,2026-09-09T04:21:00+00:00,BUY,Texas Rangers,0,33384579389331859094693631783399030228755085586890994582115504899925224003228,0.4,12.1,4.84,0xda1fc84b20b3773be2ca8b33cdbb6f2154d3d2a8020c4d4a6d087cb84fb13f09,trades_4398494_0.json,31
4398494,0xc72ad07624b537ac951a06c7d52042319268bf51c97002c16a5ffd9fbb00d7e7,0x5268527977f700f9bf9b6d5cd843859e4e70135d,Sports,1788927660,2026-09-09T04:21:00+00:00,BUY,Seattle Mariners,1,113826310717871061194675134787712239358226499457819340778919535006296295116768,0.6,12.1,7.26,0xda1fc84b20b3773be2ca8b33cdbb6f2154d3d2a8020c4d4a6d087cb84fb13f09,trades_4398494_0.json,32
4398494,0xc72ad07624b537ac951a06c7d52042319268bf51c97002c16a5ffd9fbb00d7e7,0x39fcd0aafb7047035e9323e6d1f99cd46f43e2f2,Sports,1788927660,2026-09-09T04:21:00+00:00,BUY,Texas Rangers,0,33384579389331859094693631783399030228755085586890994582115504899925224003228,0.4,19.0,7.6000000000000005,0x48d26502d07a27e264eea8898a57a3e61cf6332a8b7c60a435d594e4a5681f5c,trades_4398494_0.json,33
4398494,0xc72ad07624b537ac951a06c7d52042319268bf51c97002c16a5ffd9fbb00d7e7,0x5268527977f700f9bf9b6d5cd843859e4e70135d,Sports,1788927660,2026-09-09T04:21:00+00:00,BUY,Seattle Mariners,1,113826310717871061194675134787712239358226499457819340778919535006296295116768,0.6,19.0,11.4,0x48d26502d07a27e264eea8898a57a3e61cf6332a8b7c60a435d594e4a5681f5c,trades_4398494_0.json,34
4398494,0xc72ad07624b537ac951a06c7d52042319268bf51c97002c16a5ffd9fbb00d7e7,0x003f47b12eb31cb10b27633194bff5eb213c3805,Sports,1788927307,2026-09-09T04:15:07+00:00,BUY,Texas Rangers,0,33384579389331859094693631783399030228755085586890994582115504899925224003228,0.6499999987,233.538462,151.7999999964,0x776529d82310183eac5a9ab443c94b4f13a802c165b07d7a597dca366d2c937f,trades_4398494_0.json,35
4398494,0xc72ad07624b537ac951a06c7d52042319268bf51c97002c16a5ffd9fbb00d7e7,0x5268527977f700f9bf9b6d5cd843859e4e70135d,Sports,1788927307,2026-09-09T04:15:07+00:00,BUY,Seattle Mariners,1,113826310717871061194675134787712239358226499457819340778919535006296295116768,0.3500000013,233.538462,81.73846200359999,0x776529d82310183eac5a9ab443c94b4f13a802c165b07d7a597dca366d2c937f,trades_4398494_0.json,36
4398494,0xc72ad07624b537ac951a06c7d52042319268bf51c97002c16a5ffd9fbb00d7e7,0x53389486857d3c63894f0874bce06b4010d4f428,Sports,1788927175,2026-09-09T04:12:55+00:00,BUY,Seattle Mariners,1,113826310717871061194675134787712239358226499457819340778919535006296295116768,0.3399999906,8.529412,2.8999999998235277,0x233d29715f312de313c7daab2af5e4466aa54b4105a5ed51230679ff59fa9591,trades_4398494_0.json,37
4398494,0xc72ad07624b537ac951a06c7d52042319268bf51c97002c16a5ffd9fbb00d7e7,0xfe787d2da716d60e8acff57fb87eb13cd4d10319,Sports,1788927175,2026-09-09T04:12:55+00:00,BUY,Texas Rangers,0,33384579389331859094693631783399030228755085586890994582115504899925224003228,0.6600000094,8.529412,5.629412000176473,0x233d29715f312de313c7daab2af5e4466aa54b4105a5ed51230679ff59fa9591,trades_4398494_0.json,38
4398494,0xc72ad07624b537ac951a06c7d52042319268bf51c97002c16a5ffd9fbb00d7e7,0xfed75ac71a6a4313e92d16a9fbef81cf225fe405,Sports,1788926739,2026-09-09T04:05:39+00:00,BUY,Texas Rangers,0,33384579389331859094693631783399030228755085586890994582115504899925224003228,0.6,15.0,9.0,0x89640fbc8871de17b42bb10c6bfa62b77511325e4eca992a1bc62122b5018f7d,trades_4398494_0.json,39
4398494,0xc72ad07624b537ac951a06c7d52042319268bf51c97002c16a5ffd9fbb00d7e7,0x5268527977f700f9bf9b6d5cd843859e4e70135d,Sports,1788926739,2026-09-09T04:05:39+00:00,BUY,Seattle Mariners,1,113826310717871061194675134787712239358226499457819340778919535006296295116768,0.4,15.0,6.0,0x89640fbc8871de17b42bb10c6bfa62b77511325e4eca992a1bc62122b5018f7d,trades_4398494_0.json,40
4398494,0xc72ad07624b537ac951a06c7d52042319268bf51c97002c16a5ffd9fbb00d7e7,0xfed75ac71a6a4313e92d16a9fbef81cf225fe405,Sports,1788926647,2026-09-09T04:04:07+00:00,BUY,Texas Rangers,0,33384579389331859094693631783399030228755085586890994582115504899925224003228,0.65,15.0,9.75,0x095231b5e4708ca1fff02fa077af5748e297946f9eb089ac2d75989afdc185e4,trades_4398494_0.json,41
4398494,0xc72ad07624b537ac951a06c7d52042319268bf51c97002c16a5ffd9fbb00d7e7,0xfe787d2da716d60e8acff57fb87eb13cd4d10319,Sports,1788926647,2026-09-09T04:04:07+00:00,BUY,Seattle Mariners,1,113826310717871061194675134787712239358226499457819340778919535006296295116768,0.35,15.0,5.25,0x095231b5e4708ca1fff02fa077af5748e297946f9eb089ac2d75989afdc185e4,trades_4398494_0.json,42
4398494,0xc72ad07624b537ac951a06c7d52042319268bf51c97002c16a5ffd9fbb00d7e7,0xc74a538bcf8cb0f85b1b1e8377daebae00af25a2,Sports,1788926430,2026-09-09T04:00:30+00:00,SELL,Seattle Mariners,1,113826310717871061194675134787712239358226499457819340778919535006296295116768,0.46,10.64,4.8944,0xe7fe2a4c186ff985ddd8fab508255d9c64ce4f21a881fabd151656aa897cf66a,trades_4398494_0.json,43
4398494,0xc72ad07624b537ac951a06c7d52042319268bf51c97002c16a5ffd9fbb00d7e7,0x5317d780fb04f4e8d587dd02a9671bc78e509a3b,Sports,1788926430,2026-09-09T04:00:30+00:00,BUY,Seattle Mariners,1,113826310717871061194675134787712239358226499457819340778919535006296295116768,0.46,10.64,4.8944,0xe7fe2a4c186ff985ddd8fab508255d9c64ce4f21a881fabd151656aa897cf66a,trades_4398494_0.json,44
4398494,0xc72ad07624b537ac951a06c7d52042319268bf51c97002c16a5ffd9fbb00d7e7,0xc74a538bcf8cb0f85b1b1e8377daebae00af25a2,Sports,1788926427,2026-09-09T04:00:27+00:00,BUY,Seattle Mariners,1,113826310717871061194675134787712239358226499457819340778919535006296295116768,0.4799999699,10.645834,5.109999999560396,0x8130b3f51694519c0a1fe4fc0cf2ebf814306bb0f98256c51ad808939573dad4,trades_4398494_0.json,45
4398494,0xc72ad07624b537ac951a06c7d52042319268bf51c97002c16a5ffd9fbb00d7e7,0x5268527977f700f9bf9b6d5cd843859e4e70135d,Sports,1788926427,2026-09-09T04:00:27+00:00,BUY,Texas Rangers,0,33384579389331859094693631783399030228755085586890994582115504899925224003228,0.5200000301,10.645834,5.535834000439603,0x8130b3f51694519c0a1fe4fc0cf2ebf814306bb0f98256c51ad808939573dad4,trades_4398494_0.json,46
4398494,0xc72ad07624b537ac951a06c7d52042319268bf51c97002c16a5ffd9fbb00d7e7,0xd9c9651bfd445b2cddf750662ee79a755f216686,Sports,1788926274,2026-09-09T03:57:54+00:00,BUY,Texas Rangers,0,33384579389331859094693631783399030228755085586890994582115504899925224003228,0.4599997976,2.173914,0.9999999999998063,0xf8de9bef3a1253d1c0519b29f592f154a2275c46def4055797321957dd135d59,trades_4398494_0.json,47
4398494,0xc72ad07624b537ac951a06c7d52042319268bf51c97002c16a5ffd9fbb00d7e7,0xfe787d2da716d60e8acff57fb87eb13cd4d10319,Sports,1788926274,2026-09-09T03:57:54+00:00,BUY,Seattle Mariners,1,113826310717871061194675134787712239358226499457819340778919535006296295116768,0.5400002024,2.173914,1.1739140000001935,0xf8de9bef3a1253d1c0519b29f592f154a2275c46def4055797321957dd135d59,trades_4398494_0.json,48
4398495,0xb0212cdd5301df14b2c330cdf32daa4c78183d2f8d77e4c7a0ee7a7c9e8580a9,0x1e0d9ff26e57007e9ea8bc69c145130af34d6326,Sports,1788929427,2026-09-09T04:50:27+00:00,SELL,Over,0,92426861367468735954362926450949130817139571896107567600360093142372127925300,0.999,5.55,5.544449999999999,0xed872f333df72ecb0ebab0b7a2ab3c017e2c7e13e3213964c77b30824e5bab0c,trades_4398495_0.json,0
4398495,0xb0212cdd5301df14b2c330cdf32daa4c78183d2f8d77e4c7a0ee7a7c9e8580a9,0xf1539247af59b16517377a859bcd0d9c7eac162c,Sports,1788929427,2026-09-09T04:50:27+00:00,BUY,Over,0,92426861367468735954362926450949130817139571896107567600360093142372127925300,0.999,5.55,5.544449999999999,0xed872f333df72ecb0ebab0b7a2ab3c017e2c7e13e3213964c77b30824e5bab0c,trades_4398495_0.json,1
4398495,0xb0212cdd5301df14b2c330cdf32daa4c78183d2f8d77e4c7a0ee7a7c9e8580a9,0x68afd142b11218368629955712362bbcc0f5736d,Sports,1788929128,2026-09-09T04:45:28+00:00,BUY,Over,0,92426861367468735954362926450949130817139571896107567600360093142372127925300,0.99,8.0,7.92,0xd8a444c4c07580f2a6be70b9163407537bab90c661be21d5f7693bd3cab1058c,trades_4398495_0.json,2
4398495,0xb0212cdd5301df14b2c330cdf32daa4c78183d2f8d77e4c7a0ee7a7c9e8580a9,0x46b353667fd7d846af3bbeda6584b0e5b883d3de,Sports,1788929128,2026-09-09T04:45:28+00:00,BUY,Under,1,80857972617350490615008366233847446796522599606113527439342452848459482419729,0.01,8.0,0.08,0xd8a444c4c07580f2a6be70b9163407537bab90c661be21d5f7693bd3cab1058c,trades_4398495_0.json,3
4398495,0xb0212cdd5301df14b2c330cdf32daa4c78183d2f8d77e4c7a0ee7a7c9e8580a9,0x40e9808592e9458f7a26a3f272960290f3b8494f,Sports,1788929110,2026-09-09T04:45:10+00:00,BUY,Over,0,92426861367468735954362926450949130817139571896107567600360093142372127925300,0.6599997888,1.515152,0.9999999999998976,0xb85bd18af0417c3897d4e8fc2caa586af664a359e4eff2741db56d573315bcf1,trades_4398495_0.json,4
4398495,0xb0212cdd5301df14b2c330cdf32daa4c78183d2f8d77e4c7a0ee7a7c9e8580a9,0xa42f127d7e8df9f16881ffcc9ed0bc0326875f5a,Sports,1788929110,2026-09-09T04:45:10+00:00,SELL,Over,0,92426861367468735954362926450949130817139571896107567600360093142372127925300,0.6599997888,1.515152,0.9999999999998976,0xb85bd18af0417c3897d4e8fc2caa586af664a359e4eff2741db56d573315bcf1,trades_4398495_0.json,5
4398495,0xb0212cdd5301df14b2c330cdf32daa4c78183d2f8d77e4c7a0ee7a7c9e8580a9,0x8d9a1dc98f18040e2fcf361bda78c0783a50dbe1,Sports,1788929082,2026-09-09T04:44:42+00:00,BUY,Under,1,80857972617350490615008366233847446796522599606113527439342452848459482419729,0.4640075643,53.878432,25.000000000623178,0x787893142b42e4c680cb088ef2184d115d4e9bb681d89c0eccca4b331ec0c1a9,trades_4398495_0.json,6
4398495,0xb0212cdd5301df14b2c330cdf32daa4c78183d2f8d77e4c7a0ee7a7c9e8580a9,0x5317d780fb04f4e8d587dd02a9671bc78e509a3b,Sports,1788929082,2026-09-09T04:44:42+00:00,BUY,Over,0,92426861367468735954362926450949130817139571896107567600360093142372127925300,0.4900000741,4.318432,2.116031999995811,0x787893142b42e4c680cb088ef2184d115d4e9bb681d89c0eccca4b331ec0c1a9,trades_4398495_0.json,7
4398495,0xb0212cdd5301df14b2c330cdf32daa4c78183d2f8d77e4c7a0ee7a7c9e8580a9,0xa42f127d7e8df9f16881ffcc9ed0bc0326875f5a,Sports,1788929082,2026-09-09T04:44:42+00:00,BUY,Over,0,92426861367468735954362926450949130817139571896107567600360093142372127925300,0.54,48.0,25.92,0x787893142b42e4c680cb088ef2184d115d4e9bb681d89c0eccca4b331ec0c1a9,trades_4398495_0.json,8
4398495,0xb0212cdd5301df14b2c330cdf32daa4c78183d2f8d77e4c7a0ee7a7c9e8580a9,0xa42f127d7e8df9f16881ffcc9ed0bc0326875f5a,Sports,1788929082,2026-09-09T04:44:42+00:00,BUY,Over,0,92426861367468735954362926450949130817139571896107567600360093142372127925300,0.54,1.56,0.8424,0x787893142b42e4c680cb088ef2184d115d4e9bb681d89c0eccca4b331ec0c1a9,trades_4398495_0.json,9
4398495,0xb0212cdd5301df14b2c330cdf32daa4c78183d2f8d77e4c7a0ee7a7c9e8580a9,0x8d9a1dc98f18040e2fcf361bda78c0783a50dbe1,Sports,1788929074,2026-09-09T04:44:34+00:00,BUY,Under,1,80857972617350490615008366233847446796522599606113527439342452848459482419729,0.4599999941,30.434783,14.00000000043478,0xec89fbed6640b5c3e309163fd1bb68318d7b6ab84675a4d9da47a99ca5bee555,trades_4398495_0.json,10
4398495,0xb0212cdd5301df14b2c330cdf32daa4c78183d2f8d77e4c7a0ee7a7c9e8580a9,0xa42f127d7e8df9f16881ffcc9ed0bc0326875f5a,Sports,1788929074,2026-09-09T04:44:34+00:00,BUY,Over,0,92426861367468735954362926450949130817139571896107567600360093142372127925300,0.5400000059,30.434783,16.43478299956522,0xec89fbed6640b5c3e309163fd1bb68318d7b6ab84675a4d9da47a99ca5bee555,trades_4398495_0.json,11
4398495,0xb0212cdd5301df14b2c330cdf32daa4c78183d2f8d77e4c7a0ee7a7c9e8580a9,0x9fd404dbe2d02a756be5e30407fbf3e58c0fde15,Sports,1788928980,2026-09-09T04:43:00+00:00,BUY,Under,1,80857972617350490615008366233847446796522599606113527439342452848459482419729,0.5199999883,13.692308,7.119999999799997,0x366c337c5b003b8dc1eae8eda2c8fe00ccaa6636e4d7eaf9c0c853f3aa7f9eb9,trades_4398495_0.json,12
4398495,0xb0212cdd5301df14b2c330cdf32daa4c78183d2f8d77e4c7a0ee7a7c9e8580a9,0xa42f127d7e8df9f16881ffcc9ed0bc0326875f5a,Sports,1788928980,2026-09-09T04:43:00+00:00,BUY,Over,0,92426861367468735954362926450949130817139571896107567600360093142372127925300,0.4800000117,13.692308,6.572308000200004,0x366c337c5b003b8dc1eae8eda2c8fe00ccaa6636e4d7eaf9c0c853f3aa7f9eb9,trades_4398495_0.json,13
4398495,0xb0212cdd5301df14b2c330cdf32daa4c78183d2f8d77e4c7a0ee7a7c9e8580a9,0xbca08c1bc204a34f2fddbe47b438b9bd42ac9705,Sports,1788928980,2026-09-09T04:43:00+00:00,BUY,Under,1,80857972617350490615008366233847446796522599606113527439342452848459482419729,0.6,404.0,242.39999999999998,0xc5867520c0301e85c4e47093d4f91e935d22801be84571c22ef8ac05f64f3cd1,trades_4398495_0.json,14
4398495,0xb0212cdd5301df14b2c330cdf32daa4c78183d2f8d77e4c7a0ee7a7c9e8580a9,0x5317d780fb04f4e8d587dd02a9671bc78e509a3b,Sports,1788928980,2026-09-09T04:43:00+00:00,BUY,Over,0,92426861367468735954362926450949130817139571896107567600360093142372127925300,0.4,404.0,161.60000000000002,0xc5867520c0301e85c4e47093d4f91e935d22801be84571c22ef8ac05f64f3cd1,trades_4398495_0.json,15
4398495,0xb0212cdd5301df14b2c330cdf32daa4c78183d2f8d77e4c7a0ee7a7c9e8580a9,0xf4fa5f8327c67f884c928bb18a355e04f1babea1,Sports,1788928980,2026-09-09T04:43:00+00:00,BUY,Under,1,80857972617350490615008366233847446796522599606113527439342452848459482419729,0.5199999471,2.269231,1.17999999995768,0x5997f3f1407137b170ff4a577a6cca47e8cd6aa19befbb0f4e3e19b602b05ada,trades_4398495_0.json,16
4398495,0xb0212cdd5301df14b2c330cdf32daa4c78183d2f8d77e4c7a0ee7a7c9e8580a9,0xa42f127d7e8df9f16881ffcc9ed0bc0326875f5a,Sports,1788928980,2026-09-09T04:43:00+00:00,BUY,Over,0,92426861367468735954362926450949130817139571896107567600360093142372127925300,0.4800000529,2.269231,1.0892310000423198,0x5997f3f1407137b170ff4a577a6cca47e8cd6aa19befbb0f4e3e19b602b05ada,trades_4398495_0.json,17
4398495,0xb0212cdd5301df14b2c330cdf32daa4c78183d2f8d77e4c7a0ee7a7c9e8580a9,0x40e9808592e9458f7a26a3f272960290f3b8494f,Sports,1788928900,2026-09-09T04:41:40+00:00,BUY,Under,1,80857972617350490615008366233847446796522599606113527439342452848459482419729,0.5299999399,5.660378,2.9999999998112825,0x570cb714c59563ba80264e4ac40bc6e93a762a123122f77def72db047ec85fc8,trades_4398495_0.json,18
4398495,0xb0212cdd5301df14b2c330cdf32daa4c78183d2f8d77e4c7a0ee7a7c9e8580a9,0xa42f127d7e8df9f16881ffcc9ed0bc0326875f5a,Sports,1788928900,2026-09-09T04:41:40+00:00,BUY,Over,0,92426861367468735954362926450949130817139571896107567600360093142372127925300,0.4700000601,5.660378,2.6603780001887176,0x570cb714c59563ba80264e4ac40bc6e93a762a123122f77def72db047ec85fc8,trades_4398495_0.json,19
4398495,0xb0212cdd5301df14b2c330cdf32daa4c78183d2f8d77e4c7a0ee7a7c9e8580a9,0x40e9808592e9458f7a26a3f272960290f3b8494f,Sports,1788928770,2026-09-09T04:39:30+00:00,BUY,Over,0,92426861367468735954362926450949130817139571896107567600360093142372127925300,0.6099998597,1.639343,0.9999990000001772,0xd120fdc07c3b794fed6a5768396dfe556aa06d28690d7b8613c986342d40bec1,trades_4398495_0.json,20
4398495,0xb0212cdd5301df14b2c330cdf32daa4c78183d2f8d77e4c7a0ee7a7c9e8580a9,0xfe787d2da716d60e8acff57fb87eb13cd4d10319,Sports,1788928770,2026-09-09T04:39:30+00:00,BUY,Under,1,80857972617350490615008366233847446796522599606113527439342452848459482419729,0.3900001403,1.639343,0.6393439999998229,0xd120fdc07c3b794fed6a5768396dfe556aa06d28690d7b8613c986342d40bec1,trades_4398495_0.json,21
4398495,0xb0212cdd5301df14b2c330cdf32daa4c78183d2f8d77e4c7a0ee7a7c9e8580a9,0x003f47b12eb31cb10b27633194bff5eb213c3805,Sports,1788928104,2026-09-09T04:28:24+00:00,BUY,Under,1,80857972617350490615008366233847446796522599606113527439342452848459482419729,0.5799999989,298.051723,172.8699990121431,0xef9547caf8e4cc5bb024454c7c305fbdc561b0173ae8d65f97a73afe3c6ecbe6,trades_4398495_0.json,22
4398495,0xb0212cdd5301df14b2c330cdf32daa4c78183d2f8d77e4c7a0ee7a7c9e8580a9,0xfe787d2da716d60e8acff57fb87eb13cd4d10319,Sports,1788928104,2026-09-09T04:28:24+00:00,BUY,Over,0,92426861367468735954362926450949130817139571896107567600360093142372127925300,0.4200000011,298.051723,125.1817239878569,0xef9547caf8e4cc5bb024454c7c305fbdc561b0173ae8d65f97a73afe3c6ecbe6,trades_4398495_0.json,23
4398495,0xb0212cdd5301df14b2c330cdf32daa4c78183d2f8d77e4c7a0ee7a7c9e8580a9,0x0fde10ef36646b3fb3eb8df2e18f0e1bc17c0258,Sports,1788928096,2026-09-09T04:28:16+00:00,BUY,Under,1,80857972617350490615008366233847446796522599606113527439342452848459482419729,0.56,114.0,63.84,0x43249ae4c7da62e1c7a0a0d6eb0faaea2d2a2c0a7c0e1e8e4c344467bba1f1e6,trades_4398495_0.json,24
4398495,0xb0212cdd5301df14b2c330cdf32daa4c78183d2f8d77e4c7a0ee7a7c9e8580a9,0x5268527977f700f9bf9b6d5cd843859e4e70135d,Sports,1788928096,2026-09-09T04:28:16+00:00,BUY,Over,0,92426861367468735954362926450949130817139571896107567600360093142372127925300,0.44,114.0,50.160000000000004,0x43249ae4c7da62e1c7a0a0d6eb0faaea2d2a2c0a7c0e1e8e4c344467bba1f1e6,trades_4398495_0.json,25
4398495,0xb0212cdd5301df14b2c330cdf32daa4c78183d2f8d77e4c7a0ee7a7c9e8580a9,0x47c9014f76660cd2efe17c1f5ea342fd12cd2038,Sports,1788928096,2026-09-09T04:28:16+00:00,BUY,Under,1,80857972617350490615008366233847446796522599606113527439342452848459482419729,0.559999994,13.232143,7.410000000607142,0x703029b1abe7335489d044f1dfe047277eade806ae005725fa65c5f7ba8010c9,trades_4398495_0.json,26
4398495,0xb0212cdd5301df14b2c330cdf32daa4c78183d2f8d77e4c7a0ee7a7c9e8580a9,0x5268527977f700f9bf9b6d5cd843859e4e70135d,Sports,1788928096,2026-09-09T04:28:16+00:00,BUY,Over,0,92426861367468735954362926450949130817139571896107567600360093142372127925300,0.440000006,13.232143,5.822142999392859,0x703029b1abe7335489d044f1dfe047277eade806ae005725fa65c5f7ba8010c9,trades_4398495_0.json,27
4398495,0xb0212cdd5301df14b2c330cdf32daa4c78183d2f8d77e4c7a0ee7a7c9e8580a9,0x8afaebae4eebe80c080b822412647244570e28f0,Sports,1788928096,2026-09-09T04:28:16+00:00,BUY,Under,1,80857972617350490615008366233847446796522599606113527439342452848459482419729,0.5599999869,18.321429,10.25999999998928,0xec7a4a37ee5cf7e3d68555798a903e30f392a4bffb0709cc33ae0e9862d35954,trades_4398495_0.json,28
4398495,0xb0212cdd5301df14b2c330cdf32daa4c78183d2f8d77e4c7a0ee7a7c9e8580a9,0x5268527977f700f9bf9b6d5cd843859e4e70135d,Sports,1788928096,2026-09-09T04:28:16+00:00,BUY,Over,0,92426861367468735954362926450949130817139571896107567600360093142372127925300,0.4400000131,18.321429,8.061429000010719,0xec7a4a37ee5cf7e3d68555798a903e30f392a4bffb0709cc33ae0e9862d35954,trades_4398495_0.json,29
4398495,0xb0212cdd5301df14b2c330cdf32daa4c78183d2f8d77e4c7a0ee7a7c9e8580a9,0x70447eabbe8c23839b9c8f8dbf32185f5be85104,Sports,1788928087,2026-09-09T04:28:07+00:00,BUY,Under,1,80857972617350490615008366233847446796522599606113527439342452848459482419729,0.57,210.0,119.69999999999999,0x8f434c41269533e874fe3e8597cd9b71259921f42d92bbe7d9e0cdc3c88b5cb2,trades_4398495_0.json,30
4398495,0xb0212cdd5301df14b2c330cdf32daa4c78183d2f8d77e4c7a0ee7a7c9e8580a9,0x5268527977f700f9bf9b6d5cd843859e4e70135d,Sports,1788928087,2026-09-09T04:28:07+00:00,BUY,Over,0,92426861367468735954362926450949130817139571896107567600360093142372127925300,0.43,210.0,90.3,0x8f434c41269533e874fe3e8597cd9b71259921f42d92bbe7d9e0cdc3c88b5cb2,trades_4398495_0.json,31
4398495,0xb0212cdd5301df14b2c330cdf32daa4c78183d2f8d77e4c7a0ee7a7c9e8580a9,0x1e0d9ff26e57007e9ea8bc69c145130af34d6326,Sports,1788928054,2026-09-09T04:27:34+00:00,BUY,Over,0,92426861367468735954362926450949130817139571896107567600360093142372127925300,0.5399999568,5.555556,2.999999999999981,0xc19722f98148ec48e28184dde7e6e24468a85036493a29a52edfbfca8f96564e,trades_4398495_0.json,32
4398495,0xb0212cdd5301df14b2c330cdf32daa4c78183d2f8d77e4c7a0ee7a7c9e8580a9,0xa42f127d7e8df9f16881ffcc9ed0bc0326875f5a,Sports,1788928054,2026-09-09T04:27:34+00:00,SELL,Over,0,92426861367468735954362926450949130817139571896107567600360093142372127925300,0.5399999568,5.555556,2.999999999999981,0xc19722f98148ec48e28184dde7e6e24468a85036493a29a52edfbfca8f96564e,trades_4398495_0.json,33
4398495,0xb0212cdd5301df14b2c330cdf32daa4c78183d2f8d77e4c7a0ee7a7c9e8580a9,0x5268527977f700f9bf9b6d5cd843859e4e70135d,Sports,1788927184,2026-09-09T04:13:04+00:00,BUY,Under,1,80857972617350490615008366233847446796522599606113527439342452848459482419729,0.54,5.0,2.7,0x0df8181db80235233cf0d40a30aad34e04c7c7d9eafb4f30119c53d99eae7278,trades_4398495_0.json,34
4398495,0xb0212cdd5301df14b2c330cdf32daa4c78183d2f8d77e4c7a0ee7a7c9e8580a9,0xb4bfe836c584d3439507b390d42f907bccd860f8,Sports,1788927184,2026-09-09T04:13:04+00:00,BUY,Over,0,92426861367468735954362926450949130817139571896107567600360093142372127925300,0.46,5.0,2.3000000000000003,0x0df8181db80235233cf0d40a30aad34e04c7c7d9eafb4f30119c53d99eae7278,trades_4398495_0.json,35
4398495,0xb0212cdd5301df14b2c330cdf32daa4c78183d2f8d77e4c7a0ee7a7c9e8580a9,0xe0267da5b63ee7cd13ab286fe3b70bf388a3f409,Sports,1788927172,2026-09-09T04:12:52+00:00,BUY,Over,0,92426861367468735954362926450949130817139571896107567600360093142372127925300,0.4399998592,2.272728,0.9999999999998975,0x96279a0189efd2a7bb8fd455370074b463a4362c410c5cc3ddd9ab662f8a849d,trades_4398495_0.json,36
4398495,0xb0212cdd5301df14b2c330cdf32daa4c78183d2f8d77e4c7a0ee7a7c9e8580a9,0xfe787d2da716d60e8acff57fb87eb13cd4d10319,Sports,1788927172,2026-09-09T04:12:52+00:00,BUY,Under,1,80857972617350490615008366233847446796522599606113527439342452848459482419729,0.5600001408,2.272728,1.2727280000001024,0x96279a0189efd2a7bb8fd455370074b463a4362c410c5cc3ddd9ab662f8a849d,trades_4398495_0.json,37
4398495,0xb0212cdd5301df14b2c330cdf32daa4c78183d2f8d77e4c7a0ee7a7c9e8580a9,0x88c58610fb4bcb54b1e3e71444a19ad01b144815,Sports,1788927171,2026-09-09T04:12:51+00:00,BUY,Over,0,92426861367468735954362926450949130817139571896107567600360093142372127925300,0.4399998592,2.272728,0.9999999999998975,0xaa6017c6ae93dd63e89d91c7c006798e3527f1620b7523fd056544ff1a7d6be8,trades_4398495_0.json,38
4398495,0xb0212cdd5301df14b2c330cdf32daa4c78183d2f8d77e4c7a0ee7a7c9e8580a9,0xfe787d2da716d60e8acff57fb87eb13cd4d10319,Sports,1788927171,2026-09-09T04:12:51+00:00,BUY,Under,1,80857972617350490615008366233847446796522599606113527439342452848459482419729,0.5600001408,2.272728,1.2727280000001024,0xaa6017c6ae93dd63e89d91c7c006798e3527f1620b7523fd056544ff1a7d6be8,trades_4398495_0.json,39
4398495,0xb0212cdd5301df14b2c330cdf32daa4c78183d2f8d77e4c7a0ee7a7c9e8580a9,0xa42f127d7e8df9f16881ffcc9ed0bc0326875f5a,Sports,1788927169,2026-09-09T04:12:49+00:00,BUY,Over,0,92426861367468735954362926450949130817139571896107567600360093142372127925300,0.44,25.0,11.0,0xe837e5987d99fd1d501a84116642bc57676783a70bee5ff3bfaaab2158a48903,trades_4398495_0.json,40
4398495,0xb0212cdd5301df14b2c330cdf32daa4c78183d2f8d77e4c7a0ee7a7c9e8580a9,0xfe787d2da716d60e8acff57fb87eb13cd4d10319,Sports,1788927169,2026-09-09T04:12:49+00:00,BUY,Under,1,80857972617350490615008366233847446796522599606113527439342452848459482419729,0.56,25.0,14.000000000000002,0xe837e5987d99fd1d501a84116642bc57676783a70bee5ff3bfaaab2158a48903,trades_4398495_0.json,41
4398495,0xb0212cdd5301df14b2c330cdf32daa4c78183d2f8d77e4c7a0ee7a7c9e8580a9,0xd9c9651bfd445b2cddf750662ee79a755f216686,Sports,1788926295,2026-09-09T03:58:15+00:00,BUY,Over,0,92426861367468735954362926450949130817139571896107567600360093142372127925300,0.4899998383,2.040817,0.9999999999998911,0x459bb3d9a48c0c1470b3b0ed44f22700c280b9048e3113d5407226fda08966a6,trades_4398495_0.json,42
4398495,0xb0212cdd5301df14b2c330cdf32daa4c78183d2f8d77e4c7a0ee7a7c9e8580a9,0xfe787d2da716d60e8acff57fb87eb13cd4d10319,Sports,1788926295,2026-09-09T03:58:15+00:00,BUY,Under,1,80857972617350490615008366233847446796522599606113527439342452848459482419729,0.5100001617,2.040817,1.040817000000109,0x459bb3d9a48c0c1470b3b0ed44f22700c280b9048e3113d5407226fda08966a6,trades_4398495_0.json,43
4398673,0x95bec14329ca297078b0f7049991fa900d50a80d37d4b38cda2d131f94d016e0,0xe1f4e70709a15df46ed3d69b565794ccb912304d,Crypto,1788938127,2026-09-09T07:15:27+00:00,BUY,No,1,105276540599249804375636730245024394223488109373204715681883152686995033328819,0.001,1000.0,1.0,0xefc9956128dcf01c07b97b74a588cf880e350d0d4e7e1e0bc3dbce5101fc8b27,trades_4398673_0.json,0
4398673,0x95bec14329ca297078b0f7049991fa900d50a80d37d4b38cda2d131f94d016e0,0xb77b6ef359f02192fb077227499f9f853d4870a5,Crypto,1788938127,2026-09-09T07:15:27+00:00,BUY,Yes,0,111906511733262317637977162187205962442561685364348291883119205475545181710883,0.999,1000.0,999.0,0xefc9956128dcf01c07b97b74a588cf880e350d0d4e7e1e0bc3dbce5101fc8b27,trades_4398673_0.json,1
4398673,0x95bec14329ca297078b0f7049991fa900d50a80d37d4b38cda2d131f94d016e0,0xe716f3416db665f87f19c721d0bfa36caed31450,Crypto,1788935827,2026-09-09T06:37:07+00:00,BUY,No,1,105276540599249804375636730245024394223488109373204715681883152686995033328819,0.001,1000.0,1.0,0x16bb000b08afd1e47eded6b9814c6774641088d6baf77f8f6b4170a35644886e,trades_4398673_0.json,2
4398673,0x95bec14329ca297078b0f7049991fa900d50a80d37d4b38cda2d131f94d016e0,0xb77b6ef359f02192fb077227499f9f853d4870a5,Crypto,1788935827,2026-09-09T06:37:07+00:00,BUY,Yes,0,111906511733262317637977162187205962442561685364348291883119205475545181710883,0.999,1000.0,999.0,0x16bb000b08afd1e47eded6b9814c6774641088d6baf77f8f6b4170a35644886e,trades_4398673_0.json,3
4401029,0x26398277329954528e057a091e522ed8bb54a6e5a276199f94b57bb2fb14e978,0x4f87cf20ef5670723b17d971630dca178b36f04e,Sports,1788940110,2026-09-09T07:48:30+00:00,SELL,MIBR,0,44012661518616363242242449855059970815959247985920609112384174677149490018713,0.999,19.81,19.79019,0x25201af4c8478f439412804f12007cc59a5f2323ef58eed393b257c7709240e2,trades_4401029_0.json,0
4401029,0x26398277329954528e057a091e522ed8bb54a6e5a276199f94b57bb2fb14e978,0x5e8e7771121f4f8f9f7739ddecfe2baa2d918212,Sports,1788940110,2026-09-09T07:48:30+00:00,BUY,MIBR,0,44012661518616363242242449855059970815959247985920609112384174677149490018713,0.999,19.81,19.79019,0x25201af4c8478f439412804f12007cc59a5f2323ef58eed393b257c7709240e2,trades_4401029_0.json,1
4401029,0x26398277329954528e057a091e522ed8bb54a6e5a276199f94b57bb2fb14e978,0x8fe730b55cf3468c01a884cfcde79c2dfb4d6c1f,Sports,1788939625,2026-09-09T07:40:25+00:00,BUY,MIBR,0,44012661518616363242242449855059970815959247985920609112384174677149490018713,0.92,0.18,0.1656,0xca103bafa8fb6eabd62c0a859c28f67b7aa365a494182ff7ff972c6fbd398360,trades_4401029_0.json,2
4401029,0x26398277329954528e057a091e522ed8bb54a6e5a276199f94b57bb2fb14e978,0x8171c5915bd223308978faef9ea3ab58a09105e3,Sports,1788939625,2026-09-09T07:40:25+00:00,BUY,9z,1,67467488034773191641448418353736510226163478112621931292698993307536687428812,0.08,0.18,0.0144,0xca103bafa8fb6eabd62c0a859c28f67b7aa365a494182ff7ff972c6fbd398360,trades_4401029_0.json,3
4401029,0x26398277329954528e057a091e522ed8bb54a6e5a276199f94b57bb2fb14e978,0x4f87cf20ef5670723b17d971630dca178b36f04e,Sports,1788939624,2026-09-09T07:40:24+00:00,BUY,MIBR,0,44012661518616363242242449855059970815959247985920609112384174677149490018713,0.919999998,19.815212,18.229995000369573,0x633f087bb184ca7cf82ab14a278b15b48e9897d2c61aaad6c581b45b8d54ed2a,trades_4401029_0.json,4
4401029,0x26398277329954528e057a091e522ed8bb54a6e5a276199f94b57bb2fb14e978,0x8171c5915bd223308978faef9ea3ab58a09105e3,Sports,1788939624,2026-09-09T07:40:24+00:00,BUY,9z,1,67467488034773191641448418353736510226163478112621931292698993307536687428812,0.080000002,19.815212,1.585216999630424,0x633f087bb184ca7cf82ab14a278b15b48e9897d2c61aaad6c581b45b8d54ed2a,trades_4401029_0.json,5
4401029,0x26398277329954528e057a091e522ed8bb54a6e5a276199f94b57bb2fb14e978,0xa83f8475539bd448e6e6c84cc759ac841101b857,Sports,1788939504,2026-09-09T07:38:24+00:00,BUY,MIBR,0,44012661518616363242242449855059970815959247985920609112384174677149490018713,0.8927300027,36.63,32.700699998901,0x842dcdd92ba7ffbe08d5c5e31085c9f932b37660ebb53127ef0f181e9331ffec,trades_4401029_0.json,6
4401029,0x26398277329954528e057a091e522ed8bb54a6e5a276199f94b57bb2fb14e978,0x8171c5915bd223308978faef9ea3ab58a09105e3,Sports,1788939504,2026-09-09T07:38:24+00:00,BUY,9z,1,67467488034773191641448418353736510226163478112621931292698993307536687428812,0.1,20.0,2.0,0x842dcdd92ba7ffbe08d5c5e31085c9f932b37660ebb53127ef0f181e9331ffec,trades_4401029_0.json,7
4401029,0x26398277329954528e057a091e522ed8bb54a6e5a276199f94b57bb2fb14e978,0x758dac51ba3cc9a246a79787da9df11c5f425d9e,Sports,1788939504,2026-09-09T07:38:24+00:00,BUY,9z,1,67467488034773191641448418353736510226163478112621931292698993307536687428812,0.11,6.63,0.7293,0x842dcdd92ba7ffbe08d5c5e31085c9f932b37660ebb53127ef0f181e9331ffec,trades_4401029_0.json,8
4401029,0x26398277329954528e057a091e522ed8bb54a6e5a276199f94b57bb2fb14e978,0x8171c5915bd223308978faef9ea3ab58a09105e3,Sports,1788939504,2026-09-09T07:38:24+00:00,BUY,9z,1,67467488034773191641448418353736510226163478112621931292698993307536687428812,0.12,10.0,1.2,0x842dcdd92ba7ffbe08d5c5e31085c9f932b37660ebb53127ef0f181e9331ffec,trades_4401029_0.json,9
4401029,0x26398277329954528e057a091e522ed8bb54a6e5a276199f94b57bb2fb14e978,0x72aaaaf9f6b0286e390de5b568af0f99a00c90e0,Sports,1788939460,2026-09-09T07:37:40+00:00,BUY,MIBR,0,44012661518616363242242449855059970815959247985920609112384174677149490018713,0.87,10.0,8.7,0x01db1edbdf0b5977e9a2fc13ed43b5aaf5790fb35869692ef70b58619ab08387,trades_4401029_0.json,10
4401029,0x26398277329954528e057a091e522ed8bb54a6e5a276199f94b57bb2fb14e978,0x758dac51ba3cc9a246a79787da9df11c5f425d9e,Sports,1788939460,2026-09-09T07:37:40+00:00,BUY,9z,1,67467488034773191641448418353736510226163478112621931292698993307536687428812,0.13,10.0,1.3,0x01db1edbdf0b5977e9a2fc13ed43b5aaf5790fb35869692ef70b58619ab08387,trades_4401029_0.json,11
4401029,0x26398277329954528e057a091e522ed8bb54a6e5a276199f94b57bb2fb14e978,0xfd1e5dd516b2f81b452c176ab6b2fd555ba79e25,Sports,1788937857,2026-09-09T07:10:57+00:00,BUY,9z,1,67467488034773191641448418353736510226163478112621931292698993307536687428812,0.5699999752,7.666667,4.369999999866659,0xcb8d0c189c2404e353c3e971b61823dc394e0b129d983f7ab1b0f1a3dba8c324,trades_4401029_0.json,12
4401029,0x26398277329954528e057a091e522ed8bb54a6e5a276199f94b57bb2fb14e978,0x72aaaaf9f6b0286e390de5b568af0f99a00c90e0,Sports,1788937857,2026-09-09T07:10:57+00:00,BUY,MIBR,0,44012661518616363242242449855059970815959247985920609112384174677149490018713,0.4300000248,7.666667,3.2966670001333416,0xcb8d0c189c2404e353c3e971b61823dc394e0b129d983f7ab1b0f1a3dba8c324,trades_4401029_0.json,13
4401029,0x26398277329954528e057a091e522ed8bb54a6e5a276199f94b57bb2fb14e978,0xf0ac5725f74f44cd80f5e65c7f9fc5b3e5d24ec7,Sports,1788937029,2026-09-09T06:57:09+00:00,BUY,9z,1,67467488034773191641448418353736510226163478112621931292698993307536687428812,0.5199999843,20.384616,10.59999999996153,0x69e557ec5fcff766b98cbad6129816a2e47d76df86e951db5ed09734236f6509,trades_4401029_0.json,14
4401029,0x26398277329954528e057a091e522ed8bb54a6e5a276199f94b57bb2fb14e978,0x72aaaaf9f6b0286e390de5b568af0f99a00c90e0,Sports,1788937029,2026-09-09T06:57:09+00:00,SELL,9z,1,67467488034773191641448418353736510226163478112621931292698993307536687428812,0.5199999843,20.384616,10.59999999996153,0x69e557ec5fcff766b98cbad6129816a2e47d76df86e951db5ed09734236f6509,trades_4401029_0.json,15
4401029,0x26398277329954528e057a091e522ed8bb54a6e5a276199f94b57bb2fb14e978,0x85b62e71605b084901133af6bc32eebc89fbf439,Sports,1788935580,2026-09-09T06:33:00+00:00,BUY,9z,1,67467488034773191641448418353736510226163478112621931292698993307536687428812,0.98,6.63265,6.499997,0x2086e07efa6fff3c3036be8b180ce9f42f9e53f080934159ca89d61dd27565b0,trades_4401029_0.json,16
4401029,0x26398277329954528e057a091e522ed8bb54a6e5a276199f94b57bb2fb14e978,0x758dac51ba3cc9a246a79787da9df11c5f425d9e,Sports,1788935580,2026-09-09T06:33:00+00:00,BUY,MIBR,0,44012661518616363242242449855059970815959247985920609112384174677149490018713,0.02,6.63265,0.132653,0x2086e07efa6fff3c3036be8b180ce9f42f9e53f080934159ca89d61dd27565b0,trades_4401029_0.json,17
4401029,0x26398277329954528e057a091e522ed8bb54a6e5a276199f94b57bb2fb14e978,0x915d5cc226b3b4daaf109191c1aaef0b0a7f5c6a,Sports,1788935580,2026-09-09T06:33:00+00:00,BUY,9z,1,67467488034773191641448418353736510226163478112621931292698993307536687428812,0.6696774194,310.0,207.60000001400002,0x99f5fb661acfb86728d997e806985c6c35a85c47936fd993b46bcbf04383fa35,trades_4401029_0.json,18
4401029,0x26398277329954528e057a091e522ed8bb54a6e5a276199f94b57bb2fb14e978,0xfe8a28be83ba295a9384f72f240d2cfa96bc23ce,Sports,1788935580,2026-09-09T06:33:00+00:00,BUY,MIBR,0,44012661518616363242242449855059970815959247985920609112384174677149490018713,0.33,100.0,33.0,0x99f5fb661acfb86728d997e806985c6c35a85c47936fd993b46bcbf04383fa35,trades_4401029_0.json,19
4401029,0x26398277329954528e057a091e522ed8bb54a6e5a276199f94b57bb2fb14e978,0x2529c68db36ce8aa64c64affe620267744a3548a,Sports,1788935580,2026-09-09T06:33:00+00:00,BUY,MIBR,0,44012661518616363242242449855059970815959247985920609112384174677149490018713,0.33,100.0,33.0,0x99f5fb661acfb86728d997e806985c6c35a85c47936fd993b46bcbf04383fa35,trades_4401029_0.json,20
4401029,0x26398277329954528e057a091e522ed8bb54a6e5a276199f94b57bb2fb14e978,0x72aaaaf9f6b0286e390de5b568af0f99a00c90e0,Sports,1788935580,2026-09-09T06:33:00+00:00,BUY,MIBR,0,44012661518616363242242449855059970815959247985920609112384174677149490018713,0.33,100.0,33.0,0x99f5fb661acfb86728d997e806985c6c35a85c47936fd993b46bcbf04383fa35,trades_4401029_0.json,21
4401029,0x26398277329954528e057a091e522ed8bb54a6e5a276199f94b57bb2fb14e978,0x758dac51ba3cc9a246a79787da9df11c5f425d9e,Sports,1788935580,2026-09-09T06:33:00+00:00,BUY,MIBR,0,44012661518616363242242449855059970815959247985920609112384174677149490018713,0.34,10.0,3.4000000000000004,0x99f5fb661acfb86728d997e806985c6c35a85c47936fd993b46bcbf04383fa35,trades_4401029_0.json,22
4401029,0x26398277329954528e057a091e522ed8bb54a6e5a276199f94b57bb2fb14e978,0xb2abcd0879d4df485ea48091a53a7f33b8873bb3,Sports,1788935578,2026-09-09T06:32:58+00:00,BUY,MIBR,0,44012661518616363242242449855059970815959247985920609112384174677149490018713,0.4270957487,1170.697675,500.00000000547425,0xab2ec8d3eca6d19aed986fbf1d66218a7d58d49c347286d6be41c9bdc9c46b73,trades_4401029_0.json,23
4401029,0x26398277329954528e057a091e522ed8bb54a6e5a276199f94b57bb2fb14e978,0x9e04fe528bcfab08c348f98a05a80c8606a528a9,Sports,1788935578,2026-09-09T06:32:58+00:00,BUY,9z,1,67467488034773191641448418353736510226163478112621931292698993307536687428812,0.5700000003,860.697675,490.5976750082093,0xab2ec8d3eca6d19aed986fbf1d66218a7d58d49c347286d6be41c9bdc9c46b73,trades_4401029_0.json,24
4401029,0x26398277329954528e057a091e522ed8bb54a6e5a276199f94b57bb2fb14e978,0xfe8a28be83ba295a9384f72f240d2cfa96bc23ce,Sports,1788935578,2026-09-09T06:32:58+00:00,BUY,9z,1,67467488034773191641448418353736510226163478112621931292698993307536687428812,0.58,100.0,57.99999999999999,0xab2ec8d3eca6d19aed986fbf1d66218a7d58d49c347286d6be41c9bdc9c46b73,trades_4401029_0.json,25
4401029,0x26398277329954528e057a091e522ed8bb54a6e5a276199f94b57bb2fb14e978,0x2529c68db36ce8aa64c64affe620267744a3548a,Sports,1788935578,2026-09-09T06:32:58+00:00,BUY,9z,1,67467488034773191641448418353736510226163478112621931292698993307536687428812,0.58,100.0,57.99999999999999,0xab2ec8d3eca6d19aed986fbf1d66218a7d58d49c347286d6be41c9bdc9c46b73,trades_4401029_0.json,26
4401029,0x26398277329954528e057a091e522ed8bb54a6e5a276199f94b57bb2fb14e978,0x72aaaaf9f6b0286e390de5b568af0f99a00c90e0,Sports,1788935578,2026-09-09T06:32:58+00:00,BUY,9z,1,67467488034773191641448418353736510226163478112621931292698993307536687428812,0.58,100.0,57.99999999999999,0xab2ec8d3eca6d19aed986fbf1d66218a7d58d49c347286d6be41c9bdc9c46b73,trades_4401029_0.json,27
4401029,0x26398277329954528e057a091e522ed8bb54a6e5a276199f94b57bb2fb14e978,0x758dac51ba3cc9a246a79787da9df11c5f425d9e,Sports,1788935578,2026-09-09T06:32:58+00:00,BUY,9z,1,67467488034773191641448418353736510226163478112621931292698993307536687428812,0.61,10.0,6.1,0xab2ec8d3eca6d19aed986fbf1d66218a7d58d49c347286d6be41c9bdc9c46b73,trades_4401029_0.json,28
