excluded_market_id,topic,candidate_market_id,candidate_question,original_slot_month,candidate_month,original_random_rank,decision,reason
590824,Politics,578064,"Will Jorge ""Tuto"" Quiroga win by 10–15%?",2025-10,2025-10,205,skip_related_family,Same 2025 Bolivia presidential election family as retained 543268 (different round; keep grouped).
590824,Politics,586581,Will PvdD be part of the next Government of the Netherlands?,2025-10,2025-10,217,skip_scope,"Government formation, appointment, endorsement, announcement or departure; not a public electoral outcome."
590824,Politics,587437,Will Roberto Occhiuto win Calabria Regional Election?,2025-10,2025-10,229,scope_eligible_timing_pending,Saved full rules specify a public electoral contest. Participation and exact poll-close verification remain pending.
590979,Politics,578064,"Will Jorge ""Tuto"" Quiroga win by 10–15%?",2025-10,2025-10,205,skip_related_family,Same 2025 Bolivia presidential election family as retained 543268 (different round; keep grouped).
590979,Politics,586581,Will PvdD be part of the next Government of the Netherlands?,2025-10,2025-10,217,skip_scope,"Government formation, appointment, endorsement, announcement or departure; not a public electoral outcome."
590979,Politics,587437,Will Roberto Occhiuto win Calabria Regional Election?,2025-10,2025-10,229,skip_already_selected,Already retained or allocated to an earlier slot.
590979,Politics,580912,ANO wins 33% or more of vote in Czech election?,2025-10,2025-10,241,skip_related_family,Same Czech 2025 parliamentary election as retained 530746 and others.
590979,Politics,580918,Pirates wins 10% or more of vote in Czech election?,2025-10,2025-10,253,skip_related_family,Same Czech 2025 parliamentary election as retained 530746 and others.
590979,Politics,648705,Netherlands Parliamentary Election: D66 vs VVD,2025-10,2025-10,265,skip_related_family,Same Netherlands 2025 parliamentary election as retained 641171 and others.
590979,Politics,648703,Will D66 win 20 or more seats in the 2025 Netherlands parliamentary election?,2025-10,2025-10,275,skip_related_family,Same Netherlands 2025 parliamentary election as retained 641171 and others.
590979,Politics,648697,Will VVD win 14–15 seats in the 2025 Netherlands parliamentary election?,2025-10,2025-10,285,skip_related_family,Same Netherlands 2025 parliamentary election as retained 641171 and others.
590979,Politics,580920,Will turnout be less than 60% in the Czech election?,2025-10,2025-10,294,skip_related_family,Same Czech 2025 parliamentary election as retained 530746 and others.
590979,Politics,648695,Will JA21 win 13 or more seats in the 2025 Netherlands parliamentary election?,2025-10,2025-10,303,skip_related_family,Same Netherlands 2025 parliamentary election as retained 641171 and others.
590979,Politics,580914,SPOLU wins 20% or more of vote in Czech election?,2025-10,2025-10,312,skip_related_family,Same Czech 2025 parliamentary election as retained 530746 and others.
590979,Politics,580869,Will Starostové get less than 7% of the vote in the Czech election?,2025-10,2025-10,320,skip_related_family,Same Czech 2025 parliamentary election as retained 530746 and others.
590979,Politics,580928,Will Karel Havlíček be the next Prime Minister of the Czech Republic after the elections?,2025-10,2025-10,328,skip_scope,"Government formation, appointment, endorsement, announcement or departure; not a public electoral outcome."
590979,Politics,580916,SPD wins 14% or more of vote in Czech election?,2025-10,2025-10,336,skip_related_family,Same Czech 2025 parliamentary election as retained 530746 and others.
590979,Politics,545313,Will the Patriotic Electoral Bloc win the most seats in the 2025 Moldova parliamentary election?,2025-10,2025-09,201,scope_eligible_timing_pending,"Full saved rules reviewed: public electoral contest. Actual date, final poll close and candidate participation remain unverified."
1223572,Politics,1235514,Will Tô Lâm be the next President of Vietnam?,2026-01,2026-01,208,skip_scope,"Government formation, appointment, endorsement, announcement or departure; not a public electoral outcome."
1223572,Politics,695679,Will José Cardoso qualify for the second round of the 2026 Portugal presidential election?,2026-01,2026-01,220,skip_related_family,Same Portugal 2026 presidential election as retained 1065660 and others.
1223572,Politics,1065687,Will João Cotrim de Figueiredo win less than 10% of votes in the first round?,2026-01,2026-01,232,skip_related_family,Same Portugal 2026 presidential election as retained 1065660 and others.
1223572,Politics,683281,Will Nathan James Nandala Mafabi win the 2026 Ugandan presidential election?,2026-01,2026-01,244,scope_eligible_timing_pending,Saved full rules specify a public electoral contest. Participation and exact poll-close verification remain pending.
537471,Politics,617309,Paul Finebaum announces Alabama Senate run by December 31?,2025-12,2025-12,206,skip_scope,"Government formation, appointment, endorsement, announcement or departure; not a public electoral outcome."
537471,Politics,739846,Will Cătălin Drulă get between 10% and 15% of the vote in the Bucharest Mayoral election?,2025-12,2025-12,218,skip_related_family,Same Bucharest mayoral election as retained 799377 and others.
537471,Politics,693255,Will Franco Parisi endorse José Antonio Kast for President of Chile?,2025-12,2025-12,230,skip_scope,"Government formation, appointment, endorsement, announcement or departure; not a public electoral outcome."
537471,Politics,562257,Romania Parliamentary Election called in 2025?,2025-12,2025-12,242,skip_scope,"Government formation, appointment, endorsement, announcement or departure; not a public electoral outcome."
537471,Politics,530829,Mark Carney out as leader of Liberals in 2025?,2025-12,2025-12,254,skip_scope,"Government formation, appointment, endorsement, announcement or departure; not a public electoral outcome."
537471,Politics,586028,Will Vincent Dixie win TN-7 Special Election?,2025-12,2025-12,266,skip_related_family,Same TN07 general special election as retained 695312.
537471,Politics,704810,Will Ciucu win by 3-6%?,2025-12,2025-12,276,skip_related_family,Same Bucharest mayoral election as retained 799377 and others.
537471,Politics,654261,Will Zohran Mamdani get between 55% and 60% of the vote in the 2025 NYC mayoral election?,2025-12,2025-11,209,skip_related_family,Same NYC 2025 mayoral election as retained 563772 and others.
537471,Politics,668100,Will Salvador Nasralla win the 2025 Honduras presidential election?,2025-12,2025-11,221,scope_eligible_timing_pending,Saved full rules specify a public electoral contest. Participation and exact poll-close verification remain pending.
903723,Politics,1235514,Will Tô Lâm be the next President of Vietnam?,2026-01,2026-01,208,skip_scope,"Government formation, appointment, endorsement, announcement or departure; not a public electoral outcome."
903723,Politics,695679,Will José Cardoso qualify for the second round of the 2026 Portugal presidential election?,2026-01,2026-01,220,skip_related_family,Same Portugal 2026 presidential election as retained 1065660 and others.
903723,Politics,1065687,Will João Cotrim de Figueiredo win less than 10% of votes in the first round?,2026-01,2026-01,232,skip_related_family,Same Portugal 2026 presidential election as retained 1065660 and others.
903723,Politics,683281,Will Nathan James Nandala Mafabi win the 2026 Ugandan presidential election?,2026-01,2026-01,244,skip_already_selected,Already retained or allocated to an earlier slot.
903723,Politics,1065665,Will Henrique Gouveia e Melo win less than 12% of votes in the first round?,2026-01,2026-01,256,skip_related_family,Same Portugal 2026 presidential election as retained 1065660 and others.
903723,Politics,617309,Paul Finebaum announces Alabama Senate run by December 31?,2026-01,2025-12,206,skip_scope,"Government formation, appointment, endorsement, announcement or departure; not a public electoral outcome."
903723,Politics,739846,Will Cătălin Drulă get between 10% and 15% of the vote in the Bucharest Mayoral election?,2026-01,2025-12,218,skip_related_family,Same Bucharest mayoral election as retained 799377 and others.
903723,Politics,693255,Will Franco Parisi endorse José Antonio Kast for President of Chile?,2026-01,2025-12,230,skip_scope,"Government formation, appointment, endorsement, announcement or departure; not a public electoral outcome."
903723,Politics,562257,Romania Parliamentary Election called in 2025?,2026-01,2025-12,242,skip_scope,"Government formation, appointment, endorsement, announcement or departure; not a public electoral outcome."
903723,Politics,530829,Mark Carney out as leader of Liberals in 2025?,2026-01,2025-12,254,skip_scope,"Government formation, appointment, endorsement, announcement or departure; not a public electoral outcome."
903723,Politics,586028,Will Vincent Dixie win TN-7 Special Election?,2026-01,2025-12,266,skip_related_family,Same TN07 general special election as retained 695312.
903723,Politics,704810,Will Ciucu win by 3-6%?,2026-01,2025-12,276,skip_related_family,Same Bucharest mayoral election as retained 799377 and others.
903723,Politics,1245519,Will Partido Popular win 31-33 seats in the 2026 Aragon regional election?,2026-01,2026-02,202,skip_related_family,Aragon legislative election already retained as 1228027.
903723,Politics,1271816,Will Palang Pracharath Party (PPRP) finish in third place by number of seats in the 2026 Thai legislative election?,2026-01,2026-02,214,scope_eligible_timing_pending,"Full saved rules reviewed: public electoral contest. Actual date, final poll close and candidate participation remain unverified."
701702,Politics,1864344,Will Iain Black win the 2026 Conservative Party of British Columbia leadership election?,2026-05,2026-05,210,skip_scope,Internal party leadership election; public electoral contests only.
701702,Politics,969727,Will Jamie Davis Jr. be the Democratic nominee for Senate in Louisiana?,2026-05,2026-05,222,scope_eligible_timing_pending,"Full saved rules reviewed: public electoral contest. Actual date, final poll close and candidate participation remain unverified."
797058,Politics,617309,Paul Finebaum announces Alabama Senate run by December 31?,2025-12,2025-12,206,skip_scope,"Government formation, appointment, endorsement, announcement or departure; not a public electoral outcome."
797058,Politics,739846,Will Cătălin Drulă get between 10% and 15% of the vote in the Bucharest Mayoral election?,2025-12,2025-12,218,skip_related_family,Same Bucharest mayoral election as retained 799377 and others.
797058,Politics,693255,Will Franco Parisi endorse José Antonio Kast for President of Chile?,2025-12,2025-12,230,skip_scope,"Government formation, appointment, endorsement, announcement or departure; not a public electoral outcome."
797058,Politics,562257,Romania Parliamentary Election called in 2025?,2025-12,2025-12,242,skip_scope,"Government formation, appointment, endorsement, announcement or departure; not a public electoral outcome."
797058,Politics,530829,Mark Carney out as leader of Liberals in 2025?,2025-12,2025-12,254,skip_scope,"Government formation, appointment, endorsement, announcement or departure; not a public electoral outcome."
797058,Politics,586028,Will Vincent Dixie win TN-7 Special Election?,2025-12,2025-12,266,skip_related_family,Same TN07 general special election as retained 695312.
797058,Politics,704810,Will Ciucu win by 3-6%?,2025-12,2025-12,276,skip_related_family,Same Bucharest mayoral election as retained 799377 and others.
797058,Politics,654261,Will Zohran Mamdani get between 55% and 60% of the vote in the 2025 NYC mayoral election?,2025-12,2025-11,209,skip_related_family,Same NYC 2025 mayoral election as retained 563772 and others.
797058,Politics,668100,Will Salvador Nasralla win the 2025 Honduras presidential election?,2025-12,2025-11,221,skip_already_selected,Already retained or allocated to an earlier slot.
797058,Politics,670075,Will Franco Parisi come in fourth in the 1st round of the 2025 Chilean presidential election?,2025-12,2025-11,233,skip_related_family,Same Chile 2025 general election family as retained 668396; group concurrent legislature and presidential contests.
797058,Politics,588784,Will Sliwa or Adams get more votes?,2025-12,2025-11,245,skip_related_family,Same NYC 2025 mayoral election as retained 563772 and others.
797058,Politics,566989,Will DeWayne Davis win the 2025 Minneapolis mayoral election?,2025-12,2025-11,257,skip_already_selected,Already retained or allocated to an earlier slot.
797058,Politics,666470,Will Cambio por Chile gain the most seats in the Senate election?,2025-12,2025-11,268,skip_related_family,Same Chile 2025 general election family as retained 668396; group concurrent legislature and presidential contests.
797058,Politics,666146,Will Jeannette Jara win between 20% and 24% of votes in the first round?,2025-12,2025-11,278,skip_related_family,Same Chile 2025 general election family as retained 668396; group concurrent legislature and presidential contests.
797058,Politics,567138,Will Katie Wilson win the 2025 Seattle mayoral election?,2025-12,2025-11,287,skip_already_selected,Already retained or allocated to an earlier slot.
797058,Politics,571950,Will any presidential candidate win outright in the first round of the Chile's election?,2025-12,2025-11,296,skip_related_family,Same Chile 2025 general election family as retained 668396; group concurrent legislature and presidential contests.
797058,Politics,555813,Will Abigail Spanberger win the Virginia Governor Election in 2025,2025-12,2025-11,305,scope_eligible_timing_pending,Saved full rules specify a public electoral contest. Participation and exact poll-close verification remain pending.
902938,Politics,1245519,Will Partido Popular win 31-33 seats in the 2026 Aragon regional election?,2026-02,2026-02,202,skip_related_family,Aragon legislative election already retained as 1228027.
902938,Politics,1271816,Will Palang Pracharath Party (PPRP) finish in third place by number of seats in the 2026 Thai legislative election?,2026-02,2026-02,214,skip_already_selected,Already retained or allocated to an earlier slot.
902938,Politics,1230679,Will the Liberal Democratic Party win the second-most seats in the 2026 Japanese general election?,2026-02,2026-02,226,skip_related_family,Japan parliamentary election already retained as 1230748 and others.
902938,Politics,670208,Will AY win the most seats in the 2026 Costa Rican Legislative Assembly election?,2026-02,2026-02,238,skip_related_family,Costa Rica general election family already retained as 676453 and others.
902938,Politics,1336374,Will the Liberal Democratic Party win between 280 and 294 seats in the 2026 Japanese snap general election?,2026-02,2026-02,250,skip_related_family,Japan parliamentary election already retained as 1230748 and others.
902938,Politics,1353128,Will the Bangladesh Jamaat-e-Islami (BJI) win between 70 and 99 seats in the Bangladesh parliamentary election?,2026-02,2026-02,262,skip_related_family,Bangladesh parliamentary election already retained as 1353145.
902938,Politics,1271757,Will Democrat Party (DP) finish in second place by number of seats in the 2026 Thai legislative election?,2026-02,2026-02,272,skip_related_new_selection,Same event family as an earlier replacement.
902938,Politics,706054,Will Tyler Paul Smith win the GA-14 special election?,2026-02,2026-02,282,scope_eligible_timing_pending,"Public electoral outcome in saved rules. Exact date, time, participation and target consistency remain pending."
525281,Politics,617309,Paul Finebaum announces Alabama Senate run by December 31?,2025-12,2025-12,206,skip_scope,"Government formation, appointment, endorsement, announcement or departure; not a public electoral outcome."
525281,Politics,739846,Will Cătălin Drulă get between 10% and 15% of the vote in the Bucharest Mayoral election?,2025-12,2025-12,218,skip_related_family,Same Bucharest mayoral election as retained 799377 and others.
525281,Politics,693255,Will Franco Parisi endorse José Antonio Kast for President of Chile?,2025-12,2025-12,230,skip_scope,"Government formation, appointment, endorsement, announcement or departure; not a public electoral outcome."
525281,Politics,562257,Romania Parliamentary Election called in 2025?,2025-12,2025-12,242,skip_scope,"Government formation, appointment, endorsement, announcement or departure; not a public electoral outcome."
525281,Politics,530829,Mark Carney out as leader of Liberals in 2025?,2025-12,2025-12,254,skip_scope,"Government formation, appointment, endorsement, announcement or departure; not a public electoral outcome."
525281,Politics,586028,Will Vincent Dixie win TN-7 Special Election?,2025-12,2025-12,266,skip_related_family,Same TN07 general special election as retained 695312.
525281,Politics,704810,Will Ciucu win by 3-6%?,2025-12,2025-12,276,skip_related_family,Same Bucharest mayoral election as retained 799377 and others.
525281,Politics,654261,Will Zohran Mamdani get between 55% and 60% of the vote in the 2025 NYC mayoral election?,2025-12,2025-11,209,skip_related_family,Same NYC 2025 mayoral election as retained 563772 and others.
525281,Politics,668100,Will Salvador Nasralla win the 2025 Honduras presidential election?,2025-12,2025-11,221,skip_already_selected,Already retained or allocated to an earlier slot.
525281,Politics,670075,Will Franco Parisi come in fourth in the 1st round of the 2025 Chilean presidential election?,2025-12,2025-11,233,skip_related_family,Same Chile 2025 general election family as retained 668396; group concurrent legislature and presidential contests.
525281,Politics,588784,Will Sliwa or Adams get more votes?,2025-12,2025-11,245,skip_related_family,Same NYC 2025 mayoral election as retained 563772 and others.
525281,Politics,566989,Will DeWayne Davis win the 2025 Minneapolis mayoral election?,2025-12,2025-11,257,skip_already_selected,Already retained or allocated to an earlier slot.
525281,Politics,666470,Will Cambio por Chile gain the most seats in the Senate election?,2025-12,2025-11,268,skip_related_family,Same Chile 2025 general election family as retained 668396; group concurrent legislature and presidential contests.
525281,Politics,666146,Will Jeannette Jara win between 20% and 24% of votes in the first round?,2025-12,2025-11,278,skip_related_family,Same Chile 2025 general election family as retained 668396; group concurrent legislature and presidential contests.
525281,Politics,567138,Will Katie Wilson win the 2025 Seattle mayoral election?,2025-12,2025-11,287,skip_already_selected,Already retained or allocated to an earlier slot.
525281,Politics,571950,Will any presidential candidate win outright in the first round of the Chile's election?,2025-12,2025-11,296,skip_related_family,Same Chile 2025 general election family as retained 668396; group concurrent legislature and presidential contests.
525281,Politics,555813,Will Abigail Spanberger win the Virginia Governor Election in 2025,2025-12,2025-11,305,skip_already_selected,Already retained or allocated to an earlier slot.
525281,Politics,541622,Will José Antonio Kast win the Chilean presidential election?,2025-12,2025-11,313,skip_related_family,Same Chile 2025 general election family as retained 668396; group concurrent legislature and presidential contests.
525281,Politics,567121,Will Ed Flynn win the 2025 Boston mayoral election?,2025-12,2025-11,321,skip_prior_determination,"Ed Flynn declined the Boston mayoral race in January 2025, before the forecast; no longer an uncertain candidacy for this design."
525281,Politics,563789,Will Zohran Mamdani win 3 boroughs in the 2025 New York City Mayoral General Election?,2025-12,2025-11,329,skip_related_family,Same NYC 2025 mayoral election as retained 563772 and others.
525281,Politics,567009,Will Eileen Higgins win the 2025 Miami mayoral election?,2025-12,2025-11,337,scope_eligible_timing_pending,Saved full rules specify a public electoral contest. Participation and exact poll-close verification remain pending.
567261,Politics,1235514,Will Tô Lâm be the next President of Vietnam?,2026-01,2026-01,208,skip_scope,"Government formation, appointment, endorsement, announcement or departure; not a public electoral outcome."
567261,Politics,695679,Will José Cardoso qualify for the second round of the 2026 Portugal presidential election?,2026-01,2026-01,220,skip_related_family,Same Portugal 2026 presidential election as retained 1065660 and others.
567261,Politics,1065687,Will João Cotrim de Figueiredo win less than 10% of votes in the first round?,2026-01,2026-01,232,skip_related_family,Same Portugal 2026 presidential election as retained 1065660 and others.
567261,Politics,683281,Will Nathan James Nandala Mafabi win the 2026 Ugandan presidential election?,2026-01,2026-01,244,skip_already_selected,Already retained or allocated to an earlier slot.
567261,Politics,1065665,Will Henrique Gouveia e Melo win less than 12% of votes in the first round?,2026-01,2026-01,256,skip_related_family,Same Portugal 2026 presidential election as retained 1065660 and others.
567261,Politics,617309,Paul Finebaum announces Alabama Senate run by December 31?,2026-01,2025-12,206,skip_scope,"Government formation, appointment, endorsement, announcement or departure; not a public electoral outcome."
567261,Politics,739846,Will Cătălin Drulă get between 10% and 15% of the vote in the Bucharest Mayoral election?,2026-01,2025-12,218,skip_related_family,Same Bucharest mayoral election as retained 799377 and others.
567261,Politics,693255,Will Franco Parisi endorse José Antonio Kast for President of Chile?,2026-01,2025-12,230,skip_scope,"Government formation, appointment, endorsement, announcement or departure; not a public electoral outcome."
567261,Politics,562257,Romania Parliamentary Election called in 2025?,2026-01,2025-12,242,skip_scope,"Government formation, appointment, endorsement, announcement or departure; not a public electoral outcome."
567261,Politics,530829,Mark Carney out as leader of Liberals in 2025?,2026-01,2025-12,254,skip_scope,"Government formation, appointment, endorsement, announcement or departure; not a public electoral outcome."
567261,Politics,586028,Will Vincent Dixie win TN-7 Special Election?,2026-01,2025-12,266,skip_related_family,Same TN07 general special election as retained 695312.
567261,Politics,704810,Will Ciucu win by 3-6%?,2026-01,2025-12,276,skip_related_family,Same Bucharest mayoral election as retained 799377 and others.
567261,Politics,1245519,Will Partido Popular win 31-33 seats in the 2026 Aragon regional election?,2026-01,2026-02,202,skip_related_family,Aragon legislative election already retained as 1228027.
567261,Politics,1271816,Will Palang Pracharath Party (PPRP) finish in third place by number of seats in the 2026 Thai legislative election?,2026-01,2026-02,214,skip_already_selected,Already retained or allocated to an earlier slot.
567261,Politics,1230679,Will the Liberal Democratic Party win the second-most seats in the 2026 Japanese general election?,2026-01,2026-02,226,skip_related_family,Japan parliamentary election already retained as 1230748 and others.
567261,Politics,670208,Will AY win the most seats in the 2026 Costa Rican Legislative Assembly election?,2026-01,2026-02,238,skip_related_family,Costa Rica general election family already retained as 676453 and others.
567261,Politics,1336374,Will the Liberal Democratic Party win between 280 and 294 seats in the 2026 Japanese snap general election?,2026-01,2026-02,250,skip_related_family,Japan parliamentary election already retained as 1230748 and others.
567261,Politics,1353128,Will the Bangladesh Jamaat-e-Islami (BJI) win between 70 and 99 seats in the Bangladesh parliamentary election?,2026-01,2026-02,262,skip_related_family,Bangladesh parliamentary election already retained as 1353145.
567261,Politics,1271757,Will Democrat Party (DP) finish in second place by number of seats in the 2026 Thai legislative election?,2026-01,2026-02,272,skip_related_new_selection,Same event family as an earlier replacement.
567261,Politics,706054,Will Tyler Paul Smith win the GA-14 special election?,2026-01,2026-02,282,skip_already_selected,Already retained or allocated to an earlier slot.
567261,Politics,1231067,Will turnout in the 2026 Japanese snap election be below 50%?,2026-01,2026-02,291,skip_related_family,Japan parliamentary election already retained as 1230748 and others.
567261,Politics,1272509,Will the People’s Party (PPLE) win between 135 and 149 seats in the 2026 Thai legislative election?,2026-01,2026-02,300,skip_related_new_selection,Same event family as an earlier replacement.
567261,Politics,813511,Will FA win the second most seats in the 2026 Costa Rican Legislative Assembly election?,2026-01,2026-02,309,skip_related_family,Costa Rica general election family already retained as 676453 and others.
567261,Politics,1230482,Will the Conservative Party of Japan loose any seats in Japanese snap election?,2026-01,2026-02,317,skip_related_family,Japan parliamentary election already retained as 1230748 and others.
567261,Politics,1272536,Will the Bhumjaithai Party (BJT) win between 120 and 129 seats in the 2026 Thai legislative election?,2026-01,2026-02,325,skip_related_new_selection,Same event family as an earlier replacement.
567261,Politics,1336956,Will Shafiqur Rahman be the next Prime Minister of Bangladesh after the Parliamentary election?,2026-01,2026-02,333,skip_scope,"Post-election appointment/coalition formation, not public electoral result."
567261,Politics,1253235,Will any presidential candidate win outright in the first round of Costa Rica's presidential election?,2026-01,2026-02,341,skip_related_family,Costa Rica general election already retained as 676453.
567261,Politics,1429452,Will Angeliki Stogia - Labour finish second in the Gorton and Denton by-election?,2026-01,2026-02,348,skip_related_family,Gorton and Denton by-election already retained as 1429620.
567261,Politics,1230040,Will CRA win 173+ seats in the Japanese snap election?,2026-01,2026-02,355,skip_related_family,Japan general election already retained as 1230748.
567261,Politics,1353119,Will the Bangladesh Nationalist Party (BNP) win between 100 and 149 seats in the Bangladesh parliamentary election?,2026-01,2026-02,362,skip_related_family,Bangladesh general election already retained as 1353145.
567261,Politics,1343386,Will Gono Odhikar Parishad finish with the second most seats in the Bangladesh parliamentary election?,2026-01,2026-02,369,skip_related_family,Bangladesh general election already retained as 1353145.
567261,Politics,787709,Will Cammie Croft be the Democratic nominee for the NJ-11 special election?,2026-01,2026-02,376,skip_related_family,New Jersey 11th special election family already retained as 1447597 (general); primary shares family.
567261,Politics,1272553,Will the Pheu Thai Party (PT) win between 100 and 109 seats in the 2026 Thai legislative election?,2026-01,2026-02,383,skip_related_new_selection,Same event family as an earlier replacement.
567261,Politics,1343422,Will the Bangladesh Nationalist Party finish with the third most seats in the Bangladesh parliamentary election?,2026-01,2026-02,390,skip_related_family,Bangladesh general election already retained as 1353145.
567261,Politics,1278362,Will Bangladesh Jamaat-e-Islami (BJI) win the Bangladesh parliamentary election by between 3% and 6%?,2026-01,2026-02,397,skip_related_family,Bangladesh general election already retained as 1353145.
567261,Politics,923045,Will United Thai Nation Party (UTN) win the most seats in the 2026 Thai legislative election?,2026-01,2026-02,404,skip_related_new_selection,Same event family as an earlier replacement.
567261,Politics,1230804,Will Sanseitō be part of the governing coalition as a result of the 2026 Japanese snap election?,2026-01,2026-02,411,skip_scope,"Post-election appointment/coalition formation, not public electoral result."
567261,Politics,1429731,Will the margin of victory in the Gorton and Denton by-election be between 12% and 15%?,2026-01,2026-02,418,skip_related_family,Gorton and Denton by-election already retained as 1429620.
567261,Politics,1235180,Will the Democratic Party For the People win between 31 and 34 seats in the 2026 Japanese snap general election?,2026-01,2026-02,425,skip_related_family,Japan general election already retained as 1230748.
567261,Politics,1231078,Will LDP win a majority in the 2026 Japanese snap election?,2026-01,2026-02,432,skip_related_family,Japan general election already retained as 1230748.
567261,Politics,1235140,Will the Centrist Reform Alliance win fewer than 150 seats in the 2026 Japanese snap general election?,2026-01,2026-02,439,skip_related_family,Japan general election already retained as 1230748.
567261,Politics,1336685,Will the Liberal Democratic Party win by between 190 and 219 seats?,2026-01,2026-02,446,skip_related_family,Japan general election already retained as 1230748.
567261,Politics,654261,Will Zohran Mamdani get between 55% and 60% of the vote in the 2025 NYC mayoral election?,2026-01,2025-11,209,skip_related_family,Same NYC 2025 mayoral election as retained 563772 and others.
567261,Politics,668100,Will Salvador Nasralla win the 2025 Honduras presidential election?,2026-01,2025-11,221,skip_already_selected,Already retained or allocated to an earlier slot.
567261,Politics,670075,Will Franco Parisi come in fourth in the 1st round of the 2025 Chilean presidential election?,2026-01,2025-11,233,skip_related_family,Same Chile 2025 general election family as retained 668396; group concurrent legislature and presidential contests.
567261,Politics,588784,Will Sliwa or Adams get more votes?,2026-01,2025-11,245,skip_related_family,Same NYC 2025 mayoral election as retained 563772 and others.
567261,Politics,566989,Will DeWayne Davis win the 2025 Minneapolis mayoral election?,2026-01,2025-11,257,skip_already_selected,Already retained or allocated to an earlier slot.
567261,Politics,666470,Will Cambio por Chile gain the most seats in the Senate election?,2026-01,2025-11,268,skip_related_family,Same Chile 2025 general election family as retained 668396; group concurrent legislature and presidential contests.
567261,Politics,666146,Will Jeannette Jara win between 20% and 24% of votes in the first round?,2026-01,2025-11,278,skip_related_family,Same Chile 2025 general election family as retained 668396; group concurrent legislature and presidential contests.
567261,Politics,567138,Will Katie Wilson win the 2025 Seattle mayoral election?,2026-01,2025-11,287,skip_already_selected,Already retained or allocated to an earlier slot.
567261,Politics,571950,Will any presidential candidate win outright in the first round of the Chile's election?,2026-01,2025-11,296,skip_related_family,Same Chile 2025 general election family as retained 668396; group concurrent legislature and presidential contests.
567261,Politics,555813,Will Abigail Spanberger win the Virginia Governor Election in 2025,2026-01,2025-11,305,skip_already_selected,Already retained or allocated to an earlier slot.
567261,Politics,541622,Will José Antonio Kast win the Chilean presidential election?,2026-01,2025-11,313,skip_related_family,Same Chile 2025 general election family as retained 668396; group concurrent legislature and presidential contests.
567261,Politics,567121,Will Ed Flynn win the 2025 Boston mayoral election?,2026-01,2025-11,321,skip_prior_determination,"Ed Flynn declined the Boston mayoral race in January 2025, before the forecast; no longer an uncertain candidacy for this design."
567261,Politics,563789,Will Zohran Mamdani win 3 boroughs in the 2025 New York City Mayoral General Election?,2026-01,2025-11,329,skip_related_family,Same NYC 2025 mayoral election as retained 563772 and others.
567261,Politics,567009,Will Eileen Higgins win the 2025 Miami mayoral election?,2026-01,2025-11,337,skip_already_selected,Already retained or allocated to an earlier slot.
567261,Politics,666199,Will Johannes Kaiser win between 10% and 13% of votes in the first round?,2026-01,2025-11,344,skip_related_family,Same Chile 2025 general election family as retained 668396; group concurrent legislature and presidential contests.
567261,Politics,666455,Will Izquierda Ecologista Popular Animalista y Humanista hold the most seats in the Chamber of Deputies?,2026-01,2025-11,351,skip_related_family,Same Chile 2025 general election family as retained 668396; group concurrent legislature and presidential contests.
567261,Politics,654457,Will the Associated Press first call the 2025 New Jersey governor election before 8:00 PM ET on Nov 4 2025?,2026-01,2025-11,358,skip_scope,"Timing of a news organization call, not the election outcome."
567261,Politics,608442,Which party wins Virginia House of Delegates?,2026-01,2025-11,365,skip_related_new_selection,Same event family as an earlier replacement.
567261,Politics,593161,Will Mikie Sherrill win by 9-12%?,2026-01,2025-11,372,skip_related_family,Same New Jersey 2025 governor election as retained 551144.
567261,Politics,538928,Will Eric Adams win the 2025 NYC mayoral election?,2026-01,2025-11,379,skip_related_family,Same NYC 2025 mayoral election as retained 563772 and others.
567261,Politics,626729,Will voter turnout in the next New York City mayoral election be between 24–27%?,2026-01,2025-11,386,skip_related_family,Same NYC 2025 mayoral election as retained 563772 and others.
567261,Politics,558107,Will Mamdani get over 50% of the vote in the general mayoral election?,2026-01,2025-11,393,skip_related_family,Same NYC 2025 mayoral election as retained 563772 and others.
567261,Politics,567230,Will LaVerne Gore win the 2025 Cleveland mayoral election?,2026-01,2025-11,400,scope_eligible_timing_pending,"Full saved rules reviewed: public electoral contest. Actual date, final poll close and candidate participation remain unverified."
1655005,Politics,679228,Will Michael Swanson be the Democratic nominee for Senate in Texas?,2026-03,2026-03,204,skip_related_family,Texas Democratic Senate primary already retained as 1329055.
1655005,Politics,1449809,Will Student & Starter (StuSta) win the most seats in Utrecht’s 2026 municipal election?,2026-03,2026-03,216,scope_eligible_timing_pending,"Full saved rules reviewed: public electoral contest. Actual date, final poll close and candidate participation remain unverified."
2472856,Politics,2822304,Will Katherine Haley be the Arizona State Treasurer Republican nominee?,2026-07,2026-07,207,scope_eligible_timing_pending,"Full saved rules reviewed: public electoral contest. Actual date, final poll close and candidate participation remain unverified."
903798,Politics,1235514,Will Tô Lâm be the next President of Vietnam?,2026-01,2026-01,208,skip_scope,"Government formation, appointment, endorsement, announcement or departure; not a public electoral outcome."
903798,Politics,695679,Will José Cardoso qualify for the second round of the 2026 Portugal presidential election?,2026-01,2026-01,220,skip_related_family,Same Portugal 2026 presidential election as retained 1065660 and others.
903798,Politics,1065687,Will João Cotrim de Figueiredo win less than 10% of votes in the first round?,2026-01,2026-01,232,skip_related_family,Same Portugal 2026 presidential election as retained 1065660 and others.
903798,Politics,683281,Will Nathan James Nandala Mafabi win the 2026 Ugandan presidential election?,2026-01,2026-01,244,skip_already_selected,Already retained or allocated to an earlier slot.
903798,Politics,1065665,Will Henrique Gouveia e Melo win less than 12% of votes in the first round?,2026-01,2026-01,256,skip_related_family,Same Portugal 2026 presidential election as retained 1065660 and others.
903798,Politics,617309,Paul Finebaum announces Alabama Senate run by December 31?,2026-01,2025-12,206,skip_scope,"Government formation, appointment, endorsement, announcement or departure; not a public electoral outcome."
903798,Politics,739846,Will Cătălin Drulă get between 10% and 15% of the vote in the Bucharest Mayoral election?,2026-01,2025-12,218,skip_related_family,Same Bucharest mayoral election as retained 799377 and others.
903798,Politics,693255,Will Franco Parisi endorse José Antonio Kast for President of Chile?,2026-01,2025-12,230,skip_scope,"Government formation, appointment, endorsement, announcement or departure; not a public electoral outcome."
903798,Politics,562257,Romania Parliamentary Election called in 2025?,2026-01,2025-12,242,skip_scope,"Government formation, appointment, endorsement, announcement or departure; not a public electoral outcome."
903798,Politics,530829,Mark Carney out as leader of Liberals in 2025?,2026-01,2025-12,254,skip_scope,"Government formation, appointment, endorsement, announcement or departure; not a public electoral outcome."
903798,Politics,586028,Will Vincent Dixie win TN-7 Special Election?,2026-01,2025-12,266,skip_related_family,Same TN07 general special election as retained 695312.
903798,Politics,704810,Will Ciucu win by 3-6%?,2026-01,2025-12,276,skip_related_family,Same Bucharest mayoral election as retained 799377 and others.
903798,Politics,1245519,Will Partido Popular win 31-33 seats in the 2026 Aragon regional election?,2026-01,2026-02,202,skip_related_family,Aragon legislative election already retained as 1228027.
903798,Politics,1271816,Will Palang Pracharath Party (PPRP) finish in third place by number of seats in the 2026 Thai legislative election?,2026-01,2026-02,214,skip_already_selected,Already retained or allocated to an earlier slot.
903798,Politics,1230679,Will the Liberal Democratic Party win the second-most seats in the 2026 Japanese general election?,2026-01,2026-02,226,skip_related_family,Japan parliamentary election already retained as 1230748 and others.
903798,Politics,670208,Will AY win the most seats in the 2026 Costa Rican Legislative Assembly election?,2026-01,2026-02,238,skip_related_family,Costa Rica general election family already retained as 676453 and others.
903798,Politics,1336374,Will the Liberal Democratic Party win between 280 and 294 seats in the 2026 Japanese snap general election?,2026-01,2026-02,250,skip_related_family,Japan parliamentary election already retained as 1230748 and others.
903798,Politics,1353128,Will the Bangladesh Jamaat-e-Islami (BJI) win between 70 and 99 seats in the Bangladesh parliamentary election?,2026-01,2026-02,262,skip_related_family,Bangladesh parliamentary election already retained as 1353145.
903798,Politics,1271757,Will Democrat Party (DP) finish in second place by number of seats in the 2026 Thai legislative election?,2026-01,2026-02,272,skip_related_new_selection,Same event family as an earlier replacement.
903798,Politics,706054,Will Tyler Paul Smith win the GA-14 special election?,2026-01,2026-02,282,skip_already_selected,Already retained or allocated to an earlier slot.
903798,Politics,1231067,Will turnout in the 2026 Japanese snap election be below 50%?,2026-01,2026-02,291,skip_related_family,Japan parliamentary election already retained as 1230748 and others.
903798,Politics,1272509,Will the People’s Party (PPLE) win between 135 and 149 seats in the 2026 Thai legislative election?,2026-01,2026-02,300,skip_related_new_selection,Same event family as an earlier replacement.
903798,Politics,813511,Will FA win the second most seats in the 2026 Costa Rican Legislative Assembly election?,2026-01,2026-02,309,skip_related_family,Costa Rica general election family already retained as 676453 and others.
903798,Politics,1230482,Will the Conservative Party of Japan loose any seats in Japanese snap election?,2026-01,2026-02,317,skip_related_family,Japan parliamentary election already retained as 1230748 and others.
903798,Politics,1272536,Will the Bhumjaithai Party (BJT) win between 120 and 129 seats in the 2026 Thai legislative election?,2026-01,2026-02,325,skip_related_new_selection,Same event family as an earlier replacement.
903798,Politics,1336956,Will Shafiqur Rahman be the next Prime Minister of Bangladesh after the Parliamentary election?,2026-01,2026-02,333,skip_scope,"Post-election appointment/coalition formation, not public electoral result."
903798,Politics,1253235,Will any presidential candidate win outright in the first round of Costa Rica's presidential election?,2026-01,2026-02,341,skip_related_family,Costa Rica general election already retained as 676453.
903798,Politics,1429452,Will Angeliki Stogia - Labour finish second in the Gorton and Denton by-election?,2026-01,2026-02,348,skip_related_family,Gorton and Denton by-election already retained as 1429620.
903798,Politics,1230040,Will CRA win 173+ seats in the Japanese snap election?,2026-01,2026-02,355,skip_related_family,Japan general election already retained as 1230748.
903798,Politics,1353119,Will the Bangladesh Nationalist Party (BNP) win between 100 and 149 seats in the Bangladesh parliamentary election?,2026-01,2026-02,362,skip_related_family,Bangladesh general election already retained as 1353145.
903798,Politics,1343386,Will Gono Odhikar Parishad finish with the second most seats in the Bangladesh parliamentary election?,2026-01,2026-02,369,skip_related_family,Bangladesh general election already retained as 1353145.
903798,Politics,787709,Will Cammie Croft be the Democratic nominee for the NJ-11 special election?,2026-01,2026-02,376,skip_related_family,New Jersey 11th special election family already retained as 1447597 (general); primary shares family.
903798,Politics,1272553,Will the Pheu Thai Party (PT) win between 100 and 109 seats in the 2026 Thai legislative election?,2026-01,2026-02,383,skip_related_new_selection,Same event family as an earlier replacement.
903798,Politics,1343422,Will the Bangladesh Nationalist Party finish with the third most seats in the Bangladesh parliamentary election?,2026-01,2026-02,390,skip_related_family,Bangladesh general election already retained as 1353145.
903798,Politics,1278362,Will Bangladesh Jamaat-e-Islami (BJI) win the Bangladesh parliamentary election by between 3% and 6%?,2026-01,2026-02,397,skip_related_family,Bangladesh general election already retained as 1353145.
903798,Politics,923045,Will United Thai Nation Party (UTN) win the most seats in the 2026 Thai legislative election?,2026-01,2026-02,404,skip_related_new_selection,Same event family as an earlier replacement.
903798,Politics,1230804,Will Sanseitō be part of the governing coalition as a result of the 2026 Japanese snap election?,2026-01,2026-02,411,skip_scope,"Post-election appointment/coalition formation, not public electoral result."
903798,Politics,1429731,Will the margin of victory in the Gorton and Denton by-election be between 12% and 15%?,2026-01,2026-02,418,skip_related_family,Gorton and Denton by-election already retained as 1429620.
903798,Politics,1235180,Will the Democratic Party For the People win between 31 and 34 seats in the 2026 Japanese snap general election?,2026-01,2026-02,425,skip_related_family,Japan general election already retained as 1230748.
903798,Politics,1231078,Will LDP win a majority in the 2026 Japanese snap election?,2026-01,2026-02,432,skip_related_family,Japan general election already retained as 1230748.
903798,Politics,1235140,Will the Centrist Reform Alliance win fewer than 150 seats in the 2026 Japanese snap general election?,2026-01,2026-02,439,skip_related_family,Japan general election already retained as 1230748.
903798,Politics,1336685,Will the Liberal Democratic Party win by between 190 and 219 seats?,2026-01,2026-02,446,skip_related_family,Japan general election already retained as 1230748.
903798,Politics,654261,Will Zohran Mamdani get between 55% and 60% of the vote in the 2025 NYC mayoral election?,2026-01,2025-11,209,skip_related_family,Same NYC 2025 mayoral election as retained 563772 and others.
903798,Politics,668100,Will Salvador Nasralla win the 2025 Honduras presidential election?,2026-01,2025-11,221,skip_already_selected,Already retained or allocated to an earlier slot.
903798,Politics,670075,Will Franco Parisi come in fourth in the 1st round of the 2025 Chilean presidential election?,2026-01,2025-11,233,skip_related_family,Same Chile 2025 general election family as retained 668396; group concurrent legislature and presidential contests.
903798,Politics,588784,Will Sliwa or Adams get more votes?,2026-01,2025-11,245,skip_related_family,Same NYC 2025 mayoral election as retained 563772 and others.
903798,Politics,566989,Will DeWayne Davis win the 2025 Minneapolis mayoral election?,2026-01,2025-11,257,skip_already_selected,Already retained or allocated to an earlier slot.
903798,Politics,666470,Will Cambio por Chile gain the most seats in the Senate election?,2026-01,2025-11,268,skip_related_family,Same Chile 2025 general election family as retained 668396; group concurrent legislature and presidential contests.
903798,Politics,666146,Will Jeannette Jara win between 20% and 24% of votes in the first round?,2026-01,2025-11,278,skip_related_family,Same Chile 2025 general election family as retained 668396; group concurrent legislature and presidential contests.
903798,Politics,567138,Will Katie Wilson win the 2025 Seattle mayoral election?,2026-01,2025-11,287,skip_already_selected,Already retained or allocated to an earlier slot.
903798,Politics,571950,Will any presidential candidate win outright in the first round of the Chile's election?,2026-01,2025-11,296,skip_related_family,Same Chile 2025 general election family as retained 668396; group concurrent legislature and presidential contests.
903798,Politics,555813,Will Abigail Spanberger win the Virginia Governor Election in 2025,2026-01,2025-11,305,skip_already_selected,Already retained or allocated to an earlier slot.
903798,Politics,541622,Will José Antonio Kast win the Chilean presidential election?,2026-01,2025-11,313,skip_related_family,Same Chile 2025 general election family as retained 668396; group concurrent legislature and presidential contests.
903798,Politics,567121,Will Ed Flynn win the 2025 Boston mayoral election?,2026-01,2025-11,321,skip_prior_determination,"Ed Flynn declined the Boston mayoral race in January 2025, before the forecast; no longer an uncertain candidacy for this design."
903798,Politics,563789,Will Zohran Mamdani win 3 boroughs in the 2025 New York City Mayoral General Election?,2026-01,2025-11,329,skip_related_family,Same NYC 2025 mayoral election as retained 563772 and others.
903798,Politics,567009,Will Eileen Higgins win the 2025 Miami mayoral election?,2026-01,2025-11,337,skip_already_selected,Already retained or allocated to an earlier slot.
903798,Politics,666199,Will Johannes Kaiser win between 10% and 13% of votes in the first round?,2026-01,2025-11,344,skip_related_family,Same Chile 2025 general election family as retained 668396; group concurrent legislature and presidential contests.
903798,Politics,666455,Will Izquierda Ecologista Popular Animalista y Humanista hold the most seats in the Chamber of Deputies?,2026-01,2025-11,351,skip_related_family,Same Chile 2025 general election family as retained 668396; group concurrent legislature and presidential contests.
903798,Politics,654457,Will the Associated Press first call the 2025 New Jersey governor election before 8:00 PM ET on Nov 4 2025?,2026-01,2025-11,358,skip_scope,"Timing of a news organization call, not the election outcome."
903798,Politics,608442,Which party wins Virginia House of Delegates?,2026-01,2025-11,365,skip_related_new_selection,Same event family as an earlier replacement.
903798,Politics,593161,Will Mikie Sherrill win by 9-12%?,2026-01,2025-11,372,skip_related_family,Same New Jersey 2025 governor election as retained 551144.
903798,Politics,538928,Will Eric Adams win the 2025 NYC mayoral election?,2026-01,2025-11,379,skip_related_family,Same NYC 2025 mayoral election as retained 563772 and others.
903798,Politics,626729,Will voter turnout in the next New York City mayoral election be between 24–27%?,2026-01,2025-11,386,skip_related_family,Same NYC 2025 mayoral election as retained 563772 and others.
903798,Politics,558107,Will Mamdani get over 50% of the vote in the general mayoral election?,2026-01,2025-11,393,skip_related_family,Same NYC 2025 mayoral election as retained 563772 and others.
903798,Politics,567230,Will LaVerne Gore win the 2025 Cleveland mayoral election?,2026-01,2025-11,400,skip_already_selected,Already retained or allocated to an earlier slot.
903798,Politics,667039,Will Michelle Bachelet come in second in the 1st round of the 2025 Chilean presidential election?,2026-01,2025-11,407,skip_related_family,Same Chile 2025 general election family as retained 668396; group concurrent legislature and presidential contests.
903798,Politics,681513,Will turnout in the first round of the 2025 Chilean presidential election be between 75% and 78%?,2026-01,2025-11,414,skip_related_family,Same Chile 2025 general election family as retained 668396; group concurrent legislature and presidential contests.
903798,Politics,567184,Will Andre Dickens win the 2025 Atlanta mayoral election?,2026-01,2025-11,421,scope_eligible_timing_pending,"Full saved rules reviewed: public electoral contest. Actual date, final poll close and candidate participation remain unverified."
1733817,Politics,1570270,Will voter turnout be 68–71% in the 2026 Hungarian parliamentary election?,2026-04,2026-04,212,skip_related_family,Hungary parliamentary election already retained as 1570168 and others.
1733817,Politics,1656592,Will Yonhy Lescano finish in fourth place in the first round of the 2026 Peruvian presidential election?,2026-04,2026-04,224,skip_related_family,Peru general election already retained as 1665874 and others.
1733817,Politics,1004446,Will the Indian Union Muslim League (IUML) win 22 or more seats in the 2026 Kerala Legislative Assembly election?,2026-04,2026-04,236,scope_eligible_timing_pending,"Full saved rules reviewed: public electoral contest. Actual date, final poll close and candidate participation remain unverified."
1223254,Politics,1235514,Will Tô Lâm be the next President of Vietnam?,2026-01,2026-01,208,skip_scope,"Government formation, appointment, endorsement, announcement or departure; not a public electoral outcome."
1223254,Politics,695679,Will José Cardoso qualify for the second round of the 2026 Portugal presidential election?,2026-01,2026-01,220,skip_related_family,Same Portugal 2026 presidential election as retained 1065660 and others.
1223254,Politics,1065687,Will João Cotrim de Figueiredo win less than 10% of votes in the first round?,2026-01,2026-01,232,skip_related_family,Same Portugal 2026 presidential election as retained 1065660 and others.
1223254,Politics,683281,Will Nathan James Nandala Mafabi win the 2026 Ugandan presidential election?,2026-01,2026-01,244,skip_already_selected,Already retained or allocated to an earlier slot.
1223254,Politics,1065665,Will Henrique Gouveia e Melo win less than 12% of votes in the first round?,2026-01,2026-01,256,skip_related_family,Same Portugal 2026 presidential election as retained 1065660 and others.
1223254,Politics,617309,Paul Finebaum announces Alabama Senate run by December 31?,2026-01,2025-12,206,skip_scope,"Government formation, appointment, endorsement, announcement or departure; not a public electoral outcome."
1223254,Politics,739846,Will Cătălin Drulă get between 10% and 15% of the vote in the Bucharest Mayoral election?,2026-01,2025-12,218,skip_related_family,Same Bucharest mayoral election as retained 799377 and others.
1223254,Politics,693255,Will Franco Parisi endorse José Antonio Kast for President of Chile?,2026-01,2025-12,230,skip_scope,"Government formation, appointment, endorsement, announcement or departure; not a public electoral outcome."
1223254,Politics,562257,Romania Parliamentary Election called in 2025?,2026-01,2025-12,242,skip_scope,"Government formation, appointment, endorsement, announcement or departure; not a public electoral outcome."
1223254,Politics,530829,Mark Carney out as leader of Liberals in 2025?,2026-01,2025-12,254,skip_scope,"Government formation, appointment, endorsement, announcement or departure; not a public electoral outcome."
1223254,Politics,586028,Will Vincent Dixie win TN-7 Special Election?,2026-01,2025-12,266,skip_related_family,Same TN07 general special election as retained 695312.
1223254,Politics,704810,Will Ciucu win by 3-6%?,2026-01,2025-12,276,skip_related_family,Same Bucharest mayoral election as retained 799377 and others.
1223254,Politics,1245519,Will Partido Popular win 31-33 seats in the 2026 Aragon regional election?,2026-01,2026-02,202,skip_related_family,Aragon legislative election already retained as 1228027.
1223254,Politics,1271816,Will Palang Pracharath Party (PPRP) finish in third place by number of seats in the 2026 Thai legislative election?,2026-01,2026-02,214,skip_already_selected,Already retained or allocated to an earlier slot.
1223254,Politics,1230679,Will the Liberal Democratic Party win the second-most seats in the 2026 Japanese general election?,2026-01,2026-02,226,skip_related_family,Japan parliamentary election already retained as 1230748 and others.
1223254,Politics,670208,Will AY win the most seats in the 2026 Costa Rican Legislative Assembly election?,2026-01,2026-02,238,skip_related_family,Costa Rica general election family already retained as 676453 and others.
1223254,Politics,1336374,Will the Liberal Democratic Party win between 280 and 294 seats in the 2026 Japanese snap general election?,2026-01,2026-02,250,skip_related_family,Japan parliamentary election already retained as 1230748 and others.
1223254,Politics,1353128,Will the Bangladesh Jamaat-e-Islami (BJI) win between 70 and 99 seats in the Bangladesh parliamentary election?,2026-01,2026-02,262,skip_related_family,Bangladesh parliamentary election already retained as 1353145.
1223254,Politics,1271757,Will Democrat Party (DP) finish in second place by number of seats in the 2026 Thai legislative election?,2026-01,2026-02,272,skip_related_new_selection,Same event family as an earlier replacement.
1223254,Politics,706054,Will Tyler Paul Smith win the GA-14 special election?,2026-01,2026-02,282,skip_already_selected,Already retained or allocated to an earlier slot.
1223254,Politics,1231067,Will turnout in the 2026 Japanese snap election be below 50%?,2026-01,2026-02,291,skip_related_family,Japan parliamentary election already retained as 1230748 and others.
1223254,Politics,1272509,Will the People’s Party (PPLE) win between 135 and 149 seats in the 2026 Thai legislative election?,2026-01,2026-02,300,skip_related_new_selection,Same event family as an earlier replacement.
1223254,Politics,813511,Will FA win the second most seats in the 2026 Costa Rican Legislative Assembly election?,2026-01,2026-02,309,skip_related_family,Costa Rica general election family already retained as 676453 and others.
1223254,Politics,1230482,Will the Conservative Party of Japan loose any seats in Japanese snap election?,2026-01,2026-02,317,skip_related_family,Japan parliamentary election already retained as 1230748 and others.
1223254,Politics,1272536,Will the Bhumjaithai Party (BJT) win between 120 and 129 seats in the 2026 Thai legislative election?,2026-01,2026-02,325,skip_related_new_selection,Same event family as an earlier replacement.
1223254,Politics,1336956,Will Shafiqur Rahman be the next Prime Minister of Bangladesh after the Parliamentary election?,2026-01,2026-02,333,skip_scope,"Post-election appointment/coalition formation, not public electoral result."
1223254,Politics,1253235,Will any presidential candidate win outright in the first round of Costa Rica's presidential election?,2026-01,2026-02,341,skip_related_family,Costa Rica general election already retained as 676453.
1223254,Politics,1429452,Will Angeliki Stogia - Labour finish second in the Gorton and Denton by-election?,2026-01,2026-02,348,skip_related_family,Gorton and Denton by-election already retained as 1429620.
1223254,Politics,1230040,Will CRA win 173+ seats in the Japanese snap election?,2026-01,2026-02,355,skip_related_family,Japan general election already retained as 1230748.
1223254,Politics,1353119,Will the Bangladesh Nationalist Party (BNP) win between 100 and 149 seats in the Bangladesh parliamentary election?,2026-01,2026-02,362,skip_related_family,Bangladesh general election already retained as 1353145.
1223254,Politics,1343386,Will Gono Odhikar Parishad finish with the second most seats in the Bangladesh parliamentary election?,2026-01,2026-02,369,skip_related_family,Bangladesh general election already retained as 1353145.
1223254,Politics,787709,Will Cammie Croft be the Democratic nominee for the NJ-11 special election?,2026-01,2026-02,376,skip_related_family,New Jersey 11th special election family already retained as 1447597 (general); primary shares family.
1223254,Politics,1272553,Will the Pheu Thai Party (PT) win between 100 and 109 seats in the 2026 Thai legislative election?,2026-01,2026-02,383,skip_related_new_selection,Same event family as an earlier replacement.
1223254,Politics,1343422,Will the Bangladesh Nationalist Party finish with the third most seats in the Bangladesh parliamentary election?,2026-01,2026-02,390,skip_related_family,Bangladesh general election already retained as 1353145.
1223254,Politics,1278362,Will Bangladesh Jamaat-e-Islami (BJI) win the Bangladesh parliamentary election by between 3% and 6%?,2026-01,2026-02,397,skip_related_family,Bangladesh general election already retained as 1353145.
1223254,Politics,923045,Will United Thai Nation Party (UTN) win the most seats in the 2026 Thai legislative election?,2026-01,2026-02,404,skip_related_new_selection,Same event family as an earlier replacement.
1223254,Politics,1230804,Will Sanseitō be part of the governing coalition as a result of the 2026 Japanese snap election?,2026-01,2026-02,411,skip_scope,"Post-election appointment/coalition formation, not public electoral result."
1223254,Politics,1429731,Will the margin of victory in the Gorton and Denton by-election be between 12% and 15%?,2026-01,2026-02,418,skip_related_family,Gorton and Denton by-election already retained as 1429620.
1223254,Politics,1235180,Will the Democratic Party For the People win between 31 and 34 seats in the 2026 Japanese snap general election?,2026-01,2026-02,425,skip_related_family,Japan general election already retained as 1230748.
1223254,Politics,1231078,Will LDP win a majority in the 2026 Japanese snap election?,2026-01,2026-02,432,skip_related_family,Japan general election already retained as 1230748.
1223254,Politics,1235140,Will the Centrist Reform Alliance win fewer than 150 seats in the 2026 Japanese snap general election?,2026-01,2026-02,439,skip_related_family,Japan general election already retained as 1230748.
1223254,Politics,1336685,Will the Liberal Democratic Party win by between 190 and 219 seats?,2026-01,2026-02,446,skip_related_family,Japan general election already retained as 1230748.
1223254,Politics,654261,Will Zohran Mamdani get between 55% and 60% of the vote in the 2025 NYC mayoral election?,2026-01,2025-11,209,skip_related_family,Same NYC 2025 mayoral election as retained 563772 and others.
1223254,Politics,668100,Will Salvador Nasralla win the 2025 Honduras presidential election?,2026-01,2025-11,221,skip_already_selected,Already retained or allocated to an earlier slot.
1223254,Politics,670075,Will Franco Parisi come in fourth in the 1st round of the 2025 Chilean presidential election?,2026-01,2025-11,233,skip_related_family,Same Chile 2025 general election family as retained 668396; group concurrent legislature and presidential contests.
1223254,Politics,588784,Will Sliwa or Adams get more votes?,2026-01,2025-11,245,skip_related_family,Same NYC 2025 mayoral election as retained 563772 and others.
1223254,Politics,566989,Will DeWayne Davis win the 2025 Minneapolis mayoral election?,2026-01,2025-11,257,skip_already_selected,Already retained or allocated to an earlier slot.
1223254,Politics,666470,Will Cambio por Chile gain the most seats in the Senate election?,2026-01,2025-11,268,skip_related_family,Same Chile 2025 general election family as retained 668396; group concurrent legislature and presidential contests.
1223254,Politics,666146,Will Jeannette Jara win between 20% and 24% of votes in the first round?,2026-01,2025-11,278,skip_related_family,Same Chile 2025 general election family as retained 668396; group concurrent legislature and presidential contests.
1223254,Politics,567138,Will Katie Wilson win the 2025 Seattle mayoral election?,2026-01,2025-11,287,skip_already_selected,Already retained or allocated to an earlier slot.
1223254,Politics,571950,Will any presidential candidate win outright in the first round of the Chile's election?,2026-01,2025-11,296,skip_related_family,Same Chile 2025 general election family as retained 668396; group concurrent legislature and presidential contests.
1223254,Politics,555813,Will Abigail Spanberger win the Virginia Governor Election in 2025,2026-01,2025-11,305,skip_already_selected,Already retained or allocated to an earlier slot.
1223254,Politics,541622,Will José Antonio Kast win the Chilean presidential election?,2026-01,2025-11,313,skip_related_family,Same Chile 2025 general election family as retained 668396; group concurrent legislature and presidential contests.
1223254,Politics,567121,Will Ed Flynn win the 2025 Boston mayoral election?,2026-01,2025-11,321,skip_prior_determination,"Ed Flynn declined the Boston mayoral race in January 2025, before the forecast; no longer an uncertain candidacy for this design."
1223254,Politics,563789,Will Zohran Mamdani win 3 boroughs in the 2025 New York City Mayoral General Election?,2026-01,2025-11,329,skip_related_family,Same NYC 2025 mayoral election as retained 563772 and others.
1223254,Politics,567009,Will Eileen Higgins win the 2025 Miami mayoral election?,2026-01,2025-11,337,skip_already_selected,Already retained or allocated to an earlier slot.
1223254,Politics,666199,Will Johannes Kaiser win between 10% and 13% of votes in the first round?,2026-01,2025-11,344,skip_related_family,Same Chile 2025 general election family as retained 668396; group concurrent legislature and presidential contests.
1223254,Politics,666455,Will Izquierda Ecologista Popular Animalista y Humanista hold the most seats in the Chamber of Deputies?,2026-01,2025-11,351,skip_related_family,Same Chile 2025 general election family as retained 668396; group concurrent legislature and presidential contests.
1223254,Politics,654457,Will the Associated Press first call the 2025 New Jersey governor election before 8:00 PM ET on Nov 4 2025?,2026-01,2025-11,358,skip_scope,"Timing of a news organization call, not the election outcome."
1223254,Politics,608442,Which party wins Virginia House of Delegates?,2026-01,2025-11,365,skip_related_new_selection,Same event family as an earlier replacement.
1223254,Politics,593161,Will Mikie Sherrill win by 9-12%?,2026-01,2025-11,372,skip_related_family,Same New Jersey 2025 governor election as retained 551144.
1223254,Politics,538928,Will Eric Adams win the 2025 NYC mayoral election?,2026-01,2025-11,379,skip_related_family,Same NYC 2025 mayoral election as retained 563772 and others.
1223254,Politics,626729,Will voter turnout in the next New York City mayoral election be between 24–27%?,2026-01,2025-11,386,skip_related_family,Same NYC 2025 mayoral election as retained 563772 and others.
1223254,Politics,558107,Will Mamdani get over 50% of the vote in the general mayoral election?,2026-01,2025-11,393,skip_related_family,Same NYC 2025 mayoral election as retained 563772 and others.
1223254,Politics,567230,Will LaVerne Gore win the 2025 Cleveland mayoral election?,2026-01,2025-11,400,skip_already_selected,Already retained or allocated to an earlier slot.
1223254,Politics,667039,Will Michelle Bachelet come in second in the 1st round of the 2025 Chilean presidential election?,2026-01,2025-11,407,skip_related_family,Same Chile 2025 general election family as retained 668396; group concurrent legislature and presidential contests.
1223254,Politics,681513,Will turnout in the first round of the 2025 Chilean presidential election be between 75% and 78%?,2026-01,2025-11,414,skip_related_family,Same Chile 2025 general election family as retained 668396; group concurrent legislature and presidential contests.
1223254,Politics,567184,Will Andre Dickens win the 2025 Atlanta mayoral election?,2026-01,2025-11,421,skip_already_selected,Already retained or allocated to an earlier slot.
1223254,Politics,666205,Will Jeannette Jara and Johannes Kaiser advance to the runoff?,2026-01,2025-11,428,skip_related_family,Same Chile 2025 general election family as retained 668396; group concurrent legislature and presidential contests.
1223254,Politics,666167,Will José Antonio Kast win between 24% and 28% of votes in the first round?,2026-01,2025-11,435,skip_related_family,Same Chile 2025 general election family as retained 668396; group concurrent legislature and presidential contests.
1223254,Politics,666123,Will turnout in the first round of the 2025 Chilean presidential election be between 47% and 49%?,2026-01,2025-11,442,skip_related_family,Same Chile 2025 general election family as retained 668396; group concurrent legislature and presidential contests.
1223254,Politics,666160,Will Evelyn Matthei win between 12% and 15% of votes in the first round?,2026-01,2025-11,449,skip_related_family,Same Chile 2025 general election family as retained 668396; group concurrent legislature and presidential contests.
1223254,Politics,567245,Will Tony Moreno win the 2025 Pittsburgh mayoral election?,2026-01,2025-11,455,scope_eligible_timing_pending,Public electoral outcome. Title and named candidate identify Pittsburgh; AP confirms Moreno contested Pittsburgh. Cleveland rules text retained as an inferred copy/paste error; retain flag for author review.
1123367,Politics,679228,Will Michael Swanson be the Democratic nominee for Senate in Texas?,2026-03,2026-03,204,skip_related_family,Texas Democratic Senate primary already retained as 1329055.
1123367,Politics,1449809,Will Student & Starter (StuSta) win the most seats in Utrecht’s 2026 municipal election?,2026-03,2026-03,216,skip_already_selected,Already retained or allocated to an earlier slot.
1123367,Politics,813537,2026 U.S. House Election: Republican Odds over 40% by March 31?,2026-03,2026-03,228,skip_scope,"Derivative price threshold, not real-world electoral outcome."
1123367,Politics,1501172,Will PH win the second most seats in the 2026 Colombian Chamber of Representatives election?,2026-03,2026-03,240,skip_related_family,Colombia parliamentary election family already retained as 1501807.
1123367,Politics,1192583,Will Erwann Davoux win the Marseille mayor election?,2026-03,2026-03,252,skip_scope,Mayor chosen by municipal councillors; apply approved public-electoral-contest scope consistently with Lyon.
1123367,Politics,1572667,Will Sarah Knafo advance to the second round of the 2026 Paris municipal election?,2026-03,2026-03,264,scope_eligible_timing_pending,"Full saved rules reviewed: public electoral contest. Actual date, final poll close and candidate participation remain unverified."
1349138,Politics,1245519,Will Partido Popular win 31-33 seats in the 2026 Aragon regional election?,2026-02,2026-02,202,skip_related_family,Aragon legislative election already retained as 1228027.
1349138,Politics,1271816,Will Palang Pracharath Party (PPRP) finish in third place by number of seats in the 2026 Thai legislative election?,2026-02,2026-02,214,skip_already_selected,Already retained or allocated to an earlier slot.
1349138,Politics,1230679,Will the Liberal Democratic Party win the second-most seats in the 2026 Japanese general election?,2026-02,2026-02,226,skip_related_family,Japan parliamentary election already retained as 1230748 and others.
1349138,Politics,670208,Will AY win the most seats in the 2026 Costa Rican Legislative Assembly election?,2026-02,2026-02,238,skip_related_family,Costa Rica general election family already retained as 676453 and others.
1349138,Politics,1336374,Will the Liberal Democratic Party win between 280 and 294 seats in the 2026 Japanese snap general election?,2026-02,2026-02,250,skip_related_family,Japan parliamentary election already retained as 1230748 and others.
1349138,Politics,1353128,Will the Bangladesh Jamaat-e-Islami (BJI) win between 70 and 99 seats in the Bangladesh parliamentary election?,2026-02,2026-02,262,skip_related_family,Bangladesh parliamentary election already retained as 1353145.
1349138,Politics,1271757,Will Democrat Party (DP) finish in second place by number of seats in the 2026 Thai legislative election?,2026-02,2026-02,272,skip_related_new_selection,Same event family as an earlier replacement.
1349138,Politics,706054,Will Tyler Paul Smith win the GA-14 special election?,2026-02,2026-02,282,skip_already_selected,Already retained or allocated to an earlier slot.
1349138,Politics,1231067,Will turnout in the 2026 Japanese snap election be below 50%?,2026-02,2026-02,291,skip_related_family,Japan parliamentary election already retained as 1230748 and others.
1349138,Politics,1272509,Will the People’s Party (PPLE) win between 135 and 149 seats in the 2026 Thai legislative election?,2026-02,2026-02,300,skip_related_new_selection,Same event family as an earlier replacement.
1349138,Politics,813511,Will FA win the second most seats in the 2026 Costa Rican Legislative Assembly election?,2026-02,2026-02,309,skip_related_family,Costa Rica general election family already retained as 676453 and others.
1349138,Politics,1230482,Will the Conservative Party of Japan loose any seats in Japanese snap election?,2026-02,2026-02,317,skip_related_family,Japan parliamentary election already retained as 1230748 and others.
1349138,Politics,1272536,Will the Bhumjaithai Party (BJT) win between 120 and 129 seats in the 2026 Thai legislative election?,2026-02,2026-02,325,skip_related_new_selection,Same event family as an earlier replacement.
1349138,Politics,1336956,Will Shafiqur Rahman be the next Prime Minister of Bangladesh after the Parliamentary election?,2026-02,2026-02,333,skip_scope,"Post-election appointment/coalition formation, not public electoral result."
1349138,Politics,1253235,Will any presidential candidate win outright in the first round of Costa Rica's presidential election?,2026-02,2026-02,341,skip_related_family,Costa Rica general election already retained as 676453.
1349138,Politics,1429452,Will Angeliki Stogia - Labour finish second in the Gorton and Denton by-election?,2026-02,2026-02,348,skip_related_family,Gorton and Denton by-election already retained as 1429620.
1349138,Politics,1230040,Will CRA win 173+ seats in the Japanese snap election?,2026-02,2026-02,355,skip_related_family,Japan general election already retained as 1230748.
1349138,Politics,1353119,Will the Bangladesh Nationalist Party (BNP) win between 100 and 149 seats in the Bangladesh parliamentary election?,2026-02,2026-02,362,skip_related_family,Bangladesh general election already retained as 1353145.
1349138,Politics,1343386,Will Gono Odhikar Parishad finish with the second most seats in the Bangladesh parliamentary election?,2026-02,2026-02,369,skip_related_family,Bangladesh general election already retained as 1353145.
1349138,Politics,787709,Will Cammie Croft be the Democratic nominee for the NJ-11 special election?,2026-02,2026-02,376,skip_related_family,New Jersey 11th special election family already retained as 1447597 (general); primary shares family.
1349138,Politics,1272553,Will the Pheu Thai Party (PT) win between 100 and 109 seats in the 2026 Thai legislative election?,2026-02,2026-02,383,skip_related_new_selection,Same event family as an earlier replacement.
1349138,Politics,1343422,Will the Bangladesh Nationalist Party finish with the third most seats in the Bangladesh parliamentary election?,2026-02,2026-02,390,skip_related_family,Bangladesh general election already retained as 1353145.
1349138,Politics,1278362,Will Bangladesh Jamaat-e-Islami (BJI) win the Bangladesh parliamentary election by between 3% and 6%?,2026-02,2026-02,397,skip_related_family,Bangladesh general election already retained as 1353145.
1349138,Politics,923045,Will United Thai Nation Party (UTN) win the most seats in the 2026 Thai legislative election?,2026-02,2026-02,404,skip_related_new_selection,Same event family as an earlier replacement.
1349138,Politics,1230804,Will Sanseitō be part of the governing coalition as a result of the 2026 Japanese snap election?,2026-02,2026-02,411,skip_scope,"Post-election appointment/coalition formation, not public electoral result."
1349138,Politics,1429731,Will the margin of victory in the Gorton and Denton by-election be between 12% and 15%?,2026-02,2026-02,418,skip_related_family,Gorton and Denton by-election already retained as 1429620.
1349138,Politics,1235180,Will the Democratic Party For the People win between 31 and 34 seats in the 2026 Japanese snap general election?,2026-02,2026-02,425,skip_related_family,Japan general election already retained as 1230748.
1349138,Politics,1231078,Will LDP win a majority in the 2026 Japanese snap election?,2026-02,2026-02,432,skip_related_family,Japan general election already retained as 1230748.
1349138,Politics,1235140,Will the Centrist Reform Alliance win fewer than 150 seats in the 2026 Japanese snap general election?,2026-02,2026-02,439,skip_related_family,Japan general election already retained as 1230748.
1349138,Politics,1336685,Will the Liberal Democratic Party win by between 190 and 219 seats?,2026-02,2026-02,446,skip_related_family,Japan general election already retained as 1230748.
1349138,Politics,1235514,Will Tô Lâm be the next President of Vietnam?,2026-02,2026-01,208,skip_scope,"Government formation, appointment, endorsement, announcement or departure; not a public electoral outcome."
1349138,Politics,695679,Will José Cardoso qualify for the second round of the 2026 Portugal presidential election?,2026-02,2026-01,220,skip_related_family,Same Portugal 2026 presidential election as retained 1065660 and others.
1349138,Politics,1065687,Will João Cotrim de Figueiredo win less than 10% of votes in the first round?,2026-02,2026-01,232,skip_related_family,Same Portugal 2026 presidential election as retained 1065660 and others.
1349138,Politics,683281,Will Nathan James Nandala Mafabi win the 2026 Ugandan presidential election?,2026-02,2026-01,244,skip_already_selected,Already retained or allocated to an earlier slot.
1349138,Politics,1065665,Will Henrique Gouveia e Melo win less than 12% of votes in the first round?,2026-02,2026-01,256,skip_related_family,Same Portugal 2026 presidential election as retained 1065660 and others.
1349138,Politics,679228,Will Michael Swanson be the Democratic nominee for Senate in Texas?,2026-02,2026-03,204,skip_related_family,Texas Democratic Senate primary already retained as 1329055.
1349138,Politics,1449809,Will Student & Starter (StuSta) win the most seats in Utrecht’s 2026 municipal election?,2026-02,2026-03,216,skip_already_selected,Already retained or allocated to an earlier slot.
1349138,Politics,813537,2026 U.S. House Election: Republican Odds over 40% by March 31?,2026-02,2026-03,228,skip_scope,"Derivative price threshold, not real-world electoral outcome."
1349138,Politics,1501172,Will PH win the second most seats in the 2026 Colombian Chamber of Representatives election?,2026-02,2026-03,240,skip_related_family,Colombia parliamentary election family already retained as 1501807.
1349138,Politics,1192583,Will Erwann Davoux win the Marseille mayor election?,2026-02,2026-03,252,skip_scope,Mayor chosen by municipal councillors; apply approved public-electoral-contest scope consistently with Lyon.
1349138,Politics,1572667,Will Sarah Knafo advance to the second round of the 2026 Paris municipal election?,2026-02,2026-03,264,skip_already_selected,Already retained or allocated to an earlier slot.
1349138,Politics,1569018,Will Inuit Ataqatigiit win the third most seats in the Danish Folketing in the 2026 Danish general election?,2026-02,2026-03,274,skip_related_family,Denmark parliamentary election already retained as 1568944.
1349138,Politics,1364011,Will CDU win the second most seats in the 2026 Rhineland-Palatinate parliamentary elections?,2026-02,2026-03,284,scope_eligible_timing_pending,"Full saved rules reviewed: public electoral contest. Actual date, final poll close and candidate participation remain unverified."
608208,Politics,654261,Will Zohran Mamdani get between 55% and 60% of the vote in the 2025 NYC mayoral election?,2025-11,2025-11,209,skip_related_family,Same NYC 2025 mayoral election as retained 563772 and others.
608208,Politics,668100,Will Salvador Nasralla win the 2025 Honduras presidential election?,2025-11,2025-11,221,skip_already_selected,Already retained or allocated to an earlier slot.
608208,Politics,670075,Will Franco Parisi come in fourth in the 1st round of the 2025 Chilean presidential election?,2025-11,2025-11,233,skip_related_family,Same Chile 2025 general election family as retained 668396; group concurrent legislature and presidential contests.
608208,Politics,588784,Will Sliwa or Adams get more votes?,2025-11,2025-11,245,skip_related_family,Same NYC 2025 mayoral election as retained 563772 and others.
608208,Politics,566989,Will DeWayne Davis win the 2025 Minneapolis mayoral election?,2025-11,2025-11,257,skip_already_selected,Already retained or allocated to an earlier slot.
608208,Politics,666470,Will Cambio por Chile gain the most seats in the Senate election?,2025-11,2025-11,268,skip_related_family,Same Chile 2025 general election family as retained 668396; group concurrent legislature and presidential contests.
608208,Politics,666146,Will Jeannette Jara win between 20% and 24% of votes in the first round?,2025-11,2025-11,278,skip_related_family,Same Chile 2025 general election family as retained 668396; group concurrent legislature and presidential contests.
608208,Politics,567138,Will Katie Wilson win the 2025 Seattle mayoral election?,2025-11,2025-11,287,skip_already_selected,Already retained or allocated to an earlier slot.
608208,Politics,571950,Will any presidential candidate win outright in the first round of the Chile's election?,2025-11,2025-11,296,skip_related_family,Same Chile 2025 general election family as retained 668396; group concurrent legislature and presidential contests.
608208,Politics,555813,Will Abigail Spanberger win the Virginia Governor Election in 2025,2025-11,2025-11,305,skip_already_selected,Already retained or allocated to an earlier slot.
608208,Politics,541622,Will José Antonio Kast win the Chilean presidential election?,2025-11,2025-11,313,skip_related_family,Same Chile 2025 general election family as retained 668396; group concurrent legislature and presidential contests.
608208,Politics,567121,Will Ed Flynn win the 2025 Boston mayoral election?,2025-11,2025-11,321,skip_prior_determination,"Ed Flynn declined the Boston mayoral race in January 2025, before the forecast; no longer an uncertain candidacy for this design."
608208,Politics,563789,Will Zohran Mamdani win 3 boroughs in the 2025 New York City Mayoral General Election?,2025-11,2025-11,329,skip_related_family,Same NYC 2025 mayoral election as retained 563772 and others.
608208,Politics,567009,Will Eileen Higgins win the 2025 Miami mayoral election?,2025-11,2025-11,337,skip_already_selected,Already retained or allocated to an earlier slot.
608208,Politics,666199,Will Johannes Kaiser win between 10% and 13% of votes in the first round?,2025-11,2025-11,344,skip_related_family,Same Chile 2025 general election family as retained 668396; group concurrent legislature and presidential contests.
608208,Politics,666455,Will Izquierda Ecologista Popular Animalista y Humanista hold the most seats in the Chamber of Deputies?,2025-11,2025-11,351,skip_related_family,Same Chile 2025 general election family as retained 668396; group concurrent legislature and presidential contests.
608208,Politics,654457,Will the Associated Press first call the 2025 New Jersey governor election before 8:00 PM ET on Nov 4 2025?,2025-11,2025-11,358,skip_scope,"Timing of a news organization call, not the election outcome."
608208,Politics,608442,Which party wins Virginia House of Delegates?,2025-11,2025-11,365,skip_related_new_selection,Same event family as an earlier replacement.
608208,Politics,593161,Will Mikie Sherrill win by 9-12%?,2025-11,2025-11,372,skip_related_family,Same New Jersey 2025 governor election as retained 551144.
608208,Politics,538928,Will Eric Adams win the 2025 NYC mayoral election?,2025-11,2025-11,379,skip_related_family,Same NYC 2025 mayoral election as retained 563772 and others.
608208,Politics,626729,Will voter turnout in the next New York City mayoral election be between 24–27%?,2025-11,2025-11,386,skip_related_family,Same NYC 2025 mayoral election as retained 563772 and others.
608208,Politics,558107,Will Mamdani get over 50% of the vote in the general mayoral election?,2025-11,2025-11,393,skip_related_family,Same NYC 2025 mayoral election as retained 563772 and others.
608208,Politics,567230,Will LaVerne Gore win the 2025 Cleveland mayoral election?,2025-11,2025-11,400,skip_already_selected,Already retained or allocated to an earlier slot.
608208,Politics,667039,Will Michelle Bachelet come in second in the 1st round of the 2025 Chilean presidential election?,2025-11,2025-11,407,skip_related_family,Same Chile 2025 general election family as retained 668396; group concurrent legislature and presidential contests.
608208,Politics,681513,Will turnout in the first round of the 2025 Chilean presidential election be between 75% and 78%?,2025-11,2025-11,414,skip_related_family,Same Chile 2025 general election family as retained 668396; group concurrent legislature and presidential contests.
608208,Politics,567184,Will Andre Dickens win the 2025 Atlanta mayoral election?,2025-11,2025-11,421,skip_already_selected,Already retained or allocated to an earlier slot.
608208,Politics,666205,Will Jeannette Jara and Johannes Kaiser advance to the runoff?,2025-11,2025-11,428,skip_related_family,Same Chile 2025 general election family as retained 668396; group concurrent legislature and presidential contests.
608208,Politics,666167,Will José Antonio Kast win between 24% and 28% of votes in the first round?,2025-11,2025-11,435,skip_related_family,Same Chile 2025 general election family as retained 668396; group concurrent legislature and presidential contests.
608208,Politics,666123,Will turnout in the first round of the 2025 Chilean presidential election be between 47% and 49%?,2025-11,2025-11,442,skip_related_family,Same Chile 2025 general election family as retained 668396; group concurrent legislature and presidential contests.
608208,Politics,666160,Will Evelyn Matthei win between 12% and 15% of votes in the first round?,2025-11,2025-11,449,skip_related_family,Same Chile 2025 general election family as retained 668396; group concurrent legislature and presidential contests.
608208,Politics,567245,Will Tony Moreno win the 2025 Pittsburgh mayoral election?,2025-11,2025-11,455,skip_already_selected,Already retained or allocated to an earlier slot.
608208,Politics,623207,Will Jason Miyares win the 2025 Virginia Attorney General election?,2025-11,2025-11,461,skip_related_new_selection,Same event family as an earlier replacement.
608208,Politics,567166,Will Saunteel Jenkins win the 2025 Detroit mayoral election?,2025-11,2025-11,466,skip_prior_determination,"Jenkins eliminated in August 5 primary, before November general-election cutoff and study window."
608208,Politics,666131,Will Jara win by 0-3%?,2025-11,2025-11,471,skip_related_family,Same Chile 2025 general election family as retained 668396; group concurrent legislature and presidential contests.
608208,Politics,571956,Will Eduardo Artés win the 1st round of the 2025 Chilean presidential election?,2025-11,2025-11,476,skip_related_family,Same Chile 2025 general election family as retained 668396; group concurrent legislature and presidential contests.
608208,Politics,585984,Will Cyrus Sajna win TX-18 Special Election?,2025-11,2025-11,481,skip_related_family,Same TX18 special election family as retained 1271645 runoff.
608208,Politics,556016,Will Curtis Sliwa drop out?,2025-11,2025-11,486,skip_scope,Candidate withdrawal announcement.
608208,Politics,593165,Will Abigail Spanberger win by 6-9%?,2025-11,2025-11,491,skip_related_new_selection,Same event family as an earlier replacement.
608208,Politics,590864,Will Democrats win between 50 and 54 seats in the 2025 Virginia House of Delegates election?,2025-11,2025-11,496,skip_related_new_selection,Same event family as an earlier replacement.
608208,Politics,578064,"Will Jorge ""Tuto"" Quiroga win by 10–15%?",2025-11,2025-10,205,skip_related_family,Same 2025 Bolivia presidential election family as retained 543268 (different round; keep grouped).
608208,Politics,586581,Will PvdD be part of the next Government of the Netherlands?,2025-11,2025-10,217,skip_scope,"Government formation, appointment, endorsement, announcement or departure; not a public electoral outcome."
608208,Politics,587437,Will Roberto Occhiuto win Calabria Regional Election?,2025-11,2025-10,229,skip_already_selected,Already retained or allocated to an earlier slot.
608208,Politics,580912,ANO wins 33% or more of vote in Czech election?,2025-11,2025-10,241,skip_related_family,Same Czech 2025 parliamentary election as retained 530746 and others.
608208,Politics,580918,Pirates wins 10% or more of vote in Czech election?,2025-11,2025-10,253,skip_related_family,Same Czech 2025 parliamentary election as retained 530746 and others.
608208,Politics,648705,Netherlands Parliamentary Election: D66 vs VVD,2025-11,2025-10,265,skip_related_family,Same Netherlands 2025 parliamentary election as retained 641171 and others.
608208,Politics,648703,Will D66 win 20 or more seats in the 2025 Netherlands parliamentary election?,2025-11,2025-10,275,skip_related_family,Same Netherlands 2025 parliamentary election as retained 641171 and others.
608208,Politics,648697,Will VVD win 14–15 seats in the 2025 Netherlands parliamentary election?,2025-11,2025-10,285,skip_related_family,Same Netherlands 2025 parliamentary election as retained 641171 and others.
608208,Politics,580920,Will turnout be less than 60% in the Czech election?,2025-11,2025-10,294,skip_related_family,Same Czech 2025 parliamentary election as retained 530746 and others.
608208,Politics,648695,Will JA21 win 13 or more seats in the 2025 Netherlands parliamentary election?,2025-11,2025-10,303,skip_related_family,Same Netherlands 2025 parliamentary election as retained 641171 and others.
608208,Politics,580914,SPOLU wins 20% or more of vote in Czech election?,2025-11,2025-10,312,skip_related_family,Same Czech 2025 parliamentary election as retained 530746 and others.
608208,Politics,580869,Will Starostové get less than 7% of the vote in the Czech election?,2025-11,2025-10,320,skip_related_family,Same Czech 2025 parliamentary election as retained 530746 and others.
608208,Politics,580928,Will Karel Havlíček be the next Prime Minister of the Czech Republic after the elections?,2025-11,2025-10,328,skip_scope,"Government formation, appointment, endorsement, announcement or departure; not a public electoral outcome."
608208,Politics,580916,SPD wins 14% or more of vote in Czech election?,2025-11,2025-10,336,skip_related_family,Same Czech 2025 parliamentary election as retained 530746 and others.
608208,Politics,617309,Paul Finebaum announces Alabama Senate run by December 31?,2025-11,2025-12,206,skip_scope,"Government formation, appointment, endorsement, announcement or departure; not a public electoral outcome."
608208,Politics,739846,Will Cătălin Drulă get between 10% and 15% of the vote in the Bucharest Mayoral election?,2025-11,2025-12,218,skip_related_family,Same Bucharest mayoral election as retained 799377 and others.
608208,Politics,693255,Will Franco Parisi endorse José Antonio Kast for President of Chile?,2025-11,2025-12,230,skip_scope,"Government formation, appointment, endorsement, announcement or departure; not a public electoral outcome."
608208,Politics,562257,Romania Parliamentary Election called in 2025?,2025-11,2025-12,242,skip_scope,"Government formation, appointment, endorsement, announcement or departure; not a public electoral outcome."
608208,Politics,530829,Mark Carney out as leader of Liberals in 2025?,2025-11,2025-12,254,skip_scope,"Government formation, appointment, endorsement, announcement or departure; not a public electoral outcome."
608208,Politics,586028,Will Vincent Dixie win TN-7 Special Election?,2025-11,2025-12,266,skip_related_family,Same TN07 general special election as retained 695312.
608208,Politics,704810,Will Ciucu win by 3-6%?,2025-11,2025-12,276,skip_related_family,Same Bucharest mayoral election as retained 799377 and others.
608208,Politics,545313,Will the Patriotic Electoral Bloc win the most seats in the 2025 Moldova parliamentary election?,2025-11,2025-09,201,skip_already_selected,Already retained or allocated to an earlier slot.
608208,Politics,586007,Will Eduardo Quintana win AZ-7 Special Election?,2025-11,2025-09,213,scope_eligible_timing_pending,"Full saved rules reviewed: public electoral contest. Actual date, final poll close and candidate participation remain unverified."
1572249,Politics,1570270,Will voter turnout be 68–71% in the 2026 Hungarian parliamentary election?,2026-04,2026-04,212,skip_related_family,Hungary parliamentary election already retained as 1570168 and others.
1572249,Politics,1656592,Will Yonhy Lescano finish in fourth place in the first round of the 2026 Peruvian presidential election?,2026-04,2026-04,224,skip_related_family,Peru general election already retained as 1665874 and others.
1572249,Politics,1004446,Will the Indian Union Muslim League (IUML) win 22 or more seats in the 2026 Kerala Legislative Assembly election?,2026-04,2026-04,236,skip_already_selected,Already retained or allocated to an earlier slot.
1572249,Politics,1897466,Will the Virginia constitutional amendment referendum fail to pass?,2026-04,2026-04,248,scope_eligible_timing_pending,"Full saved rules reviewed: public electoral contest. Actual date, final poll close and candidate participation remain unverified."
2474711,Politics,2822304,Will Katherine Haley be the Arizona State Treasurer Republican nominee?,2026-07,2026-07,207,skip_already_selected,Already retained or allocated to an earlier slot.
2474711,Politics,2773375,Will Mark Rhoades Buckton win the 2026 Norfolk Police and Crime Commissioner by-election?,2026-07,2026-07,219,scope_eligible_timing_pending,"Full saved rules reviewed: public electoral contest. Actual date, final poll close and candidate participation remain unverified."
909070,Politics,3191744,Kazakhstan Kurultai Election: Adilet Wins Majority?,2026-08,2026-08,211,scope_eligible_timing_pending,"Full saved rules reviewed: public electoral contest. Actual date, final poll close and candidate participation remain unverified."
586566,Politics,617309,Paul Finebaum announces Alabama Senate run by December 31?,2025-12,2025-12,206,skip_scope,"Government formation, appointment, endorsement, announcement or departure; not a public electoral outcome."
586566,Politics,739846,Will Cătălin Drulă get between 10% and 15% of the vote in the Bucharest Mayoral election?,2025-12,2025-12,218,skip_related_family,Same Bucharest mayoral election as retained 799377 and others.
586566,Politics,693255,Will Franco Parisi endorse José Antonio Kast for President of Chile?,2025-12,2025-12,230,skip_scope,"Government formation, appointment, endorsement, announcement or departure; not a public electoral outcome."
586566,Politics,562257,Romania Parliamentary Election called in 2025?,2025-12,2025-12,242,skip_scope,"Government formation, appointment, endorsement, announcement or departure; not a public electoral outcome."
586566,Politics,530829,Mark Carney out as leader of Liberals in 2025?,2025-12,2025-12,254,skip_scope,"Government formation, appointment, endorsement, announcement or departure; not a public electoral outcome."
586566,Politics,586028,Will Vincent Dixie win TN-7 Special Election?,2025-12,2025-12,266,skip_related_family,Same TN07 general special election as retained 695312.
586566,Politics,704810,Will Ciucu win by 3-6%?,2025-12,2025-12,276,skip_related_family,Same Bucharest mayoral election as retained 799377 and others.
586566,Politics,654261,Will Zohran Mamdani get between 55% and 60% of the vote in the 2025 NYC mayoral election?,2025-12,2025-11,209,skip_related_family,Same NYC 2025 mayoral election as retained 563772 and others.
586566,Politics,668100,Will Salvador Nasralla win the 2025 Honduras presidential election?,2025-12,2025-11,221,skip_already_selected,Already retained or allocated to an earlier slot.
586566,Politics,670075,Will Franco Parisi come in fourth in the 1st round of the 2025 Chilean presidential election?,2025-12,2025-11,233,skip_related_family,Same Chile 2025 general election family as retained 668396; group concurrent legislature and presidential contests.
586566,Politics,588784,Will Sliwa or Adams get more votes?,2025-12,2025-11,245,skip_related_family,Same NYC 2025 mayoral election as retained 563772 and others.
586566,Politics,566989,Will DeWayne Davis win the 2025 Minneapolis mayoral election?,2025-12,2025-11,257,skip_already_selected,Already retained or allocated to an earlier slot.
586566,Politics,666470,Will Cambio por Chile gain the most seats in the Senate election?,2025-12,2025-11,268,skip_related_family,Same Chile 2025 general election family as retained 668396; group concurrent legislature and presidential contests.
586566,Politics,666146,Will Jeannette Jara win between 20% and 24% of votes in the first round?,2025-12,2025-11,278,skip_related_family,Same Chile 2025 general election family as retained 668396; group concurrent legislature and presidential contests.
586566,Politics,567138,Will Katie Wilson win the 2025 Seattle mayoral election?,2025-12,2025-11,287,skip_already_selected,Already retained or allocated to an earlier slot.
586566,Politics,571950,Will any presidential candidate win outright in the first round of the Chile's election?,2025-12,2025-11,296,skip_related_family,Same Chile 2025 general election family as retained 668396; group concurrent legislature and presidential contests.
586566,Politics,555813,Will Abigail Spanberger win the Virginia Governor Election in 2025,2025-12,2025-11,305,skip_already_selected,Already retained or allocated to an earlier slot.
586566,Politics,541622,Will José Antonio Kast win the Chilean presidential election?,2025-12,2025-11,313,skip_related_family,Same Chile 2025 general election family as retained 668396; group concurrent legislature and presidential contests.
586566,Politics,567121,Will Ed Flynn win the 2025 Boston mayoral election?,2025-12,2025-11,321,skip_prior_determination,"Ed Flynn declined the Boston mayoral race in January 2025, before the forecast; no longer an uncertain candidacy for this design."
586566,Politics,563789,Will Zohran Mamdani win 3 boroughs in the 2025 New York City Mayoral General Election?,2025-12,2025-11,329,skip_related_family,Same NYC 2025 mayoral election as retained 563772 and others.
586566,Politics,567009,Will Eileen Higgins win the 2025 Miami mayoral election?,2025-12,2025-11,337,skip_already_selected,Already retained or allocated to an earlier slot.
586566,Politics,666199,Will Johannes Kaiser win between 10% and 13% of votes in the first round?,2025-12,2025-11,344,skip_related_family,Same Chile 2025 general election family as retained 668396; group concurrent legislature and presidential contests.
586566,Politics,666455,Will Izquierda Ecologista Popular Animalista y Humanista hold the most seats in the Chamber of Deputies?,2025-12,2025-11,351,skip_related_family,Same Chile 2025 general election family as retained 668396; group concurrent legislature and presidential contests.
586566,Politics,654457,Will the Associated Press first call the 2025 New Jersey governor election before 8:00 PM ET on Nov 4 2025?,2025-12,2025-11,358,skip_scope,"Timing of a news organization call, not the election outcome."
586566,Politics,608442,Which party wins Virginia House of Delegates?,2025-12,2025-11,365,skip_related_new_selection,Same event family as an earlier replacement.
586566,Politics,593161,Will Mikie Sherrill win by 9-12%?,2025-12,2025-11,372,skip_related_family,Same New Jersey 2025 governor election as retained 551144.
586566,Politics,538928,Will Eric Adams win the 2025 NYC mayoral election?,2025-12,2025-11,379,skip_related_family,Same NYC 2025 mayoral election as retained 563772 and others.
586566,Politics,626729,Will voter turnout in the next New York City mayoral election be between 24–27%?,2025-12,2025-11,386,skip_related_family,Same NYC 2025 mayoral election as retained 563772 and others.
586566,Politics,558107,Will Mamdani get over 50% of the vote in the general mayoral election?,2025-12,2025-11,393,skip_related_family,Same NYC 2025 mayoral election as retained 563772 and others.
586566,Politics,567230,Will LaVerne Gore win the 2025 Cleveland mayoral election?,2025-12,2025-11,400,skip_already_selected,Already retained or allocated to an earlier slot.
586566,Politics,667039,Will Michelle Bachelet come in second in the 1st round of the 2025 Chilean presidential election?,2025-12,2025-11,407,skip_related_family,Same Chile 2025 general election family as retained 668396; group concurrent legislature and presidential contests.
586566,Politics,681513,Will turnout in the first round of the 2025 Chilean presidential election be between 75% and 78%?,2025-12,2025-11,414,skip_related_family,Same Chile 2025 general election family as retained 668396; group concurrent legislature and presidential contests.
586566,Politics,567184,Will Andre Dickens win the 2025 Atlanta mayoral election?,2025-12,2025-11,421,skip_already_selected,Already retained or allocated to an earlier slot.
586566,Politics,666205,Will Jeannette Jara and Johannes Kaiser advance to the runoff?,2025-12,2025-11,428,skip_related_family,Same Chile 2025 general election family as retained 668396; group concurrent legislature and presidential contests.
586566,Politics,666167,Will José Antonio Kast win between 24% and 28% of votes in the first round?,2025-12,2025-11,435,skip_related_family,Same Chile 2025 general election family as retained 668396; group concurrent legislature and presidential contests.
586566,Politics,666123,Will turnout in the first round of the 2025 Chilean presidential election be between 47% and 49%?,2025-12,2025-11,442,skip_related_family,Same Chile 2025 general election family as retained 668396; group concurrent legislature and presidential contests.
586566,Politics,666160,Will Evelyn Matthei win between 12% and 15% of votes in the first round?,2025-12,2025-11,449,skip_related_family,Same Chile 2025 general election family as retained 668396; group concurrent legislature and presidential contests.
586566,Politics,567245,Will Tony Moreno win the 2025 Pittsburgh mayoral election?,2025-12,2025-11,455,skip_already_selected,Already retained or allocated to an earlier slot.
586566,Politics,623207,Will Jason Miyares win the 2025 Virginia Attorney General election?,2025-12,2025-11,461,skip_related_new_selection,Same event family as an earlier replacement.
586566,Politics,567166,Will Saunteel Jenkins win the 2025 Detroit mayoral election?,2025-12,2025-11,466,skip_prior_determination,"Jenkins eliminated in August 5 primary, before November general-election cutoff and study window."
586566,Politics,666131,Will Jara win by 0-3%?,2025-12,2025-11,471,skip_related_family,Same Chile 2025 general election family as retained 668396; group concurrent legislature and presidential contests.
586566,Politics,571956,Will Eduardo Artés win the 1st round of the 2025 Chilean presidential election?,2025-12,2025-11,476,skip_related_family,Same Chile 2025 general election family as retained 668396; group concurrent legislature and presidential contests.
586566,Politics,585984,Will Cyrus Sajna win TX-18 Special Election?,2025-12,2025-11,481,skip_related_family,Same TX18 special election family as retained 1271645 runoff.
586566,Politics,556016,Will Curtis Sliwa drop out?,2025-12,2025-11,486,skip_scope,Candidate withdrawal announcement.
586566,Politics,593165,Will Abigail Spanberger win by 6-9%?,2025-12,2025-11,491,skip_related_new_selection,Same event family as an earlier replacement.
586566,Politics,590864,Will Democrats win between 50 and 54 seats in the 2025 Virginia House of Delegates election?,2025-12,2025-11,496,skip_related_new_selection,Same event family as an earlier replacement.
586566,Politics,1235514,Will Tô Lâm be the next President of Vietnam?,2025-12,2026-01,208,skip_scope,"Government formation, appointment, endorsement, announcement or departure; not a public electoral outcome."
586566,Politics,695679,Will José Cardoso qualify for the second round of the 2026 Portugal presidential election?,2025-12,2026-01,220,skip_related_family,Same Portugal 2026 presidential election as retained 1065660 and others.
586566,Politics,1065687,Will João Cotrim de Figueiredo win less than 10% of votes in the first round?,2025-12,2026-01,232,skip_related_family,Same Portugal 2026 presidential election as retained 1065660 and others.
586566,Politics,683281,Will Nathan James Nandala Mafabi win the 2026 Ugandan presidential election?,2025-12,2026-01,244,skip_already_selected,Already retained or allocated to an earlier slot.
586566,Politics,1065665,Will Henrique Gouveia e Melo win less than 12% of votes in the first round?,2025-12,2026-01,256,skip_related_family,Same Portugal 2026 presidential election as retained 1065660 and others.
586566,Politics,578064,"Will Jorge ""Tuto"" Quiroga win by 10–15%?",2025-12,2025-10,205,skip_related_family,Same 2025 Bolivia presidential election family as retained 543268 (different round; keep grouped).
586566,Politics,586581,Will PvdD be part of the next Government of the Netherlands?,2025-12,2025-10,217,skip_scope,"Government formation, appointment, endorsement, announcement or departure; not a public electoral outcome."
586566,Politics,587437,Will Roberto Occhiuto win Calabria Regional Election?,2025-12,2025-10,229,skip_already_selected,Already retained or allocated to an earlier slot.
586566,Politics,580912,ANO wins 33% or more of vote in Czech election?,2025-12,2025-10,241,skip_related_family,Same Czech 2025 parliamentary election as retained 530746 and others.
586566,Politics,580918,Pirates wins 10% or more of vote in Czech election?,2025-12,2025-10,253,skip_related_family,Same Czech 2025 parliamentary election as retained 530746 and others.
586566,Politics,648705,Netherlands Parliamentary Election: D66 vs VVD,2025-12,2025-10,265,skip_related_family,Same Netherlands 2025 parliamentary election as retained 641171 and others.
586566,Politics,648703,Will D66 win 20 or more seats in the 2025 Netherlands parliamentary election?,2025-12,2025-10,275,skip_related_family,Same Netherlands 2025 parliamentary election as retained 641171 and others.
586566,Politics,648697,Will VVD win 14–15 seats in the 2025 Netherlands parliamentary election?,2025-12,2025-10,285,skip_related_family,Same Netherlands 2025 parliamentary election as retained 641171 and others.
586566,Politics,580920,Will turnout be less than 60% in the Czech election?,2025-12,2025-10,294,skip_related_family,Same Czech 2025 parliamentary election as retained 530746 and others.
586566,Politics,648695,Will JA21 win 13 or more seats in the 2025 Netherlands parliamentary election?,2025-12,2025-10,303,skip_related_family,Same Netherlands 2025 parliamentary election as retained 641171 and others.
586566,Politics,580914,SPOLU wins 20% or more of vote in Czech election?,2025-12,2025-10,312,skip_related_family,Same Czech 2025 parliamentary election as retained 530746 and others.
586566,Politics,580869,Will Starostové get less than 7% of the vote in the Czech election?,2025-12,2025-10,320,skip_related_family,Same Czech 2025 parliamentary election as retained 530746 and others.
586566,Politics,580928,Will Karel Havlíček be the next Prime Minister of the Czech Republic after the elections?,2025-12,2025-10,328,skip_scope,"Government formation, appointment, endorsement, announcement or departure; not a public electoral outcome."
586566,Politics,580916,SPD wins 14% or more of vote in Czech election?,2025-12,2025-10,336,skip_related_family,Same Czech 2025 parliamentary election as retained 530746 and others.
586566,Politics,1245519,Will Partido Popular win 31-33 seats in the 2026 Aragon regional election?,2025-12,2026-02,202,skip_related_family,Aragon legislative election already retained as 1228027.
586566,Politics,1271816,Will Palang Pracharath Party (PPRP) finish in third place by number of seats in the 2026 Thai legislative election?,2025-12,2026-02,214,skip_already_selected,Already retained or allocated to an earlier slot.
586566,Politics,1230679,Will the Liberal Democratic Party win the second-most seats in the 2026 Japanese general election?,2025-12,2026-02,226,skip_related_family,Japan parliamentary election already retained as 1230748 and others.
586566,Politics,670208,Will AY win the most seats in the 2026 Costa Rican Legislative Assembly election?,2025-12,2026-02,238,skip_related_family,Costa Rica general election family already retained as 676453 and others.
586566,Politics,1336374,Will the Liberal Democratic Party win between 280 and 294 seats in the 2026 Japanese snap general election?,2025-12,2026-02,250,skip_related_family,Japan parliamentary election already retained as 1230748 and others.
586566,Politics,1353128,Will the Bangladesh Jamaat-e-Islami (BJI) win between 70 and 99 seats in the Bangladesh parliamentary election?,2025-12,2026-02,262,skip_related_family,Bangladesh parliamentary election already retained as 1353145.
586566,Politics,1271757,Will Democrat Party (DP) finish in second place by number of seats in the 2026 Thai legislative election?,2025-12,2026-02,272,skip_related_new_selection,Same event family as an earlier replacement.
586566,Politics,706054,Will Tyler Paul Smith win the GA-14 special election?,2025-12,2026-02,282,skip_already_selected,Already retained or allocated to an earlier slot.
586566,Politics,1231067,Will turnout in the 2026 Japanese snap election be below 50%?,2025-12,2026-02,291,skip_related_family,Japan parliamentary election already retained as 1230748 and others.
586566,Politics,1272509,Will the People’s Party (PPLE) win between 135 and 149 seats in the 2026 Thai legislative election?,2025-12,2026-02,300,skip_related_new_selection,Same event family as an earlier replacement.
586566,Politics,813511,Will FA win the second most seats in the 2026 Costa Rican Legislative Assembly election?,2025-12,2026-02,309,skip_related_family,Costa Rica general election family already retained as 676453 and others.
586566,Politics,1230482,Will the Conservative Party of Japan loose any seats in Japanese snap election?,2025-12,2026-02,317,skip_related_family,Japan parliamentary election already retained as 1230748 and others.
586566,Politics,1272536,Will the Bhumjaithai Party (BJT) win between 120 and 129 seats in the 2026 Thai legislative election?,2025-12,2026-02,325,skip_related_new_selection,Same event family as an earlier replacement.
586566,Politics,1336956,Will Shafiqur Rahman be the next Prime Minister of Bangladesh after the Parliamentary election?,2025-12,2026-02,333,skip_scope,"Post-election appointment/coalition formation, not public electoral result."
586566,Politics,1253235,Will any presidential candidate win outright in the first round of Costa Rica's presidential election?,2025-12,2026-02,341,skip_related_family,Costa Rica general election already retained as 676453.
586566,Politics,1429452,Will Angeliki Stogia - Labour finish second in the Gorton and Denton by-election?,2025-12,2026-02,348,skip_related_family,Gorton and Denton by-election already retained as 1429620.
586566,Politics,1230040,Will CRA win 173+ seats in the Japanese snap election?,2025-12,2026-02,355,skip_related_family,Japan general election already retained as 1230748.
586566,Politics,1353119,Will the Bangladesh Nationalist Party (BNP) win between 100 and 149 seats in the Bangladesh parliamentary election?,2025-12,2026-02,362,skip_related_family,Bangladesh general election already retained as 1353145.
586566,Politics,1343386,Will Gono Odhikar Parishad finish with the second most seats in the Bangladesh parliamentary election?,2025-12,2026-02,369,skip_related_family,Bangladesh general election already retained as 1353145.
586566,Politics,787709,Will Cammie Croft be the Democratic nominee for the NJ-11 special election?,2025-12,2026-02,376,skip_related_family,New Jersey 11th special election family already retained as 1447597 (general); primary shares family.
586566,Politics,1272553,Will the Pheu Thai Party (PT) win between 100 and 109 seats in the 2026 Thai legislative election?,2025-12,2026-02,383,skip_related_new_selection,Same event family as an earlier replacement.
586566,Politics,1343422,Will the Bangladesh Nationalist Party finish with the third most seats in the Bangladesh parliamentary election?,2025-12,2026-02,390,skip_related_family,Bangladesh general election already retained as 1353145.
586566,Politics,1278362,Will Bangladesh Jamaat-e-Islami (BJI) win the Bangladesh parliamentary election by between 3% and 6%?,2025-12,2026-02,397,skip_related_family,Bangladesh general election already retained as 1353145.
586566,Politics,923045,Will United Thai Nation Party (UTN) win the most seats in the 2026 Thai legislative election?,2025-12,2026-02,404,skip_related_new_selection,Same event family as an earlier replacement.
586566,Politics,1230804,Will Sanseitō be part of the governing coalition as a result of the 2026 Japanese snap election?,2025-12,2026-02,411,skip_scope,"Post-election appointment/coalition formation, not public electoral result."
586566,Politics,1429731,Will the margin of victory in the Gorton and Denton by-election be between 12% and 15%?,2025-12,2026-02,418,skip_related_family,Gorton and Denton by-election already retained as 1429620.
586566,Politics,1235180,Will the Democratic Party For the People win between 31 and 34 seats in the 2026 Japanese snap general election?,2025-12,2026-02,425,skip_related_family,Japan general election already retained as 1230748.
586566,Politics,1231078,Will LDP win a majority in the 2026 Japanese snap election?,2025-12,2026-02,432,skip_related_family,Japan general election already retained as 1230748.
586566,Politics,1235140,Will the Centrist Reform Alliance win fewer than 150 seats in the 2026 Japanese snap general election?,2025-12,2026-02,439,skip_related_family,Japan general election already retained as 1230748.
586566,Politics,1336685,Will the Liberal Democratic Party win by between 190 and 219 seats?,2025-12,2026-02,446,skip_related_family,Japan general election already retained as 1230748.
586566,Politics,545313,Will the Patriotic Electoral Bloc win the most seats in the 2025 Moldova parliamentary election?,2025-12,2025-09,201,skip_already_selected,Already retained or allocated to an earlier slot.
586566,Politics,586007,Will Eduardo Quintana win AZ-7 Special Election?,2025-12,2025-09,213,skip_already_selected,Already retained or allocated to an earlier slot.
586566,Politics,586353,Will the Conservative Party (H) win between 29 and 31 seats in the Norwegian election?,2025-12,2025-09,225,skip_related_family,Norway parliamentary election already retained as 578634 and others.
586566,Politics,578708,Will voter turnout in the 2025 Norwegian parliamentary election be between 70 and 72%?,2025-12,2025-09,237,skip_related_family,Norway parliamentary election already retained as 578634 and others.
586566,Politics,578699,Liberal Party (V) wins 4% or more of vote in Norwegian election?,2025-12,2025-09,249,skip_related_family,Norway parliamentary election already retained as 578634 and others.
586566,Politics,537136,Will H win the most seats in the next Norwegian parliamentary election?,2025-12,2025-09,261,skip_related_family,Norway parliamentary election already retained as 578634 and others.
586566,Politics,679228,Will Michael Swanson be the Democratic nominee for Senate in Texas?,2025-12,2026-03,204,skip_related_family,Texas Democratic Senate primary already retained as 1329055.
586566,Politics,1449809,Will Student & Starter (StuSta) win the most seats in Utrecht’s 2026 municipal election?,2025-12,2026-03,216,skip_already_selected,Already retained or allocated to an earlier slot.
586566,Politics,813537,2026 U.S. House Election: Republican Odds over 40% by March 31?,2025-12,2026-03,228,skip_scope,"Derivative price threshold, not real-world electoral outcome."
586566,Politics,1501172,Will PH win the second most seats in the 2026 Colombian Chamber of Representatives election?,2025-12,2026-03,240,skip_related_family,Colombia parliamentary election family already retained as 1501807.
586566,Politics,1192583,Will Erwann Davoux win the Marseille mayor election?,2025-12,2026-03,252,skip_scope,Mayor chosen by municipal councillors; apply approved public-electoral-contest scope consistently with Lyon.
586566,Politics,1572667,Will Sarah Knafo advance to the second round of the 2026 Paris municipal election?,2025-12,2026-03,264,skip_already_selected,Already retained or allocated to an earlier slot.
586566,Politics,1569018,Will Inuit Ataqatigiit win the third most seats in the Danish Folketing in the 2026 Danish general election?,2025-12,2026-03,274,skip_related_family,Denmark parliamentary election already retained as 1568944.
586566,Politics,1364011,Will CDU win the second most seats in the 2026 Rhineland-Palatinate parliamentary elections?,2025-12,2026-03,284,skip_already_selected,Already retained or allocated to an earlier slot.
586566,Politics,814119,2026 U.S. Senate Election: Republican Odds over 90% by March 31?,2025-12,2026-03,293,skip_scope,Market-price derivative threshold.
586566,Politics,1348661,Will Cliff Johnson be the Democratic Nominee for MS-01?,2025-12,2026-03,302,scope_eligible_timing_pending,Full saved rules specify public electoral contest. Exact event boundary and candidate eligibility remain pending.
681390,Politics,679228,Will Michael Swanson be the Democratic nominee for Senate in Texas?,2026-03,2026-03,204,skip_related_family,Texas Democratic Senate primary already retained as 1329055.
681390,Politics,1449809,Will Student & Starter (StuSta) win the most seats in Utrecht’s 2026 municipal election?,2026-03,2026-03,216,skip_already_selected,Already retained or allocated to an earlier slot.
681390,Politics,813537,2026 U.S. House Election: Republican Odds over 40% by March 31?,2026-03,2026-03,228,skip_scope,"Derivative price threshold, not real-world electoral outcome."
681390,Politics,1501172,Will PH win the second most seats in the 2026 Colombian Chamber of Representatives election?,2026-03,2026-03,240,skip_related_family,Colombia parliamentary election family already retained as 1501807.
681390,Politics,1192583,Will Erwann Davoux win the Marseille mayor election?,2026-03,2026-03,252,skip_scope,Mayor chosen by municipal councillors; apply approved public-electoral-contest scope consistently with Lyon.
681390,Politics,1572667,Will Sarah Knafo advance to the second round of the 2026 Paris municipal election?,2026-03,2026-03,264,skip_already_selected,Already retained or allocated to an earlier slot.
681390,Politics,1569018,Will Inuit Ataqatigiit win the third most seats in the Danish Folketing in the 2026 Danish general election?,2026-03,2026-03,274,skip_related_family,Denmark parliamentary election already retained as 1568944.
681390,Politics,1364011,Will CDU win the second most seats in the 2026 Rhineland-Palatinate parliamentary elections?,2026-03,2026-03,284,skip_already_selected,Already retained or allocated to an earlier slot.
681390,Politics,814119,2026 U.S. Senate Election: Republican Odds over 90% by March 31?,2026-03,2026-03,293,skip_scope,Market-price derivative threshold.
681390,Politics,1348661,Will Cliff Johnson be the Democratic Nominee for MS-01?,2026-03,2026-03,302,skip_already_selected,Already retained or allocated to an earlier slot.
681390,Politics,681421,Will Mark J.N. Doyle be the next Prime Minister of Saint Vincent and the Grenadines?,2026-03,2026-03,311,skip_scope,Post-election appointment and swearing-in.
681390,Politics,1575605,Will the Social Democrats’ Popular Vote Margin of Victory in the 2026 Denmark Parliamentary Election be greater than or equal to 15%?,2026-03,2026-03,319,skip_related_family,Same Denmark parliamentary event as retained 1568944.
681390,Politics,907414,Will Andrew White win the 2026 Texas Governor Democratic primary election?,2026-03,2026-03,327,skip_prior_determination,"Andrew White withdrew January 5, before March 3 primary forecast."
681390,Politics,1340763,Will Brandon Herrera be the Republican nominee for TX-23?,2026-03,2026-03,335,scope_eligible_timing_pending,Full saved rules specify public electoral contest. Exact event boundary and candidate eligibility remain pending.
2474755,Politics,2822304,Will Katherine Haley be the Arizona State Treasurer Republican nominee?,2026-07,2026-07,207,skip_already_selected,Already retained or allocated to an earlier slot.
2474755,Politics,2773375,Will Mark Rhoades Buckton win the 2026 Norfolk Police and Crime Commissioner by-election?,2026-07,2026-07,219,skip_already_selected,Already retained or allocated to an earlier slot.
2474755,Politics,2472064,Will Spencer Pratt concede by July 2?,2026-07,2026-07,231,skip_scope,"Concession statement deadline, not a public vote outcome."
2474755,Politics,822239,Will Karrin Taylor Robson win the 2026 Arizona Governor Republican primary election?,2026-07,2026-07,243,skip_prior_determination,"Taylor Robson suspended campaign February 12, before July 21 primary forecast."
2474755,Politics,2685007,Will Democratic National Rally (RND) win the most seats in the 2026 Algerian parliamentary elections?,2026-07,2026-07,255,scope_eligible_timing_pending,Full saved rules specify a public electoral contest. Exact boundary and participation remain unverified.
623307,Politics,545313,Will the Patriotic Electoral Bloc win the most seats in the 2025 Moldova parliamentary election?,2025-09,2025-09,201,skip_already_selected,Already retained or allocated to an earlier slot.
623307,Politics,586007,Will Eduardo Quintana win AZ-7 Special Election?,2025-09,2025-09,213,skip_already_selected,Already retained or allocated to an earlier slot.
623307,Politics,586353,Will the Conservative Party (H) win between 29 and 31 seats in the Norwegian election?,2025-09,2025-09,225,skip_related_family,Norway parliamentary election already retained as 578634 and others.
623307,Politics,578708,Will voter turnout in the 2025 Norwegian parliamentary election be between 70 and 72%?,2025-09,2025-09,237,skip_related_family,Norway parliamentary election already retained as 578634 and others.
623307,Politics,578699,Liberal Party (V) wins 4% or more of vote in Norwegian election?,2025-09,2025-09,249,skip_related_family,Norway parliamentary election already retained as 578634 and others.
623307,Politics,537136,Will H win the most seats in the next Norwegian parliamentary election?,2025-09,2025-09,261,skip_related_family,Norway parliamentary election already retained as 578634 and others.
623307,Politics,578064,"Will Jorge ""Tuto"" Quiroga win by 10–15%?",2025-09,2025-10,205,skip_related_family,Same 2025 Bolivia presidential election family as retained 543268 (different round; keep grouped).
623307,Politics,586581,Will PvdD be part of the next Government of the Netherlands?,2025-09,2025-10,217,skip_scope,"Government formation, appointment, endorsement, announcement or departure; not a public electoral outcome."
623307,Politics,587437,Will Roberto Occhiuto win Calabria Regional Election?,2025-09,2025-10,229,skip_already_selected,Already retained or allocated to an earlier slot.
623307,Politics,580912,ANO wins 33% or more of vote in Czech election?,2025-09,2025-10,241,skip_related_family,Same Czech 2025 parliamentary election as retained 530746 and others.
623307,Politics,580918,Pirates wins 10% or more of vote in Czech election?,2025-09,2025-10,253,skip_related_family,Same Czech 2025 parliamentary election as retained 530746 and others.
623307,Politics,648705,Netherlands Parliamentary Election: D66 vs VVD,2025-09,2025-10,265,skip_related_family,Same Netherlands 2025 parliamentary election as retained 641171 and others.
623307,Politics,648703,Will D66 win 20 or more seats in the 2025 Netherlands parliamentary election?,2025-09,2025-10,275,skip_related_family,Same Netherlands 2025 parliamentary election as retained 641171 and others.
623307,Politics,648697,Will VVD win 14–15 seats in the 2025 Netherlands parliamentary election?,2025-09,2025-10,285,skip_related_family,Same Netherlands 2025 parliamentary election as retained 641171 and others.
623307,Politics,580920,Will turnout be less than 60% in the Czech election?,2025-09,2025-10,294,skip_related_family,Same Czech 2025 parliamentary election as retained 530746 and others.
623307,Politics,648695,Will JA21 win 13 or more seats in the 2025 Netherlands parliamentary election?,2025-09,2025-10,303,skip_related_family,Same Netherlands 2025 parliamentary election as retained 641171 and others.
623307,Politics,580914,SPOLU wins 20% or more of vote in Czech election?,2025-09,2025-10,312,skip_related_family,Same Czech 2025 parliamentary election as retained 530746 and others.
623307,Politics,580869,Will Starostové get less than 7% of the vote in the Czech election?,2025-09,2025-10,320,skip_related_family,Same Czech 2025 parliamentary election as retained 530746 and others.
623307,Politics,580928,Will Karel Havlíček be the next Prime Minister of the Czech Republic after the elections?,2025-09,2025-10,328,skip_scope,"Government formation, appointment, endorsement, announcement or departure; not a public electoral outcome."
623307,Politics,580916,SPD wins 14% or more of vote in Czech election?,2025-09,2025-10,336,skip_related_family,Same Czech 2025 parliamentary election as retained 530746 and others.
623307,Politics,654261,Will Zohran Mamdani get between 55% and 60% of the vote in the 2025 NYC mayoral election?,2025-09,2025-11,209,skip_related_family,Same NYC 2025 mayoral election as retained 563772 and others.
623307,Politics,668100,Will Salvador Nasralla win the 2025 Honduras presidential election?,2025-09,2025-11,221,skip_already_selected,Already retained or allocated to an earlier slot.
623307,Politics,670075,Will Franco Parisi come in fourth in the 1st round of the 2025 Chilean presidential election?,2025-09,2025-11,233,skip_related_family,Same Chile 2025 general election family as retained 668396; group concurrent legislature and presidential contests.
623307,Politics,588784,Will Sliwa or Adams get more votes?,2025-09,2025-11,245,skip_related_family,Same NYC 2025 mayoral election as retained 563772 and others.
623307,Politics,566989,Will DeWayne Davis win the 2025 Minneapolis mayoral election?,2025-09,2025-11,257,skip_already_selected,Already retained or allocated to an earlier slot.
623307,Politics,666470,Will Cambio por Chile gain the most seats in the Senate election?,2025-09,2025-11,268,skip_related_family,Same Chile 2025 general election family as retained 668396; group concurrent legislature and presidential contests.
623307,Politics,666146,Will Jeannette Jara win between 20% and 24% of votes in the first round?,2025-09,2025-11,278,skip_related_family,Same Chile 2025 general election family as retained 668396; group concurrent legislature and presidential contests.
623307,Politics,567138,Will Katie Wilson win the 2025 Seattle mayoral election?,2025-09,2025-11,287,skip_already_selected,Already retained or allocated to an earlier slot.
623307,Politics,571950,Will any presidential candidate win outright in the first round of the Chile's election?,2025-09,2025-11,296,skip_related_family,Same Chile 2025 general election family as retained 668396; group concurrent legislature and presidential contests.
623307,Politics,555813,Will Abigail Spanberger win the Virginia Governor Election in 2025,2025-09,2025-11,305,skip_already_selected,Already retained or allocated to an earlier slot.
623307,Politics,541622,Will José Antonio Kast win the Chilean presidential election?,2025-09,2025-11,313,skip_related_family,Same Chile 2025 general election family as retained 668396; group concurrent legislature and presidential contests.
623307,Politics,567121,Will Ed Flynn win the 2025 Boston mayoral election?,2025-09,2025-11,321,skip_prior_determination,"Ed Flynn declined the Boston mayoral race in January 2025, before the forecast; no longer an uncertain candidacy for this design."
623307,Politics,563789,Will Zohran Mamdani win 3 boroughs in the 2025 New York City Mayoral General Election?,2025-09,2025-11,329,skip_related_family,Same NYC 2025 mayoral election as retained 563772 and others.
623307,Politics,567009,Will Eileen Higgins win the 2025 Miami mayoral election?,2025-09,2025-11,337,skip_already_selected,Already retained or allocated to an earlier slot.
623307,Politics,666199,Will Johannes Kaiser win between 10% and 13% of votes in the first round?,2025-09,2025-11,344,skip_related_family,Same Chile 2025 general election family as retained 668396; group concurrent legislature and presidential contests.
623307,Politics,666455,Will Izquierda Ecologista Popular Animalista y Humanista hold the most seats in the Chamber of Deputies?,2025-09,2025-11,351,skip_related_family,Same Chile 2025 general election family as retained 668396; group concurrent legislature and presidential contests.
623307,Politics,654457,Will the Associated Press first call the 2025 New Jersey governor election before 8:00 PM ET on Nov 4 2025?,2025-09,2025-11,358,skip_scope,"Timing of a news organization call, not the election outcome."
623307,Politics,608442,Which party wins Virginia House of Delegates?,2025-09,2025-11,365,skip_related_new_selection,Same event family as an earlier replacement.
623307,Politics,593161,Will Mikie Sherrill win by 9-12%?,2025-09,2025-11,372,skip_related_family,Same New Jersey 2025 governor election as retained 551144.
623307,Politics,538928,Will Eric Adams win the 2025 NYC mayoral election?,2025-09,2025-11,379,skip_related_family,Same NYC 2025 mayoral election as retained 563772 and others.
623307,Politics,626729,Will voter turnout in the next New York City mayoral election be between 24–27%?,2025-09,2025-11,386,skip_related_family,Same NYC 2025 mayoral election as retained 563772 and others.
623307,Politics,558107,Will Mamdani get over 50% of the vote in the general mayoral election?,2025-09,2025-11,393,skip_related_family,Same NYC 2025 mayoral election as retained 563772 and others.
623307,Politics,567230,Will LaVerne Gore win the 2025 Cleveland mayoral election?,2025-09,2025-11,400,skip_already_selected,Already retained or allocated to an earlier slot.
623307,Politics,667039,Will Michelle Bachelet come in second in the 1st round of the 2025 Chilean presidential election?,2025-09,2025-11,407,skip_related_family,Same Chile 2025 general election family as retained 668396; group concurrent legislature and presidential contests.
623307,Politics,681513,Will turnout in the first round of the 2025 Chilean presidential election be between 75% and 78%?,2025-09,2025-11,414,skip_related_family,Same Chile 2025 general election family as retained 668396; group concurrent legislature and presidential contests.
623307,Politics,567184,Will Andre Dickens win the 2025 Atlanta mayoral election?,2025-09,2025-11,421,skip_already_selected,Already retained or allocated to an earlier slot.
623307,Politics,666205,Will Jeannette Jara and Johannes Kaiser advance to the runoff?,2025-09,2025-11,428,skip_related_family,Same Chile 2025 general election family as retained 668396; group concurrent legislature and presidential contests.
623307,Politics,666167,Will José Antonio Kast win between 24% and 28% of votes in the first round?,2025-09,2025-11,435,skip_related_family,Same Chile 2025 general election family as retained 668396; group concurrent legislature and presidential contests.
623307,Politics,666123,Will turnout in the first round of the 2025 Chilean presidential election be between 47% and 49%?,2025-09,2025-11,442,skip_related_family,Same Chile 2025 general election family as retained 668396; group concurrent legislature and presidential contests.
623307,Politics,666160,Will Evelyn Matthei win between 12% and 15% of votes in the first round?,2025-09,2025-11,449,skip_related_family,Same Chile 2025 general election family as retained 668396; group concurrent legislature and presidential contests.
623307,Politics,567245,Will Tony Moreno win the 2025 Pittsburgh mayoral election?,2025-09,2025-11,455,skip_already_selected,Already retained or allocated to an earlier slot.
623307,Politics,623207,Will Jason Miyares win the 2025 Virginia Attorney General election?,2025-09,2025-11,461,skip_related_new_selection,Same event family as an earlier replacement.
623307,Politics,567166,Will Saunteel Jenkins win the 2025 Detroit mayoral election?,2025-09,2025-11,466,skip_prior_determination,"Jenkins eliminated in August 5 primary, before November general-election cutoff and study window."
623307,Politics,666131,Will Jara win by 0-3%?,2025-09,2025-11,471,skip_related_family,Same Chile 2025 general election family as retained 668396; group concurrent legislature and presidential contests.
623307,Politics,571956,Will Eduardo Artés win the 1st round of the 2025 Chilean presidential election?,2025-09,2025-11,476,skip_related_family,Same Chile 2025 general election family as retained 668396; group concurrent legislature and presidential contests.
623307,Politics,585984,Will Cyrus Sajna win TX-18 Special Election?,2025-09,2025-11,481,skip_related_family,Same TX18 special election family as retained 1271645 runoff.
623307,Politics,556016,Will Curtis Sliwa drop out?,2025-09,2025-11,486,skip_scope,Candidate withdrawal announcement.
623307,Politics,593165,Will Abigail Spanberger win by 6-9%?,2025-09,2025-11,491,skip_related_new_selection,Same event family as an earlier replacement.
623307,Politics,590864,Will Democrats win between 50 and 54 seats in the 2025 Virginia House of Delegates election?,2025-09,2025-11,496,skip_related_new_selection,Same event family as an earlier replacement.
623307,Politics,617309,Paul Finebaum announces Alabama Senate run by December 31?,2025-09,2025-12,206,skip_scope,"Government formation, appointment, endorsement, announcement or departure; not a public electoral outcome."
623307,Politics,739846,Will Cătălin Drulă get between 10% and 15% of the vote in the Bucharest Mayoral election?,2025-09,2025-12,218,skip_related_family,Same Bucharest mayoral election as retained 799377 and others.
623307,Politics,693255,Will Franco Parisi endorse José Antonio Kast for President of Chile?,2025-09,2025-12,230,skip_scope,"Government formation, appointment, endorsement, announcement or departure; not a public electoral outcome."
623307,Politics,562257,Romania Parliamentary Election called in 2025?,2025-09,2025-12,242,skip_scope,"Government formation, appointment, endorsement, announcement or departure; not a public electoral outcome."
623307,Politics,530829,Mark Carney out as leader of Liberals in 2025?,2025-09,2025-12,254,skip_scope,"Government formation, appointment, endorsement, announcement or departure; not a public electoral outcome."
623307,Politics,586028,Will Vincent Dixie win TN-7 Special Election?,2025-09,2025-12,266,skip_related_family,Same TN07 general special election as retained 695312.
623307,Politics,704810,Will Ciucu win by 3-6%?,2025-09,2025-12,276,skip_related_family,Same Bucharest mayoral election as retained 799377 and others.
623307,Politics,1235514,Will Tô Lâm be the next President of Vietnam?,2025-09,2026-01,208,skip_scope,"Government formation, appointment, endorsement, announcement or departure; not a public electoral outcome."
623307,Politics,695679,Will José Cardoso qualify for the second round of the 2026 Portugal presidential election?,2025-09,2026-01,220,skip_related_family,Same Portugal 2026 presidential election as retained 1065660 and others.
623307,Politics,1065687,Will João Cotrim de Figueiredo win less than 10% of votes in the first round?,2025-09,2026-01,232,skip_related_family,Same Portugal 2026 presidential election as retained 1065660 and others.
623307,Politics,683281,Will Nathan James Nandala Mafabi win the 2026 Ugandan presidential election?,2025-09,2026-01,244,skip_already_selected,Already retained or allocated to an earlier slot.
623307,Politics,1065665,Will Henrique Gouveia e Melo win less than 12% of votes in the first round?,2025-09,2026-01,256,skip_related_family,Same Portugal 2026 presidential election as retained 1065660 and others.
623307,Politics,1245519,Will Partido Popular win 31-33 seats in the 2026 Aragon regional election?,2025-09,2026-02,202,skip_related_family,Aragon legislative election already retained as 1228027.
623307,Politics,1271816,Will Palang Pracharath Party (PPRP) finish in third place by number of seats in the 2026 Thai legislative election?,2025-09,2026-02,214,skip_already_selected,Already retained or allocated to an earlier slot.
623307,Politics,1230679,Will the Liberal Democratic Party win the second-most seats in the 2026 Japanese general election?,2025-09,2026-02,226,skip_related_family,Japan parliamentary election already retained as 1230748 and others.
623307,Politics,670208,Will AY win the most seats in the 2026 Costa Rican Legislative Assembly election?,2025-09,2026-02,238,skip_related_family,Costa Rica general election family already retained as 676453 and others.
623307,Politics,1336374,Will the Liberal Democratic Party win between 280 and 294 seats in the 2026 Japanese snap general election?,2025-09,2026-02,250,skip_related_family,Japan parliamentary election already retained as 1230748 and others.
623307,Politics,1353128,Will the Bangladesh Jamaat-e-Islami (BJI) win between 70 and 99 seats in the Bangladesh parliamentary election?,2025-09,2026-02,262,skip_related_family,Bangladesh parliamentary election already retained as 1353145.
623307,Politics,1271757,Will Democrat Party (DP) finish in second place by number of seats in the 2026 Thai legislative election?,2025-09,2026-02,272,skip_related_new_selection,Same event family as an earlier replacement.
623307,Politics,706054,Will Tyler Paul Smith win the GA-14 special election?,2025-09,2026-02,282,skip_already_selected,Already retained or allocated to an earlier slot.
623307,Politics,1231067,Will turnout in the 2026 Japanese snap election be below 50%?,2025-09,2026-02,291,skip_related_family,Japan parliamentary election already retained as 1230748 and others.
623307,Politics,1272509,Will the People’s Party (PPLE) win between 135 and 149 seats in the 2026 Thai legislative election?,2025-09,2026-02,300,skip_related_new_selection,Same event family as an earlier replacement.
623307,Politics,813511,Will FA win the second most seats in the 2026 Costa Rican Legislative Assembly election?,2025-09,2026-02,309,skip_related_family,Costa Rica general election family already retained as 676453 and others.
623307,Politics,1230482,Will the Conservative Party of Japan loose any seats in Japanese snap election?,2025-09,2026-02,317,skip_related_family,Japan parliamentary election already retained as 1230748 and others.
623307,Politics,1272536,Will the Bhumjaithai Party (BJT) win between 120 and 129 seats in the 2026 Thai legislative election?,2025-09,2026-02,325,skip_related_new_selection,Same event family as an earlier replacement.
623307,Politics,1336956,Will Shafiqur Rahman be the next Prime Minister of Bangladesh after the Parliamentary election?,2025-09,2026-02,333,skip_scope,"Post-election appointment/coalition formation, not public electoral result."
623307,Politics,1253235,Will any presidential candidate win outright in the first round of Costa Rica's presidential election?,2025-09,2026-02,341,skip_related_family,Costa Rica general election already retained as 676453.
623307,Politics,1429452,Will Angeliki Stogia - Labour finish second in the Gorton and Denton by-election?,2025-09,2026-02,348,skip_related_family,Gorton and Denton by-election already retained as 1429620.
623307,Politics,1230040,Will CRA win 173+ seats in the Japanese snap election?,2025-09,2026-02,355,skip_related_family,Japan general election already retained as 1230748.
623307,Politics,1353119,Will the Bangladesh Nationalist Party (BNP) win between 100 and 149 seats in the Bangladesh parliamentary election?,2025-09,2026-02,362,skip_related_family,Bangladesh general election already retained as 1353145.
623307,Politics,1343386,Will Gono Odhikar Parishad finish with the second most seats in the Bangladesh parliamentary election?,2025-09,2026-02,369,skip_related_family,Bangladesh general election already retained as 1353145.
623307,Politics,787709,Will Cammie Croft be the Democratic nominee for the NJ-11 special election?,2025-09,2026-02,376,skip_related_family,New Jersey 11th special election family already retained as 1447597 (general); primary shares family.
623307,Politics,1272553,Will the Pheu Thai Party (PT) win between 100 and 109 seats in the 2026 Thai legislative election?,2025-09,2026-02,383,skip_related_new_selection,Same event family as an earlier replacement.
623307,Politics,1343422,Will the Bangladesh Nationalist Party finish with the third most seats in the Bangladesh parliamentary election?,2025-09,2026-02,390,skip_related_family,Bangladesh general election already retained as 1353145.
623307,Politics,1278362,Will Bangladesh Jamaat-e-Islami (BJI) win the Bangladesh parliamentary election by between 3% and 6%?,2025-09,2026-02,397,skip_related_family,Bangladesh general election already retained as 1353145.
623307,Politics,923045,Will United Thai Nation Party (UTN) win the most seats in the 2026 Thai legislative election?,2025-09,2026-02,404,skip_related_new_selection,Same event family as an earlier replacement.
623307,Politics,1230804,Will Sanseitō be part of the governing coalition as a result of the 2026 Japanese snap election?,2025-09,2026-02,411,skip_scope,"Post-election appointment/coalition formation, not public electoral result."
623307,Politics,1429731,Will the margin of victory in the Gorton and Denton by-election be between 12% and 15%?,2025-09,2026-02,418,skip_related_family,Gorton and Denton by-election already retained as 1429620.
623307,Politics,1235180,Will the Democratic Party For the People win between 31 and 34 seats in the 2026 Japanese snap general election?,2025-09,2026-02,425,skip_related_family,Japan general election already retained as 1230748.
623307,Politics,1231078,Will LDP win a majority in the 2026 Japanese snap election?,2025-09,2026-02,432,skip_related_family,Japan general election already retained as 1230748.
623307,Politics,1235140,Will the Centrist Reform Alliance win fewer than 150 seats in the 2026 Japanese snap general election?,2025-09,2026-02,439,skip_related_family,Japan general election already retained as 1230748.
623307,Politics,1336685,Will the Liberal Democratic Party win by between 190 and 219 seats?,2025-09,2026-02,446,skip_related_family,Japan general election already retained as 1230748.
623307,Politics,679228,Will Michael Swanson be the Democratic nominee for Senate in Texas?,2025-09,2026-03,204,skip_related_family,Texas Democratic Senate primary already retained as 1329055.
623307,Politics,1449809,Will Student & Starter (StuSta) win the most seats in Utrecht’s 2026 municipal election?,2025-09,2026-03,216,skip_already_selected,Already retained or allocated to an earlier slot.
623307,Politics,813537,2026 U.S. House Election: Republican Odds over 40% by March 31?,2025-09,2026-03,228,skip_scope,"Derivative price threshold, not real-world electoral outcome."
623307,Politics,1501172,Will PH win the second most seats in the 2026 Colombian Chamber of Representatives election?,2025-09,2026-03,240,skip_related_family,Colombia parliamentary election family already retained as 1501807.
623307,Politics,1192583,Will Erwann Davoux win the Marseille mayor election?,2025-09,2026-03,252,skip_scope,Mayor chosen by municipal councillors; apply approved public-electoral-contest scope consistently with Lyon.
623307,Politics,1572667,Will Sarah Knafo advance to the second round of the 2026 Paris municipal election?,2025-09,2026-03,264,skip_already_selected,Already retained or allocated to an earlier slot.
623307,Politics,1569018,Will Inuit Ataqatigiit win the third most seats in the Danish Folketing in the 2026 Danish general election?,2025-09,2026-03,274,skip_related_family,Denmark parliamentary election already retained as 1568944.
623307,Politics,1364011,Will CDU win the second most seats in the 2026 Rhineland-Palatinate parliamentary elections?,2025-09,2026-03,284,skip_already_selected,Already retained or allocated to an earlier slot.
623307,Politics,814119,2026 U.S. Senate Election: Republican Odds over 90% by March 31?,2025-09,2026-03,293,skip_scope,Market-price derivative threshold.
623307,Politics,1348661,Will Cliff Johnson be the Democratic Nominee for MS-01?,2025-09,2026-03,302,skip_already_selected,Already retained or allocated to an earlier slot.
623307,Politics,681421,Will Mark J.N. Doyle be the next Prime Minister of Saint Vincent and the Grenadines?,2025-09,2026-03,311,skip_scope,Post-election appointment and swearing-in.
623307,Politics,1575605,Will the Social Democrats’ Popular Vote Margin of Victory in the 2026 Denmark Parliamentary Election be greater than or equal to 15%?,2025-09,2026-03,319,skip_related_family,Same Denmark parliamentary event as retained 1568944.
623307,Politics,907414,Will Andrew White win the 2026 Texas Governor Democratic primary election?,2025-09,2026-03,327,skip_prior_determination,"Andrew White withdrew January 5, before March 3 primary forecast."
623307,Politics,1340763,Will Brandon Herrera be the Republican nominee for TX-23?,2025-09,2026-03,335,skip_already_selected,Already retained or allocated to an earlier slot.
623307,Politics,1654484,Will Jean-Philippe Veter be the next mayor of Strasbourg?,2025-09,2026-03,343,skip_scope,Councillors elect the mayor after the public municipal vote.
623307,Politics,1568933,Will turnout in the 2026 Danish general elections be below 80%?,2025-09,2026-03,350,skip_related_family,Same Denmark parliamentary election as retained 1568944.
623307,Politics,1097101,"Venezuela election scheduled by March 31, 2026?",2025-09,2026-03,357,skip_scope,Election scheduling announcement.
623307,Politics,1328296,Will Jasmine Crockett receive the most votes in the first round of the Democratic Senate primary in Texas?,2025-09,2026-03,364,skip_related_family,Same Texas Democratic Senate primary as retained 1329055.
623307,Politics,679255,Will Steve Botsford Jr. be the Democratic nominee for Senate in Illinois?,2025-09,2026-03,371,scope_eligible_timing_pending,Full saved rules specify a public electoral contest; time and participation not yet verified.
587170,Politics,578064,"Will Jorge ""Tuto"" Quiroga win by 10–15%?",2025-10,2025-10,205,skip_related_family,Same 2025 Bolivia presidential election family as retained 543268 (different round; keep grouped).
587170,Politics,586581,Will PvdD be part of the next Government of the Netherlands?,2025-10,2025-10,217,skip_scope,"Government formation, appointment, endorsement, announcement or departure; not a public electoral outcome."
587170,Politics,587437,Will Roberto Occhiuto win Calabria Regional Election?,2025-10,2025-10,229,skip_already_selected,Already retained or allocated to an earlier slot.
587170,Politics,580912,ANO wins 33% or more of vote in Czech election?,2025-10,2025-10,241,skip_related_family,Same Czech 2025 parliamentary election as retained 530746 and others.
587170,Politics,580918,Pirates wins 10% or more of vote in Czech election?,2025-10,2025-10,253,skip_related_family,Same Czech 2025 parliamentary election as retained 530746 and others.
587170,Politics,648705,Netherlands Parliamentary Election: D66 vs VVD,2025-10,2025-10,265,skip_related_family,Same Netherlands 2025 parliamentary election as retained 641171 and others.
587170,Politics,648703,Will D66 win 20 or more seats in the 2025 Netherlands parliamentary election?,2025-10,2025-10,275,skip_related_family,Same Netherlands 2025 parliamentary election as retained 641171 and others.
587170,Politics,648697,Will VVD win 14–15 seats in the 2025 Netherlands parliamentary election?,2025-10,2025-10,285,skip_related_family,Same Netherlands 2025 parliamentary election as retained 641171 and others.
587170,Politics,580920,Will turnout be less than 60% in the Czech election?,2025-10,2025-10,294,skip_related_family,Same Czech 2025 parliamentary election as retained 530746 and others.
587170,Politics,648695,Will JA21 win 13 or more seats in the 2025 Netherlands parliamentary election?,2025-10,2025-10,303,skip_related_family,Same Netherlands 2025 parliamentary election as retained 641171 and others.
587170,Politics,580914,SPOLU wins 20% or more of vote in Czech election?,2025-10,2025-10,312,skip_related_family,Same Czech 2025 parliamentary election as retained 530746 and others.
587170,Politics,580869,Will Starostové get less than 7% of the vote in the Czech election?,2025-10,2025-10,320,skip_related_family,Same Czech 2025 parliamentary election as retained 530746 and others.
587170,Politics,580928,Will Karel Havlíček be the next Prime Minister of the Czech Republic after the elections?,2025-10,2025-10,328,skip_scope,"Government formation, appointment, endorsement, announcement or departure; not a public electoral outcome."
587170,Politics,580916,SPD wins 14% or more of vote in Czech election?,2025-10,2025-10,336,skip_related_family,Same Czech 2025 parliamentary election as retained 530746 and others.
587170,Politics,545313,Will the Patriotic Electoral Bloc win the most seats in the 2025 Moldova parliamentary election?,2025-10,2025-09,201,skip_already_selected,Already retained or allocated to an earlier slot.
587170,Politics,586007,Will Eduardo Quintana win AZ-7 Special Election?,2025-10,2025-09,213,skip_already_selected,Already retained or allocated to an earlier slot.
587170,Politics,586353,Will the Conservative Party (H) win between 29 and 31 seats in the Norwegian election?,2025-10,2025-09,225,skip_related_family,Norway parliamentary election already retained as 578634 and others.
587170,Politics,578708,Will voter turnout in the 2025 Norwegian parliamentary election be between 70 and 72%?,2025-10,2025-09,237,skip_related_family,Norway parliamentary election already retained as 578634 and others.
587170,Politics,578699,Liberal Party (V) wins 4% or more of vote in Norwegian election?,2025-10,2025-09,249,skip_related_family,Norway parliamentary election already retained as 578634 and others.
587170,Politics,537136,Will H win the most seats in the next Norwegian parliamentary election?,2025-10,2025-09,261,skip_related_family,Norway parliamentary election already retained as 578634 and others.
587170,Politics,654261,Will Zohran Mamdani get between 55% and 60% of the vote in the 2025 NYC mayoral election?,2025-10,2025-11,209,skip_related_family,Same NYC 2025 mayoral election as retained 563772 and others.
587170,Politics,668100,Will Salvador Nasralla win the 2025 Honduras presidential election?,2025-10,2025-11,221,skip_already_selected,Already retained or allocated to an earlier slot.
587170,Politics,670075,Will Franco Parisi come in fourth in the 1st round of the 2025 Chilean presidential election?,2025-10,2025-11,233,skip_related_family,Same Chile 2025 general election family as retained 668396; group concurrent legislature and presidential contests.
587170,Politics,588784,Will Sliwa or Adams get more votes?,2025-10,2025-11,245,skip_related_family,Same NYC 2025 mayoral election as retained 563772 and others.
587170,Politics,566989,Will DeWayne Davis win the 2025 Minneapolis mayoral election?,2025-10,2025-11,257,skip_already_selected,Already retained or allocated to an earlier slot.
587170,Politics,666470,Will Cambio por Chile gain the most seats in the Senate election?,2025-10,2025-11,268,skip_related_family,Same Chile 2025 general election family as retained 668396; group concurrent legislature and presidential contests.
587170,Politics,666146,Will Jeannette Jara win between 20% and 24% of votes in the first round?,2025-10,2025-11,278,skip_related_family,Same Chile 2025 general election family as retained 668396; group concurrent legislature and presidential contests.
587170,Politics,567138,Will Katie Wilson win the 2025 Seattle mayoral election?,2025-10,2025-11,287,skip_already_selected,Already retained or allocated to an earlier slot.
587170,Politics,571950,Will any presidential candidate win outright in the first round of the Chile's election?,2025-10,2025-11,296,skip_related_family,Same Chile 2025 general election family as retained 668396; group concurrent legislature and presidential contests.
587170,Politics,555813,Will Abigail Spanberger win the Virginia Governor Election in 2025,2025-10,2025-11,305,skip_already_selected,Already retained or allocated to an earlier slot.
587170,Politics,541622,Will José Antonio Kast win the Chilean presidential election?,2025-10,2025-11,313,skip_related_family,Same Chile 2025 general election family as retained 668396; group concurrent legislature and presidential contests.
587170,Politics,567121,Will Ed Flynn win the 2025 Boston mayoral election?,2025-10,2025-11,321,skip_prior_determination,"Ed Flynn declined the Boston mayoral race in January 2025, before the forecast; no longer an uncertain candidacy for this design."
587170,Politics,563789,Will Zohran Mamdani win 3 boroughs in the 2025 New York City Mayoral General Election?,2025-10,2025-11,329,skip_related_family,Same NYC 2025 mayoral election as retained 563772 and others.
587170,Politics,567009,Will Eileen Higgins win the 2025 Miami mayoral election?,2025-10,2025-11,337,skip_already_selected,Already retained or allocated to an earlier slot.
587170,Politics,666199,Will Johannes Kaiser win between 10% and 13% of votes in the first round?,2025-10,2025-11,344,skip_related_family,Same Chile 2025 general election family as retained 668396; group concurrent legislature and presidential contests.
587170,Politics,666455,Will Izquierda Ecologista Popular Animalista y Humanista hold the most seats in the Chamber of Deputies?,2025-10,2025-11,351,skip_related_family,Same Chile 2025 general election family as retained 668396; group concurrent legislature and presidential contests.
587170,Politics,654457,Will the Associated Press first call the 2025 New Jersey governor election before 8:00 PM ET on Nov 4 2025?,2025-10,2025-11,358,skip_scope,"Timing of a news organization call, not the election outcome."
587170,Politics,608442,Which party wins Virginia House of Delegates?,2025-10,2025-11,365,skip_related_new_selection,Same event family as an earlier replacement.
587170,Politics,593161,Will Mikie Sherrill win by 9-12%?,2025-10,2025-11,372,skip_related_family,Same New Jersey 2025 governor election as retained 551144.
587170,Politics,538928,Will Eric Adams win the 2025 NYC mayoral election?,2025-10,2025-11,379,skip_related_family,Same NYC 2025 mayoral election as retained 563772 and others.
587170,Politics,626729,Will voter turnout in the next New York City mayoral election be between 24–27%?,2025-10,2025-11,386,skip_related_family,Same NYC 2025 mayoral election as retained 563772 and others.
587170,Politics,558107,Will Mamdani get over 50% of the vote in the general mayoral election?,2025-10,2025-11,393,skip_related_family,Same NYC 2025 mayoral election as retained 563772 and others.
587170,Politics,567230,Will LaVerne Gore win the 2025 Cleveland mayoral election?,2025-10,2025-11,400,skip_already_selected,Already retained or allocated to an earlier slot.
587170,Politics,667039,Will Michelle Bachelet come in second in the 1st round of the 2025 Chilean presidential election?,2025-10,2025-11,407,skip_related_family,Same Chile 2025 general election family as retained 668396; group concurrent legislature and presidential contests.
587170,Politics,681513,Will turnout in the first round of the 2025 Chilean presidential election be between 75% and 78%?,2025-10,2025-11,414,skip_related_family,Same Chile 2025 general election family as retained 668396; group concurrent legislature and presidential contests.
587170,Politics,567184,Will Andre Dickens win the 2025 Atlanta mayoral election?,2025-10,2025-11,421,skip_already_selected,Already retained or allocated to an earlier slot.
587170,Politics,666205,Will Jeannette Jara and Johannes Kaiser advance to the runoff?,2025-10,2025-11,428,skip_related_family,Same Chile 2025 general election family as retained 668396; group concurrent legislature and presidential contests.
587170,Politics,666167,Will José Antonio Kast win between 24% and 28% of votes in the first round?,2025-10,2025-11,435,skip_related_family,Same Chile 2025 general election family as retained 668396; group concurrent legislature and presidential contests.
587170,Politics,666123,Will turnout in the first round of the 2025 Chilean presidential election be between 47% and 49%?,2025-10,2025-11,442,skip_related_family,Same Chile 2025 general election family as retained 668396; group concurrent legislature and presidential contests.
587170,Politics,666160,Will Evelyn Matthei win between 12% and 15% of votes in the first round?,2025-10,2025-11,449,skip_related_family,Same Chile 2025 general election family as retained 668396; group concurrent legislature and presidential contests.
587170,Politics,567245,Will Tony Moreno win the 2025 Pittsburgh mayoral election?,2025-10,2025-11,455,skip_already_selected,Already retained or allocated to an earlier slot.
587170,Politics,623207,Will Jason Miyares win the 2025 Virginia Attorney General election?,2025-10,2025-11,461,skip_related_new_selection,Same event family as an earlier replacement.
587170,Politics,567166,Will Saunteel Jenkins win the 2025 Detroit mayoral election?,2025-10,2025-11,466,skip_prior_determination,"Jenkins eliminated in August 5 primary, before November general-election cutoff and study window."
587170,Politics,666131,Will Jara win by 0-3%?,2025-10,2025-11,471,skip_related_family,Same Chile 2025 general election family as retained 668396; group concurrent legislature and presidential contests.
587170,Politics,571956,Will Eduardo Artés win the 1st round of the 2025 Chilean presidential election?,2025-10,2025-11,476,skip_related_family,Same Chile 2025 general election family as retained 668396; group concurrent legislature and presidential contests.
587170,Politics,585984,Will Cyrus Sajna win TX-18 Special Election?,2025-10,2025-11,481,skip_related_family,Same TX18 special election family as retained 1271645 runoff.
587170,Politics,556016,Will Curtis Sliwa drop out?,2025-10,2025-11,486,skip_scope,Candidate withdrawal announcement.
587170,Politics,593165,Will Abigail Spanberger win by 6-9%?,2025-10,2025-11,491,skip_related_new_selection,Same event family as an earlier replacement.
587170,Politics,590864,Will Democrats win between 50 and 54 seats in the 2025 Virginia House of Delegates election?,2025-10,2025-11,496,skip_related_new_selection,Same event family as an earlier replacement.
587170,Politics,617309,Paul Finebaum announces Alabama Senate run by December 31?,2025-10,2025-12,206,skip_scope,"Government formation, appointment, endorsement, announcement or departure; not a public electoral outcome."
587170,Politics,739846,Will Cătălin Drulă get between 10% and 15% of the vote in the Bucharest Mayoral election?,2025-10,2025-12,218,skip_related_family,Same Bucharest mayoral election as retained 799377 and others.
587170,Politics,693255,Will Franco Parisi endorse José Antonio Kast for President of Chile?,2025-10,2025-12,230,skip_scope,"Government formation, appointment, endorsement, announcement or departure; not a public electoral outcome."
587170,Politics,562257,Romania Parliamentary Election called in 2025?,2025-10,2025-12,242,skip_scope,"Government formation, appointment, endorsement, announcement or departure; not a public electoral outcome."
587170,Politics,530829,Mark Carney out as leader of Liberals in 2025?,2025-10,2025-12,254,skip_scope,"Government formation, appointment, endorsement, announcement or departure; not a public electoral outcome."
587170,Politics,586028,Will Vincent Dixie win TN-7 Special Election?,2025-10,2025-12,266,skip_related_family,Same TN07 general special election as retained 695312.
587170,Politics,704810,Will Ciucu win by 3-6%?,2025-10,2025-12,276,skip_related_family,Same Bucharest mayoral election as retained 799377 and others.
587170,Politics,1235514,Will Tô Lâm be the next President of Vietnam?,2025-10,2026-01,208,skip_scope,"Government formation, appointment, endorsement, announcement or departure; not a public electoral outcome."
587170,Politics,695679,Will José Cardoso qualify for the second round of the 2026 Portugal presidential election?,2025-10,2026-01,220,skip_related_family,Same Portugal 2026 presidential election as retained 1065660 and others.
587170,Politics,1065687,Will João Cotrim de Figueiredo win less than 10% of votes in the first round?,2025-10,2026-01,232,skip_related_family,Same Portugal 2026 presidential election as retained 1065660 and others.
587170,Politics,683281,Will Nathan James Nandala Mafabi win the 2026 Ugandan presidential election?,2025-10,2026-01,244,skip_already_selected,Already retained or allocated to an earlier slot.
587170,Politics,1065665,Will Henrique Gouveia e Melo win less than 12% of votes in the first round?,2025-10,2026-01,256,skip_related_family,Same Portugal 2026 presidential election as retained 1065660 and others.
587170,Politics,1245519,Will Partido Popular win 31-33 seats in the 2026 Aragon regional election?,2025-10,2026-02,202,skip_related_family,Aragon legislative election already retained as 1228027.
587170,Politics,1271816,Will Palang Pracharath Party (PPRP) finish in third place by number of seats in the 2026 Thai legislative election?,2025-10,2026-02,214,skip_already_selected,Already retained or allocated to an earlier slot.
587170,Politics,1230679,Will the Liberal Democratic Party win the second-most seats in the 2026 Japanese general election?,2025-10,2026-02,226,skip_related_family,Japan parliamentary election already retained as 1230748 and others.
587170,Politics,670208,Will AY win the most seats in the 2026 Costa Rican Legislative Assembly election?,2025-10,2026-02,238,skip_related_family,Costa Rica general election family already retained as 676453 and others.
587170,Politics,1336374,Will the Liberal Democratic Party win between 280 and 294 seats in the 2026 Japanese snap general election?,2025-10,2026-02,250,skip_related_family,Japan parliamentary election already retained as 1230748 and others.
587170,Politics,1353128,Will the Bangladesh Jamaat-e-Islami (BJI) win between 70 and 99 seats in the Bangladesh parliamentary election?,2025-10,2026-02,262,skip_related_family,Bangladesh parliamentary election already retained as 1353145.
587170,Politics,1271757,Will Democrat Party (DP) finish in second place by number of seats in the 2026 Thai legislative election?,2025-10,2026-02,272,skip_related_new_selection,Same event family as an earlier replacement.
587170,Politics,706054,Will Tyler Paul Smith win the GA-14 special election?,2025-10,2026-02,282,skip_already_selected,Already retained or allocated to an earlier slot.
587170,Politics,1231067,Will turnout in the 2026 Japanese snap election be below 50%?,2025-10,2026-02,291,skip_related_family,Japan parliamentary election already retained as 1230748 and others.
587170,Politics,1272509,Will the People’s Party (PPLE) win between 135 and 149 seats in the 2026 Thai legislative election?,2025-10,2026-02,300,skip_related_new_selection,Same event family as an earlier replacement.
587170,Politics,813511,Will FA win the second most seats in the 2026 Costa Rican Legislative Assembly election?,2025-10,2026-02,309,skip_related_family,Costa Rica general election family already retained as 676453 and others.
587170,Politics,1230482,Will the Conservative Party of Japan loose any seats in Japanese snap election?,2025-10,2026-02,317,skip_related_family,Japan parliamentary election already retained as 1230748 and others.
587170,Politics,1272536,Will the Bhumjaithai Party (BJT) win between 120 and 129 seats in the 2026 Thai legislative election?,2025-10,2026-02,325,skip_related_new_selection,Same event family as an earlier replacement.
587170,Politics,1336956,Will Shafiqur Rahman be the next Prime Minister of Bangladesh after the Parliamentary election?,2025-10,2026-02,333,skip_scope,"Post-election appointment/coalition formation, not public electoral result."
587170,Politics,1253235,Will any presidential candidate win outright in the first round of Costa Rica's presidential election?,2025-10,2026-02,341,skip_related_family,Costa Rica general election already retained as 676453.
587170,Politics,1429452,Will Angeliki Stogia - Labour finish second in the Gorton and Denton by-election?,2025-10,2026-02,348,skip_related_family,Gorton and Denton by-election already retained as 1429620.
587170,Politics,1230040,Will CRA win 173+ seats in the Japanese snap election?,2025-10,2026-02,355,skip_related_family,Japan general election already retained as 1230748.
587170,Politics,1353119,Will the Bangladesh Nationalist Party (BNP) win between 100 and 149 seats in the Bangladesh parliamentary election?,2025-10,2026-02,362,skip_related_family,Bangladesh general election already retained as 1353145.
587170,Politics,1343386,Will Gono Odhikar Parishad finish with the second most seats in the Bangladesh parliamentary election?,2025-10,2026-02,369,skip_related_family,Bangladesh general election already retained as 1353145.
587170,Politics,787709,Will Cammie Croft be the Democratic nominee for the NJ-11 special election?,2025-10,2026-02,376,skip_related_family,New Jersey 11th special election family already retained as 1447597 (general); primary shares family.
587170,Politics,1272553,Will the Pheu Thai Party (PT) win between 100 and 109 seats in the 2026 Thai legislative election?,2025-10,2026-02,383,skip_related_new_selection,Same event family as an earlier replacement.
587170,Politics,1343422,Will the Bangladesh Nationalist Party finish with the third most seats in the Bangladesh parliamentary election?,2025-10,2026-02,390,skip_related_family,Bangladesh general election already retained as 1353145.
587170,Politics,1278362,Will Bangladesh Jamaat-e-Islami (BJI) win the Bangladesh parliamentary election by between 3% and 6%?,2025-10,2026-02,397,skip_related_family,Bangladesh general election already retained as 1353145.
587170,Politics,923045,Will United Thai Nation Party (UTN) win the most seats in the 2026 Thai legislative election?,2025-10,2026-02,404,skip_related_new_selection,Same event family as an earlier replacement.
587170,Politics,1230804,Will Sanseitō be part of the governing coalition as a result of the 2026 Japanese snap election?,2025-10,2026-02,411,skip_scope,"Post-election appointment/coalition formation, not public electoral result."
587170,Politics,1429731,Will the margin of victory in the Gorton and Denton by-election be between 12% and 15%?,2025-10,2026-02,418,skip_related_family,Gorton and Denton by-election already retained as 1429620.
587170,Politics,1235180,Will the Democratic Party For the People win between 31 and 34 seats in the 2026 Japanese snap general election?,2025-10,2026-02,425,skip_related_family,Japan general election already retained as 1230748.
587170,Politics,1231078,Will LDP win a majority in the 2026 Japanese snap election?,2025-10,2026-02,432,skip_related_family,Japan general election already retained as 1230748.
587170,Politics,1235140,Will the Centrist Reform Alliance win fewer than 150 seats in the 2026 Japanese snap general election?,2025-10,2026-02,439,skip_related_family,Japan general election already retained as 1230748.
587170,Politics,1336685,Will the Liberal Democratic Party win by between 190 and 219 seats?,2025-10,2026-02,446,skip_related_family,Japan general election already retained as 1230748.
587170,Politics,679228,Will Michael Swanson be the Democratic nominee for Senate in Texas?,2025-10,2026-03,204,skip_related_family,Texas Democratic Senate primary already retained as 1329055.
587170,Politics,1449809,Will Student & Starter (StuSta) win the most seats in Utrecht’s 2026 municipal election?,2025-10,2026-03,216,skip_already_selected,Already retained or allocated to an earlier slot.
587170,Politics,813537,2026 U.S. House Election: Republican Odds over 40% by March 31?,2025-10,2026-03,228,skip_scope,"Derivative price threshold, not real-world electoral outcome."
587170,Politics,1501172,Will PH win the second most seats in the 2026 Colombian Chamber of Representatives election?,2025-10,2026-03,240,skip_related_family,Colombia parliamentary election family already retained as 1501807.
587170,Politics,1192583,Will Erwann Davoux win the Marseille mayor election?,2025-10,2026-03,252,skip_scope,Mayor chosen by municipal councillors; apply approved public-electoral-contest scope consistently with Lyon.
587170,Politics,1572667,Will Sarah Knafo advance to the second round of the 2026 Paris municipal election?,2025-10,2026-03,264,skip_already_selected,Already retained or allocated to an earlier slot.
587170,Politics,1569018,Will Inuit Ataqatigiit win the third most seats in the Danish Folketing in the 2026 Danish general election?,2025-10,2026-03,274,skip_related_family,Denmark parliamentary election already retained as 1568944.
587170,Politics,1364011,Will CDU win the second most seats in the 2026 Rhineland-Palatinate parliamentary elections?,2025-10,2026-03,284,skip_already_selected,Already retained or allocated to an earlier slot.
587170,Politics,814119,2026 U.S. Senate Election: Republican Odds over 90% by March 31?,2025-10,2026-03,293,skip_scope,Market-price derivative threshold.
587170,Politics,1348661,Will Cliff Johnson be the Democratic Nominee for MS-01?,2025-10,2026-03,302,skip_already_selected,Already retained or allocated to an earlier slot.
587170,Politics,681421,Will Mark J.N. Doyle be the next Prime Minister of Saint Vincent and the Grenadines?,2025-10,2026-03,311,skip_scope,Post-election appointment and swearing-in.
587170,Politics,1575605,Will the Social Democrats’ Popular Vote Margin of Victory in the 2026 Denmark Parliamentary Election be greater than or equal to 15%?,2025-10,2026-03,319,skip_related_family,Same Denmark parliamentary event as retained 1568944.
587170,Politics,907414,Will Andrew White win the 2026 Texas Governor Democratic primary election?,2025-10,2026-03,327,skip_prior_determination,"Andrew White withdrew January 5, before March 3 primary forecast."
587170,Politics,1340763,Will Brandon Herrera be the Republican nominee for TX-23?,2025-10,2026-03,335,skip_already_selected,Already retained or allocated to an earlier slot.
587170,Politics,1654484,Will Jean-Philippe Veter be the next mayor of Strasbourg?,2025-10,2026-03,343,skip_scope,Councillors elect the mayor after the public municipal vote.
587170,Politics,1568933,Will turnout in the 2026 Danish general elections be below 80%?,2025-10,2026-03,350,skip_related_family,Same Denmark parliamentary election as retained 1568944.
587170,Politics,1097101,"Venezuela election scheduled by March 31, 2026?",2025-10,2026-03,357,skip_scope,Election scheduling announcement.
587170,Politics,1328296,Will Jasmine Crockett receive the most votes in the first round of the Democratic Senate primary in Texas?,2025-10,2026-03,364,skip_related_family,Same Texas Democratic Senate primary as retained 1329055.
587170,Politics,679255,Will Steve Botsford Jr. be the Democratic nominee for Senate in Illinois?,2025-10,2026-03,371,skip_already_selected,Already retained or allocated to an earlier slot.
587170,Politics,1555819,Will Mario Adinolfi win the 2026 Selvazzano Dentro by-election?,2025-10,2026-03,378,scope_eligible_timing_pending,Full saved rules specify a public electoral contest; time and participation not yet verified.
644510,Politics,1235514,Will Tô Lâm be the next President of Vietnam?,2026-01,2026-01,208,skip_scope,"Government formation, appointment, endorsement, announcement or departure; not a public electoral outcome."
644510,Politics,695679,Will José Cardoso qualify for the second round of the 2026 Portugal presidential election?,2026-01,2026-01,220,skip_related_family,Same Portugal 2026 presidential election as retained 1065660 and others.
644510,Politics,1065687,Will João Cotrim de Figueiredo win less than 10% of votes in the first round?,2026-01,2026-01,232,skip_related_family,Same Portugal 2026 presidential election as retained 1065660 and others.
644510,Politics,683281,Will Nathan James Nandala Mafabi win the 2026 Ugandan presidential election?,2026-01,2026-01,244,skip_already_selected,Already retained or allocated to an earlier slot.
644510,Politics,1065665,Will Henrique Gouveia e Melo win less than 12% of votes in the first round?,2026-01,2026-01,256,skip_related_family,Same Portugal 2026 presidential election as retained 1065660 and others.
644510,Politics,617309,Paul Finebaum announces Alabama Senate run by December 31?,2026-01,2025-12,206,skip_scope,"Government formation, appointment, endorsement, announcement or departure; not a public electoral outcome."
644510,Politics,739846,Will Cătălin Drulă get between 10% and 15% of the vote in the Bucharest Mayoral election?,2026-01,2025-12,218,skip_related_family,Same Bucharest mayoral election as retained 799377 and others.
644510,Politics,693255,Will Franco Parisi endorse José Antonio Kast for President of Chile?,2026-01,2025-12,230,skip_scope,"Government formation, appointment, endorsement, announcement or departure; not a public electoral outcome."
644510,Politics,562257,Romania Parliamentary Election called in 2025?,2026-01,2025-12,242,skip_scope,"Government formation, appointment, endorsement, announcement or departure; not a public electoral outcome."
644510,Politics,530829,Mark Carney out as leader of Liberals in 2025?,2026-01,2025-12,254,skip_scope,"Government formation, appointment, endorsement, announcement or departure; not a public electoral outcome."
644510,Politics,586028,Will Vincent Dixie win TN-7 Special Election?,2026-01,2025-12,266,skip_related_family,Same TN07 general special election as retained 695312.
644510,Politics,704810,Will Ciucu win by 3-6%?,2026-01,2025-12,276,skip_related_family,Same Bucharest mayoral election as retained 799377 and others.
644510,Politics,1245519,Will Partido Popular win 31-33 seats in the 2026 Aragon regional election?,2026-01,2026-02,202,skip_related_family,Aragon legislative election already retained as 1228027.
644510,Politics,1271816,Will Palang Pracharath Party (PPRP) finish in third place by number of seats in the 2026 Thai legislative election?,2026-01,2026-02,214,skip_already_selected,Already retained or allocated to an earlier slot.
644510,Politics,1230679,Will the Liberal Democratic Party win the second-most seats in the 2026 Japanese general election?,2026-01,2026-02,226,skip_related_family,Japan parliamentary election already retained as 1230748 and others.
644510,Politics,670208,Will AY win the most seats in the 2026 Costa Rican Legislative Assembly election?,2026-01,2026-02,238,skip_related_family,Costa Rica general election family already retained as 676453 and others.
644510,Politics,1336374,Will the Liberal Democratic Party win between 280 and 294 seats in the 2026 Japanese snap general election?,2026-01,2026-02,250,skip_related_family,Japan parliamentary election already retained as 1230748 and others.
644510,Politics,1353128,Will the Bangladesh Jamaat-e-Islami (BJI) win between 70 and 99 seats in the Bangladesh parliamentary election?,2026-01,2026-02,262,skip_related_family,Bangladesh parliamentary election already retained as 1353145.
644510,Politics,1271757,Will Democrat Party (DP) finish in second place by number of seats in the 2026 Thai legislative election?,2026-01,2026-02,272,skip_related_new_selection,Same event family as an earlier replacement.
644510,Politics,706054,Will Tyler Paul Smith win the GA-14 special election?,2026-01,2026-02,282,skip_already_selected,Already retained or allocated to an earlier slot.
644510,Politics,1231067,Will turnout in the 2026 Japanese snap election be below 50%?,2026-01,2026-02,291,skip_related_family,Japan parliamentary election already retained as 1230748 and others.
644510,Politics,1272509,Will the People’s Party (PPLE) win between 135 and 149 seats in the 2026 Thai legislative election?,2026-01,2026-02,300,skip_related_new_selection,Same event family as an earlier replacement.
644510,Politics,813511,Will FA win the second most seats in the 2026 Costa Rican Legislative Assembly election?,2026-01,2026-02,309,skip_related_family,Costa Rica general election family already retained as 676453 and others.
644510,Politics,1230482,Will the Conservative Party of Japan loose any seats in Japanese snap election?,2026-01,2026-02,317,skip_related_family,Japan parliamentary election already retained as 1230748 and others.
644510,Politics,1272536,Will the Bhumjaithai Party (BJT) win between 120 and 129 seats in the 2026 Thai legislative election?,2026-01,2026-02,325,skip_related_new_selection,Same event family as an earlier replacement.
644510,Politics,1336956,Will Shafiqur Rahman be the next Prime Minister of Bangladesh after the Parliamentary election?,2026-01,2026-02,333,skip_scope,"Post-election appointment/coalition formation, not public electoral result."
644510,Politics,1253235,Will any presidential candidate win outright in the first round of Costa Rica's presidential election?,2026-01,2026-02,341,skip_related_family,Costa Rica general election already retained as 676453.
644510,Politics,1429452,Will Angeliki Stogia - Labour finish second in the Gorton and Denton by-election?,2026-01,2026-02,348,skip_related_family,Gorton and Denton by-election already retained as 1429620.
644510,Politics,1230040,Will CRA win 173+ seats in the Japanese snap election?,2026-01,2026-02,355,skip_related_family,Japan general election already retained as 1230748.
644510,Politics,1353119,Will the Bangladesh Nationalist Party (BNP) win between 100 and 149 seats in the Bangladesh parliamentary election?,2026-01,2026-02,362,skip_related_family,Bangladesh general election already retained as 1353145.
644510,Politics,1343386,Will Gono Odhikar Parishad finish with the second most seats in the Bangladesh parliamentary election?,2026-01,2026-02,369,skip_related_family,Bangladesh general election already retained as 1353145.
644510,Politics,787709,Will Cammie Croft be the Democratic nominee for the NJ-11 special election?,2026-01,2026-02,376,skip_related_family,New Jersey 11th special election family already retained as 1447597 (general); primary shares family.
644510,Politics,1272553,Will the Pheu Thai Party (PT) win between 100 and 109 seats in the 2026 Thai legislative election?,2026-01,2026-02,383,skip_related_new_selection,Same event family as an earlier replacement.
644510,Politics,1343422,Will the Bangladesh Nationalist Party finish with the third most seats in the Bangladesh parliamentary election?,2026-01,2026-02,390,skip_related_family,Bangladesh general election already retained as 1353145.
644510,Politics,1278362,Will Bangladesh Jamaat-e-Islami (BJI) win the Bangladesh parliamentary election by between 3% and 6%?,2026-01,2026-02,397,skip_related_family,Bangladesh general election already retained as 1353145.
644510,Politics,923045,Will United Thai Nation Party (UTN) win the most seats in the 2026 Thai legislative election?,2026-01,2026-02,404,skip_related_new_selection,Same event family as an earlier replacement.
644510,Politics,1230804,Will Sanseitō be part of the governing coalition as a result of the 2026 Japanese snap election?,2026-01,2026-02,411,skip_scope,"Post-election appointment/coalition formation, not public electoral result."
644510,Politics,1429731,Will the margin of victory in the Gorton and Denton by-election be between 12% and 15%?,2026-01,2026-02,418,skip_related_family,Gorton and Denton by-election already retained as 1429620.
644510,Politics,1235180,Will the Democratic Party For the People win between 31 and 34 seats in the 2026 Japanese snap general election?,2026-01,2026-02,425,skip_related_family,Japan general election already retained as 1230748.
644510,Politics,1231078,Will LDP win a majority in the 2026 Japanese snap election?,2026-01,2026-02,432,skip_related_family,Japan general election already retained as 1230748.
644510,Politics,1235140,Will the Centrist Reform Alliance win fewer than 150 seats in the 2026 Japanese snap general election?,2026-01,2026-02,439,skip_related_family,Japan general election already retained as 1230748.
644510,Politics,1336685,Will the Liberal Democratic Party win by between 190 and 219 seats?,2026-01,2026-02,446,skip_related_family,Japan general election already retained as 1230748.
644510,Politics,654261,Will Zohran Mamdani get between 55% and 60% of the vote in the 2025 NYC mayoral election?,2026-01,2025-11,209,skip_related_family,Same NYC 2025 mayoral election as retained 563772 and others.
644510,Politics,668100,Will Salvador Nasralla win the 2025 Honduras presidential election?,2026-01,2025-11,221,skip_already_selected,Already retained or allocated to an earlier slot.
644510,Politics,670075,Will Franco Parisi come in fourth in the 1st round of the 2025 Chilean presidential election?,2026-01,2025-11,233,skip_related_family,Same Chile 2025 general election family as retained 668396; group concurrent legislature and presidential contests.
644510,Politics,588784,Will Sliwa or Adams get more votes?,2026-01,2025-11,245,skip_related_family,Same NYC 2025 mayoral election as retained 563772 and others.
644510,Politics,566989,Will DeWayne Davis win the 2025 Minneapolis mayoral election?,2026-01,2025-11,257,skip_already_selected,Already retained or allocated to an earlier slot.
644510,Politics,666470,Will Cambio por Chile gain the most seats in the Senate election?,2026-01,2025-11,268,skip_related_family,Same Chile 2025 general election family as retained 668396; group concurrent legislature and presidential contests.
644510,Politics,666146,Will Jeannette Jara win between 20% and 24% of votes in the first round?,2026-01,2025-11,278,skip_related_family,Same Chile 2025 general election family as retained 668396; group concurrent legislature and presidential contests.
644510,Politics,567138,Will Katie Wilson win the 2025 Seattle mayoral election?,2026-01,2025-11,287,skip_already_selected,Already retained or allocated to an earlier slot.
644510,Politics,571950,Will any presidential candidate win outright in the first round of the Chile's election?,2026-01,2025-11,296,skip_related_family,Same Chile 2025 general election family as retained 668396; group concurrent legislature and presidential contests.
644510,Politics,555813,Will Abigail Spanberger win the Virginia Governor Election in 2025,2026-01,2025-11,305,skip_already_selected,Already retained or allocated to an earlier slot.
644510,Politics,541622,Will José Antonio Kast win the Chilean presidential election?,2026-01,2025-11,313,skip_related_family,Same Chile 2025 general election family as retained 668396; group concurrent legislature and presidential contests.
644510,Politics,567121,Will Ed Flynn win the 2025 Boston mayoral election?,2026-01,2025-11,321,skip_prior_determination,"Ed Flynn declined the Boston mayoral race in January 2025, before the forecast; no longer an uncertain candidacy for this design."
644510,Politics,563789,Will Zohran Mamdani win 3 boroughs in the 2025 New York City Mayoral General Election?,2026-01,2025-11,329,skip_related_family,Same NYC 2025 mayoral election as retained 563772 and others.
644510,Politics,567009,Will Eileen Higgins win the 2025 Miami mayoral election?,2026-01,2025-11,337,skip_already_selected,Already retained or allocated to an earlier slot.
644510,Politics,666199,Will Johannes Kaiser win between 10% and 13% of votes in the first round?,2026-01,2025-11,344,skip_related_family,Same Chile 2025 general election family as retained 668396; group concurrent legislature and presidential contests.
644510,Politics,666455,Will Izquierda Ecologista Popular Animalista y Humanista hold the most seats in the Chamber of Deputies?,2026-01,2025-11,351,skip_related_family,Same Chile 2025 general election family as retained 668396; group concurrent legislature and presidential contests.
644510,Politics,654457,Will the Associated Press first call the 2025 New Jersey governor election before 8:00 PM ET on Nov 4 2025?,2026-01,2025-11,358,skip_scope,"Timing of a news organization call, not the election outcome."
644510,Politics,608442,Which party wins Virginia House of Delegates?,2026-01,2025-11,365,skip_related_new_selection,Same event family as an earlier replacement.
644510,Politics,593161,Will Mikie Sherrill win by 9-12%?,2026-01,2025-11,372,skip_related_family,Same New Jersey 2025 governor election as retained 551144.
644510,Politics,538928,Will Eric Adams win the 2025 NYC mayoral election?,2026-01,2025-11,379,skip_related_family,Same NYC 2025 mayoral election as retained 563772 and others.
644510,Politics,626729,Will voter turnout in the next New York City mayoral election be between 24–27%?,2026-01,2025-11,386,skip_related_family,Same NYC 2025 mayoral election as retained 563772 and others.
644510,Politics,558107,Will Mamdani get over 50% of the vote in the general mayoral election?,2026-01,2025-11,393,skip_related_family,Same NYC 2025 mayoral election as retained 563772 and others.
644510,Politics,567230,Will LaVerne Gore win the 2025 Cleveland mayoral election?,2026-01,2025-11,400,skip_already_selected,Already retained or allocated to an earlier slot.
644510,Politics,667039,Will Michelle Bachelet come in second in the 1st round of the 2025 Chilean presidential election?,2026-01,2025-11,407,skip_related_family,Same Chile 2025 general election family as retained 668396; group concurrent legislature and presidential contests.
644510,Politics,681513,Will turnout in the first round of the 2025 Chilean presidential election be between 75% and 78%?,2026-01,2025-11,414,skip_related_family,Same Chile 2025 general election family as retained 668396; group concurrent legislature and presidential contests.
644510,Politics,567184,Will Andre Dickens win the 2025 Atlanta mayoral election?,2026-01,2025-11,421,skip_already_selected,Already retained or allocated to an earlier slot.
644510,Politics,666205,Will Jeannette Jara and Johannes Kaiser advance to the runoff?,2026-01,2025-11,428,skip_related_family,Same Chile 2025 general election family as retained 668396; group concurrent legislature and presidential contests.
644510,Politics,666167,Will José Antonio Kast win between 24% and 28% of votes in the first round?,2026-01,2025-11,435,skip_related_family,Same Chile 2025 general election family as retained 668396; group concurrent legislature and presidential contests.
644510,Politics,666123,Will turnout in the first round of the 2025 Chilean presidential election be between 47% and 49%?,2026-01,2025-11,442,skip_related_family,Same Chile 2025 general election family as retained 668396; group concurrent legislature and presidential contests.
644510,Politics,666160,Will Evelyn Matthei win between 12% and 15% of votes in the first round?,2026-01,2025-11,449,skip_related_family,Same Chile 2025 general election family as retained 668396; group concurrent legislature and presidential contests.
644510,Politics,567245,Will Tony Moreno win the 2025 Pittsburgh mayoral election?,2026-01,2025-11,455,skip_already_selected,Already retained or allocated to an earlier slot.
644510,Politics,623207,Will Jason Miyares win the 2025 Virginia Attorney General election?,2026-01,2025-11,461,skip_related_new_selection,Same event family as an earlier replacement.
644510,Politics,567166,Will Saunteel Jenkins win the 2025 Detroit mayoral election?,2026-01,2025-11,466,skip_prior_determination,"Jenkins eliminated in August 5 primary, before November general-election cutoff and study window."
644510,Politics,666131,Will Jara win by 0-3%?,2026-01,2025-11,471,skip_related_family,Same Chile 2025 general election family as retained 668396; group concurrent legislature and presidential contests.
644510,Politics,571956,Will Eduardo Artés win the 1st round of the 2025 Chilean presidential election?,2026-01,2025-11,476,skip_related_family,Same Chile 2025 general election family as retained 668396; group concurrent legislature and presidential contests.
644510,Politics,585984,Will Cyrus Sajna win TX-18 Special Election?,2026-01,2025-11,481,skip_related_family,Same TX18 special election family as retained 1271645 runoff.
644510,Politics,556016,Will Curtis Sliwa drop out?,2026-01,2025-11,486,skip_scope,Candidate withdrawal announcement.
644510,Politics,593165,Will Abigail Spanberger win by 6-9%?,2026-01,2025-11,491,skip_related_new_selection,Same event family as an earlier replacement.
644510,Politics,590864,Will Democrats win between 50 and 54 seats in the 2025 Virginia House of Delegates election?,2026-01,2025-11,496,skip_related_new_selection,Same event family as an earlier replacement.
644510,Politics,679228,Will Michael Swanson be the Democratic nominee for Senate in Texas?,2026-01,2026-03,204,skip_related_family,Texas Democratic Senate primary already retained as 1329055.
644510,Politics,1449809,Will Student & Starter (StuSta) win the most seats in Utrecht’s 2026 municipal election?,2026-01,2026-03,216,skip_already_selected,Already retained or allocated to an earlier slot.
644510,Politics,813537,2026 U.S. House Election: Republican Odds over 40% by March 31?,2026-01,2026-03,228,skip_scope,"Derivative price threshold, not real-world electoral outcome."
644510,Politics,1501172,Will PH win the second most seats in the 2026 Colombian Chamber of Representatives election?,2026-01,2026-03,240,skip_related_family,Colombia parliamentary election family already retained as 1501807.
644510,Politics,1192583,Will Erwann Davoux win the Marseille mayor election?,2026-01,2026-03,252,skip_scope,Mayor chosen by municipal councillors; apply approved public-electoral-contest scope consistently with Lyon.
644510,Politics,1572667,Will Sarah Knafo advance to the second round of the 2026 Paris municipal election?,2026-01,2026-03,264,skip_already_selected,Already retained or allocated to an earlier slot.
644510,Politics,1569018,Will Inuit Ataqatigiit win the third most seats in the Danish Folketing in the 2026 Danish general election?,2026-01,2026-03,274,skip_related_family,Denmark parliamentary election already retained as 1568944.
644510,Politics,1364011,Will CDU win the second most seats in the 2026 Rhineland-Palatinate parliamentary elections?,2026-01,2026-03,284,skip_already_selected,Already retained or allocated to an earlier slot.
644510,Politics,814119,2026 U.S. Senate Election: Republican Odds over 90% by March 31?,2026-01,2026-03,293,skip_scope,Market-price derivative threshold.
644510,Politics,1348661,Will Cliff Johnson be the Democratic Nominee for MS-01?,2026-01,2026-03,302,skip_already_selected,Already retained or allocated to an earlier slot.
644510,Politics,681421,Will Mark J.N. Doyle be the next Prime Minister of Saint Vincent and the Grenadines?,2026-01,2026-03,311,skip_scope,Post-election appointment and swearing-in.
644510,Politics,1575605,Will the Social Democrats’ Popular Vote Margin of Victory in the 2026 Denmark Parliamentary Election be greater than or equal to 15%?,2026-01,2026-03,319,skip_related_family,Same Denmark parliamentary event as retained 1568944.
644510,Politics,907414,Will Andrew White win the 2026 Texas Governor Democratic primary election?,2026-01,2026-03,327,skip_prior_determination,"Andrew White withdrew January 5, before March 3 primary forecast."
644510,Politics,1340763,Will Brandon Herrera be the Republican nominee for TX-23?,2026-01,2026-03,335,skip_already_selected,Already retained or allocated to an earlier slot.
644510,Politics,1654484,Will Jean-Philippe Veter be the next mayor of Strasbourg?,2026-01,2026-03,343,skip_scope,Councillors elect the mayor after the public municipal vote.
644510,Politics,1568933,Will turnout in the 2026 Danish general elections be below 80%?,2026-01,2026-03,350,skip_related_family,Same Denmark parliamentary election as retained 1568944.
644510,Politics,1097101,"Venezuela election scheduled by March 31, 2026?",2026-01,2026-03,357,skip_scope,Election scheduling announcement.
644510,Politics,1328296,Will Jasmine Crockett receive the most votes in the first round of the Democratic Senate primary in Texas?,2026-01,2026-03,364,skip_related_family,Same Texas Democratic Senate primary as retained 1329055.
644510,Politics,679255,Will Steve Botsford Jr. be the Democratic nominee for Senate in Illinois?,2026-01,2026-03,371,skip_already_selected,Already retained or allocated to an earlier slot.
644510,Politics,1555819,Will Mario Adinolfi win the 2026 Selvazzano Dentro by-election?,2026-01,2026-03,378,skip_already_selected,Already retained or allocated to an earlier slot.
644510,Politics,569316,Will CR win the most seats in the 2026 Colombian Chamber of Representatives election?,2026-01,2026-03,385,skip_related_family,Same Colombia parliamentary event as retained 1501807.
644510,Politics,737251,Will Rastriya Janamorcha win the most seats in the Nepal House of Representatives election?,2026-01,2026-03,392,skip_related_family,Same Nepal House election as retained 1386616.
644510,Politics,704319,Will Trey Trainor be the Republican nominee for TX-21?,2026-01,2026-03,399,scope_eligible_timing_pending,Full saved rules specify a public electoral contest. Exact boundary and participation remain unverified.
575798,Politics,545313,Will the Patriotic Electoral Bloc win the most seats in the 2025 Moldova parliamentary election?,2025-09,2025-09,201,skip_already_selected,Already retained or allocated to an earlier slot.
575798,Politics,586007,Will Eduardo Quintana win AZ-7 Special Election?,2025-09,2025-09,213,skip_already_selected,Already retained or allocated to an earlier slot.
575798,Politics,586353,Will the Conservative Party (H) win between 29 and 31 seats in the Norwegian election?,2025-09,2025-09,225,skip_related_family,Norway parliamentary election already retained as 578634 and others.
575798,Politics,578708,Will voter turnout in the 2025 Norwegian parliamentary election be between 70 and 72%?,2025-09,2025-09,237,skip_related_family,Norway parliamentary election already retained as 578634 and others.
575798,Politics,578699,Liberal Party (V) wins 4% or more of vote in Norwegian election?,2025-09,2025-09,249,skip_related_family,Norway parliamentary election already retained as 578634 and others.
575798,Politics,537136,Will H win the most seats in the next Norwegian parliamentary election?,2025-09,2025-09,261,skip_related_family,Norway parliamentary election already retained as 578634 and others.
575798,Politics,578064,"Will Jorge ""Tuto"" Quiroga win by 10–15%?",2025-09,2025-10,205,skip_related_family,Same 2025 Bolivia presidential election family as retained 543268 (different round; keep grouped).
575798,Politics,586581,Will PvdD be part of the next Government of the Netherlands?,2025-09,2025-10,217,skip_scope,"Government formation, appointment, endorsement, announcement or departure; not a public electoral outcome."
575798,Politics,587437,Will Roberto Occhiuto win Calabria Regional Election?,2025-09,2025-10,229,skip_already_selected,Already retained or allocated to an earlier slot.
575798,Politics,580912,ANO wins 33% or more of vote in Czech election?,2025-09,2025-10,241,skip_related_family,Same Czech 2025 parliamentary election as retained 530746 and others.
575798,Politics,580918,Pirates wins 10% or more of vote in Czech election?,2025-09,2025-10,253,skip_related_family,Same Czech 2025 parliamentary election as retained 530746 and others.
575798,Politics,648705,Netherlands Parliamentary Election: D66 vs VVD,2025-09,2025-10,265,skip_related_family,Same Netherlands 2025 parliamentary election as retained 641171 and others.
575798,Politics,648703,Will D66 win 20 or more seats in the 2025 Netherlands parliamentary election?,2025-09,2025-10,275,skip_related_family,Same Netherlands 2025 parliamentary election as retained 641171 and others.
575798,Politics,648697,Will VVD win 14–15 seats in the 2025 Netherlands parliamentary election?,2025-09,2025-10,285,skip_related_family,Same Netherlands 2025 parliamentary election as retained 641171 and others.
575798,Politics,580920,Will turnout be less than 60% in the Czech election?,2025-09,2025-10,294,skip_related_family,Same Czech 2025 parliamentary election as retained 530746 and others.
575798,Politics,648695,Will JA21 win 13 or more seats in the 2025 Netherlands parliamentary election?,2025-09,2025-10,303,skip_related_family,Same Netherlands 2025 parliamentary election as retained 641171 and others.
575798,Politics,580914,SPOLU wins 20% or more of vote in Czech election?,2025-09,2025-10,312,skip_related_family,Same Czech 2025 parliamentary election as retained 530746 and others.
575798,Politics,580869,Will Starostové get less than 7% of the vote in the Czech election?,2025-09,2025-10,320,skip_related_family,Same Czech 2025 parliamentary election as retained 530746 and others.
575798,Politics,580928,Will Karel Havlíček be the next Prime Minister of the Czech Republic after the elections?,2025-09,2025-10,328,skip_scope,"Government formation, appointment, endorsement, announcement or departure; not a public electoral outcome."
575798,Politics,580916,SPD wins 14% or more of vote in Czech election?,2025-09,2025-10,336,skip_related_family,Same Czech 2025 parliamentary election as retained 530746 and others.
575798,Politics,654261,Will Zohran Mamdani get between 55% and 60% of the vote in the 2025 NYC mayoral election?,2025-09,2025-11,209,skip_related_family,Same NYC 2025 mayoral election as retained 563772 and others.
575798,Politics,668100,Will Salvador Nasralla win the 2025 Honduras presidential election?,2025-09,2025-11,221,skip_already_selected,Already retained or allocated to an earlier slot.
575798,Politics,670075,Will Franco Parisi come in fourth in the 1st round of the 2025 Chilean presidential election?,2025-09,2025-11,233,skip_related_family,Same Chile 2025 general election family as retained 668396; group concurrent legislature and presidential contests.
575798,Politics,588784,Will Sliwa or Adams get more votes?,2025-09,2025-11,245,skip_related_family,Same NYC 2025 mayoral election as retained 563772 and others.
575798,Politics,566989,Will DeWayne Davis win the 2025 Minneapolis mayoral election?,2025-09,2025-11,257,skip_already_selected,Already retained or allocated to an earlier slot.
575798,Politics,666470,Will Cambio por Chile gain the most seats in the Senate election?,2025-09,2025-11,268,skip_related_family,Same Chile 2025 general election family as retained 668396; group concurrent legislature and presidential contests.
575798,Politics,666146,Will Jeannette Jara win between 20% and 24% of votes in the first round?,2025-09,2025-11,278,skip_related_family,Same Chile 2025 general election family as retained 668396; group concurrent legislature and presidential contests.
575798,Politics,567138,Will Katie Wilson win the 2025 Seattle mayoral election?,2025-09,2025-11,287,skip_already_selected,Already retained or allocated to an earlier slot.
575798,Politics,571950,Will any presidential candidate win outright in the first round of the Chile's election?,2025-09,2025-11,296,skip_related_family,Same Chile 2025 general election family as retained 668396; group concurrent legislature and presidential contests.
575798,Politics,555813,Will Abigail Spanberger win the Virginia Governor Election in 2025,2025-09,2025-11,305,skip_already_selected,Already retained or allocated to an earlier slot.
575798,Politics,541622,Will José Antonio Kast win the Chilean presidential election?,2025-09,2025-11,313,skip_related_family,Same Chile 2025 general election family as retained 668396; group concurrent legislature and presidential contests.
575798,Politics,567121,Will Ed Flynn win the 2025 Boston mayoral election?,2025-09,2025-11,321,skip_prior_determination,"Ed Flynn declined the Boston mayoral race in January 2025, before the forecast; no longer an uncertain candidacy for this design."
575798,Politics,563789,Will Zohran Mamdani win 3 boroughs in the 2025 New York City Mayoral General Election?,2025-09,2025-11,329,skip_related_family,Same NYC 2025 mayoral election as retained 563772 and others.
575798,Politics,567009,Will Eileen Higgins win the 2025 Miami mayoral election?,2025-09,2025-11,337,skip_already_selected,Already retained or allocated to an earlier slot.
575798,Politics,666199,Will Johannes Kaiser win between 10% and 13% of votes in the first round?,2025-09,2025-11,344,skip_related_family,Same Chile 2025 general election family as retained 668396; group concurrent legislature and presidential contests.
575798,Politics,666455,Will Izquierda Ecologista Popular Animalista y Humanista hold the most seats in the Chamber of Deputies?,2025-09,2025-11,351,skip_related_family,Same Chile 2025 general election family as retained 668396; group concurrent legislature and presidential contests.
575798,Politics,654457,Will the Associated Press first call the 2025 New Jersey governor election before 8:00 PM ET on Nov 4 2025?,2025-09,2025-11,358,skip_scope,"Timing of a news organization call, not the election outcome."
575798,Politics,608442,Which party wins Virginia House of Delegates?,2025-09,2025-11,365,skip_related_new_selection,Same event family as an earlier replacement.
575798,Politics,593161,Will Mikie Sherrill win by 9-12%?,2025-09,2025-11,372,skip_related_family,Same New Jersey 2025 governor election as retained 551144.
575798,Politics,538928,Will Eric Adams win the 2025 NYC mayoral election?,2025-09,2025-11,379,skip_related_family,Same NYC 2025 mayoral election as retained 563772 and others.
575798,Politics,626729,Will voter turnout in the next New York City mayoral election be between 24–27%?,2025-09,2025-11,386,skip_related_family,Same NYC 2025 mayoral election as retained 563772 and others.
575798,Politics,558107,Will Mamdani get over 50% of the vote in the general mayoral election?,2025-09,2025-11,393,skip_related_family,Same NYC 2025 mayoral election as retained 563772 and others.
575798,Politics,567230,Will LaVerne Gore win the 2025 Cleveland mayoral election?,2025-09,2025-11,400,skip_already_selected,Already retained or allocated to an earlier slot.
575798,Politics,667039,Will Michelle Bachelet come in second in the 1st round of the 2025 Chilean presidential election?,2025-09,2025-11,407,skip_related_family,Same Chile 2025 general election family as retained 668396; group concurrent legislature and presidential contests.
575798,Politics,681513,Will turnout in the first round of the 2025 Chilean presidential election be between 75% and 78%?,2025-09,2025-11,414,skip_related_family,Same Chile 2025 general election family as retained 668396; group concurrent legislature and presidential contests.
575798,Politics,567184,Will Andre Dickens win the 2025 Atlanta mayoral election?,2025-09,2025-11,421,skip_already_selected,Already retained or allocated to an earlier slot.
575798,Politics,666205,Will Jeannette Jara and Johannes Kaiser advance to the runoff?,2025-09,2025-11,428,skip_related_family,Same Chile 2025 general election family as retained 668396; group concurrent legislature and presidential contests.
575798,Politics,666167,Will José Antonio Kast win between 24% and 28% of votes in the first round?,2025-09,2025-11,435,skip_related_family,Same Chile 2025 general election family as retained 668396; group concurrent legislature and presidential contests.
575798,Politics,666123,Will turnout in the first round of the 2025 Chilean presidential election be between 47% and 49%?,2025-09,2025-11,442,skip_related_family,Same Chile 2025 general election family as retained 668396; group concurrent legislature and presidential contests.
575798,Politics,666160,Will Evelyn Matthei win between 12% and 15% of votes in the first round?,2025-09,2025-11,449,skip_related_family,Same Chile 2025 general election family as retained 668396; group concurrent legislature and presidential contests.
575798,Politics,567245,Will Tony Moreno win the 2025 Pittsburgh mayoral election?,2025-09,2025-11,455,skip_already_selected,Already retained or allocated to an earlier slot.
575798,Politics,623207,Will Jason Miyares win the 2025 Virginia Attorney General election?,2025-09,2025-11,461,skip_related_new_selection,Same event family as an earlier replacement.
575798,Politics,567166,Will Saunteel Jenkins win the 2025 Detroit mayoral election?,2025-09,2025-11,466,skip_prior_determination,"Jenkins eliminated in August 5 primary, before November general-election cutoff and study window."
575798,Politics,666131,Will Jara win by 0-3%?,2025-09,2025-11,471,skip_related_family,Same Chile 2025 general election family as retained 668396; group concurrent legislature and presidential contests.
575798,Politics,571956,Will Eduardo Artés win the 1st round of the 2025 Chilean presidential election?,2025-09,2025-11,476,skip_related_family,Same Chile 2025 general election family as retained 668396; group concurrent legislature and presidential contests.
575798,Politics,585984,Will Cyrus Sajna win TX-18 Special Election?,2025-09,2025-11,481,skip_related_family,Same TX18 special election family as retained 1271645 runoff.
575798,Politics,556016,Will Curtis Sliwa drop out?,2025-09,2025-11,486,skip_scope,Candidate withdrawal announcement.
575798,Politics,593165,Will Abigail Spanberger win by 6-9%?,2025-09,2025-11,491,skip_related_new_selection,Same event family as an earlier replacement.
575798,Politics,590864,Will Democrats win between 50 and 54 seats in the 2025 Virginia House of Delegates election?,2025-09,2025-11,496,skip_related_new_selection,Same event family as an earlier replacement.
575798,Politics,617309,Paul Finebaum announces Alabama Senate run by December 31?,2025-09,2025-12,206,skip_scope,"Government formation, appointment, endorsement, announcement or departure; not a public electoral outcome."
575798,Politics,739846,Will Cătălin Drulă get between 10% and 15% of the vote in the Bucharest Mayoral election?,2025-09,2025-12,218,skip_related_family,Same Bucharest mayoral election as retained 799377 and others.
575798,Politics,693255,Will Franco Parisi endorse José Antonio Kast for President of Chile?,2025-09,2025-12,230,skip_scope,"Government formation, appointment, endorsement, announcement or departure; not a public electoral outcome."
575798,Politics,562257,Romania Parliamentary Election called in 2025?,2025-09,2025-12,242,skip_scope,"Government formation, appointment, endorsement, announcement or departure; not a public electoral outcome."
575798,Politics,530829,Mark Carney out as leader of Liberals in 2025?,2025-09,2025-12,254,skip_scope,"Government formation, appointment, endorsement, announcement or departure; not a public electoral outcome."
575798,Politics,586028,Will Vincent Dixie win TN-7 Special Election?,2025-09,2025-12,266,skip_related_family,Same TN07 general special election as retained 695312.
575798,Politics,704810,Will Ciucu win by 3-6%?,2025-09,2025-12,276,skip_related_family,Same Bucharest mayoral election as retained 799377 and others.
575798,Politics,1235514,Will Tô Lâm be the next President of Vietnam?,2025-09,2026-01,208,skip_scope,"Government formation, appointment, endorsement, announcement or departure; not a public electoral outcome."
575798,Politics,695679,Will José Cardoso qualify for the second round of the 2026 Portugal presidential election?,2025-09,2026-01,220,skip_related_family,Same Portugal 2026 presidential election as retained 1065660 and others.
575798,Politics,1065687,Will João Cotrim de Figueiredo win less than 10% of votes in the first round?,2025-09,2026-01,232,skip_related_family,Same Portugal 2026 presidential election as retained 1065660 and others.
575798,Politics,683281,Will Nathan James Nandala Mafabi win the 2026 Ugandan presidential election?,2025-09,2026-01,244,skip_already_selected,Already retained or allocated to an earlier slot.
575798,Politics,1065665,Will Henrique Gouveia e Melo win less than 12% of votes in the first round?,2025-09,2026-01,256,skip_related_family,Same Portugal 2026 presidential election as retained 1065660 and others.
575798,Politics,1245519,Will Partido Popular win 31-33 seats in the 2026 Aragon regional election?,2025-09,2026-02,202,skip_related_family,Aragon legislative election already retained as 1228027.
575798,Politics,1271816,Will Palang Pracharath Party (PPRP) finish in third place by number of seats in the 2026 Thai legislative election?,2025-09,2026-02,214,skip_already_selected,Already retained or allocated to an earlier slot.
575798,Politics,1230679,Will the Liberal Democratic Party win the second-most seats in the 2026 Japanese general election?,2025-09,2026-02,226,skip_related_family,Japan parliamentary election already retained as 1230748 and others.
575798,Politics,670208,Will AY win the most seats in the 2026 Costa Rican Legislative Assembly election?,2025-09,2026-02,238,skip_related_family,Costa Rica general election family already retained as 676453 and others.
575798,Politics,1336374,Will the Liberal Democratic Party win between 280 and 294 seats in the 2026 Japanese snap general election?,2025-09,2026-02,250,skip_related_family,Japan parliamentary election already retained as 1230748 and others.
575798,Politics,1353128,Will the Bangladesh Jamaat-e-Islami (BJI) win between 70 and 99 seats in the Bangladesh parliamentary election?,2025-09,2026-02,262,skip_related_family,Bangladesh parliamentary election already retained as 1353145.
575798,Politics,1271757,Will Democrat Party (DP) finish in second place by number of seats in the 2026 Thai legislative election?,2025-09,2026-02,272,skip_related_new_selection,Same event family as an earlier replacement.
575798,Politics,706054,Will Tyler Paul Smith win the GA-14 special election?,2025-09,2026-02,282,skip_already_selected,Already retained or allocated to an earlier slot.
575798,Politics,1231067,Will turnout in the 2026 Japanese snap election be below 50%?,2025-09,2026-02,291,skip_related_family,Japan parliamentary election already retained as 1230748 and others.
575798,Politics,1272509,Will the People’s Party (PPLE) win between 135 and 149 seats in the 2026 Thai legislative election?,2025-09,2026-02,300,skip_related_new_selection,Same event family as an earlier replacement.
575798,Politics,813511,Will FA win the second most seats in the 2026 Costa Rican Legislative Assembly election?,2025-09,2026-02,309,skip_related_family,Costa Rica general election family already retained as 676453 and others.
575798,Politics,1230482,Will the Conservative Party of Japan loose any seats in Japanese snap election?,2025-09,2026-02,317,skip_related_family,Japan parliamentary election already retained as 1230748 and others.
575798,Politics,1272536,Will the Bhumjaithai Party (BJT) win between 120 and 129 seats in the 2026 Thai legislative election?,2025-09,2026-02,325,skip_related_new_selection,Same event family as an earlier replacement.
575798,Politics,1336956,Will Shafiqur Rahman be the next Prime Minister of Bangladesh after the Parliamentary election?,2025-09,2026-02,333,skip_scope,"Post-election appointment/coalition formation, not public electoral result."
575798,Politics,1253235,Will any presidential candidate win outright in the first round of Costa Rica's presidential election?,2025-09,2026-02,341,skip_related_family,Costa Rica general election already retained as 676453.
575798,Politics,1429452,Will Angeliki Stogia - Labour finish second in the Gorton and Denton by-election?,2025-09,2026-02,348,skip_related_family,Gorton and Denton by-election already retained as 1429620.
575798,Politics,1230040,Will CRA win 173+ seats in the Japanese snap election?,2025-09,2026-02,355,skip_related_family,Japan general election already retained as 1230748.
575798,Politics,1353119,Will the Bangladesh Nationalist Party (BNP) win between 100 and 149 seats in the Bangladesh parliamentary election?,2025-09,2026-02,362,skip_related_family,Bangladesh general election already retained as 1353145.
575798,Politics,1343386,Will Gono Odhikar Parishad finish with the second most seats in the Bangladesh parliamentary election?,2025-09,2026-02,369,skip_related_family,Bangladesh general election already retained as 1353145.
575798,Politics,787709,Will Cammie Croft be the Democratic nominee for the NJ-11 special election?,2025-09,2026-02,376,skip_related_family,New Jersey 11th special election family already retained as 1447597 (general); primary shares family.
575798,Politics,1272553,Will the Pheu Thai Party (PT) win between 100 and 109 seats in the 2026 Thai legislative election?,2025-09,2026-02,383,skip_related_new_selection,Same event family as an earlier replacement.
575798,Politics,1343422,Will the Bangladesh Nationalist Party finish with the third most seats in the Bangladesh parliamentary election?,2025-09,2026-02,390,skip_related_family,Bangladesh general election already retained as 1353145.
575798,Politics,1278362,Will Bangladesh Jamaat-e-Islami (BJI) win the Bangladesh parliamentary election by between 3% and 6%?,2025-09,2026-02,397,skip_related_family,Bangladesh general election already retained as 1353145.
575798,Politics,923045,Will United Thai Nation Party (UTN) win the most seats in the 2026 Thai legislative election?,2025-09,2026-02,404,skip_related_new_selection,Same event family as an earlier replacement.
575798,Politics,1230804,Will Sanseitō be part of the governing coalition as a result of the 2026 Japanese snap election?,2025-09,2026-02,411,skip_scope,"Post-election appointment/coalition formation, not public electoral result."
575798,Politics,1429731,Will the margin of victory in the Gorton and Denton by-election be between 12% and 15%?,2025-09,2026-02,418,skip_related_family,Gorton and Denton by-election already retained as 1429620.
575798,Politics,1235180,Will the Democratic Party For the People win between 31 and 34 seats in the 2026 Japanese snap general election?,2025-09,2026-02,425,skip_related_family,Japan general election already retained as 1230748.
575798,Politics,1231078,Will LDP win a majority in the 2026 Japanese snap election?,2025-09,2026-02,432,skip_related_family,Japan general election already retained as 1230748.
575798,Politics,1235140,Will the Centrist Reform Alliance win fewer than 150 seats in the 2026 Japanese snap general election?,2025-09,2026-02,439,skip_related_family,Japan general election already retained as 1230748.
575798,Politics,1336685,Will the Liberal Democratic Party win by between 190 and 219 seats?,2025-09,2026-02,446,skip_related_family,Japan general election already retained as 1230748.
575798,Politics,679228,Will Michael Swanson be the Democratic nominee for Senate in Texas?,2025-09,2026-03,204,skip_related_family,Texas Democratic Senate primary already retained as 1329055.
575798,Politics,1449809,Will Student & Starter (StuSta) win the most seats in Utrecht’s 2026 municipal election?,2025-09,2026-03,216,skip_already_selected,Already retained or allocated to an earlier slot.
575798,Politics,813537,2026 U.S. House Election: Republican Odds over 40% by March 31?,2025-09,2026-03,228,skip_scope,"Derivative price threshold, not real-world electoral outcome."
575798,Politics,1501172,Will PH win the second most seats in the 2026 Colombian Chamber of Representatives election?,2025-09,2026-03,240,skip_related_family,Colombia parliamentary election family already retained as 1501807.
575798,Politics,1192583,Will Erwann Davoux win the Marseille mayor election?,2025-09,2026-03,252,skip_scope,Mayor chosen by municipal councillors; apply approved public-electoral-contest scope consistently with Lyon.
575798,Politics,1572667,Will Sarah Knafo advance to the second round of the 2026 Paris municipal election?,2025-09,2026-03,264,skip_already_selected,Already retained or allocated to an earlier slot.
575798,Politics,1569018,Will Inuit Ataqatigiit win the third most seats in the Danish Folketing in the 2026 Danish general election?,2025-09,2026-03,274,skip_related_family,Denmark parliamentary election already retained as 1568944.
575798,Politics,1364011,Will CDU win the second most seats in the 2026 Rhineland-Palatinate parliamentary elections?,2025-09,2026-03,284,skip_already_selected,Already retained or allocated to an earlier slot.
575798,Politics,814119,2026 U.S. Senate Election: Republican Odds over 90% by March 31?,2025-09,2026-03,293,skip_scope,Market-price derivative threshold.
575798,Politics,1348661,Will Cliff Johnson be the Democratic Nominee for MS-01?,2025-09,2026-03,302,skip_already_selected,Already retained or allocated to an earlier slot.
575798,Politics,681421,Will Mark J.N. Doyle be the next Prime Minister of Saint Vincent and the Grenadines?,2025-09,2026-03,311,skip_scope,Post-election appointment and swearing-in.
575798,Politics,1575605,Will the Social Democrats’ Popular Vote Margin of Victory in the 2026 Denmark Parliamentary Election be greater than or equal to 15%?,2025-09,2026-03,319,skip_related_family,Same Denmark parliamentary event as retained 1568944.
575798,Politics,907414,Will Andrew White win the 2026 Texas Governor Democratic primary election?,2025-09,2026-03,327,skip_prior_determination,"Andrew White withdrew January 5, before March 3 primary forecast."
575798,Politics,1340763,Will Brandon Herrera be the Republican nominee for TX-23?,2025-09,2026-03,335,skip_already_selected,Already retained or allocated to an earlier slot.
575798,Politics,1654484,Will Jean-Philippe Veter be the next mayor of Strasbourg?,2025-09,2026-03,343,skip_scope,Councillors elect the mayor after the public municipal vote.
575798,Politics,1568933,Will turnout in the 2026 Danish general elections be below 80%?,2025-09,2026-03,350,skip_related_family,Same Denmark parliamentary election as retained 1568944.
575798,Politics,1097101,"Venezuela election scheduled by March 31, 2026?",2025-09,2026-03,357,skip_scope,Election scheduling announcement.
575798,Politics,1328296,Will Jasmine Crockett receive the most votes in the first round of the Democratic Senate primary in Texas?,2025-09,2026-03,364,skip_related_family,Same Texas Democratic Senate primary as retained 1329055.
575798,Politics,679255,Will Steve Botsford Jr. be the Democratic nominee for Senate in Illinois?,2025-09,2026-03,371,skip_already_selected,Already retained or allocated to an earlier slot.
575798,Politics,1555819,Will Mario Adinolfi win the 2026 Selvazzano Dentro by-election?,2025-09,2026-03,378,skip_already_selected,Already retained or allocated to an earlier slot.
575798,Politics,569316,Will CR win the most seats in the 2026 Colombian Chamber of Representatives election?,2025-09,2026-03,385,skip_related_family,Same Colombia parliamentary event as retained 1501807.
575798,Politics,737251,Will Rastriya Janamorcha win the most seats in the Nepal House of Representatives election?,2025-09,2026-03,392,skip_related_family,Same Nepal House election as retained 1386616.
575798,Politics,704319,Will Trey Trainor be the Republican nominee for TX-21?,2025-09,2026-03,399,skip_already_selected,Already retained or allocated to an earlier slot.
575798,Politics,666860,Trump out as President by March 31?,2025-09,2026-03,406,skip_scope,Unscheduled departure from office.
575798,Politics,1348642,Will Sean Casten be the Democratic Nominee for IL-06?,2025-09,2026-03,413,scope_eligible_timing_pending,Full saved rules specify a public electoral contest. Exact boundary and participation remain unverified.
683020,Politics,1235514,Will Tô Lâm be the next President of Vietnam?,2026-01,2026-01,208,skip_scope,"Government formation, appointment, endorsement, announcement or departure; not a public electoral outcome."
683020,Politics,695679,Will José Cardoso qualify for the second round of the 2026 Portugal presidential election?,2026-01,2026-01,220,skip_related_family,Same Portugal 2026 presidential election as retained 1065660 and others.
683020,Politics,1065687,Will João Cotrim de Figueiredo win less than 10% of votes in the first round?,2026-01,2026-01,232,skip_related_family,Same Portugal 2026 presidential election as retained 1065660 and others.
683020,Politics,683281,Will Nathan James Nandala Mafabi win the 2026 Ugandan presidential election?,2026-01,2026-01,244,skip_already_selected,Already retained or allocated to an earlier slot.
683020,Politics,1065665,Will Henrique Gouveia e Melo win less than 12% of votes in the first round?,2026-01,2026-01,256,skip_related_family,Same Portugal 2026 presidential election as retained 1065660 and others.
683020,Politics,617309,Paul Finebaum announces Alabama Senate run by December 31?,2026-01,2025-12,206,skip_scope,"Government formation, appointment, endorsement, announcement or departure; not a public electoral outcome."
683020,Politics,739846,Will Cătălin Drulă get between 10% and 15% of the vote in the Bucharest Mayoral election?,2026-01,2025-12,218,skip_related_family,Same Bucharest mayoral election as retained 799377 and others.
683020,Politics,693255,Will Franco Parisi endorse José Antonio Kast for President of Chile?,2026-01,2025-12,230,skip_scope,"Government formation, appointment, endorsement, announcement or departure; not a public electoral outcome."
683020,Politics,562257,Romania Parliamentary Election called in 2025?,2026-01,2025-12,242,skip_scope,"Government formation, appointment, endorsement, announcement or departure; not a public electoral outcome."
683020,Politics,530829,Mark Carney out as leader of Liberals in 2025?,2026-01,2025-12,254,skip_scope,"Government formation, appointment, endorsement, announcement or departure; not a public electoral outcome."
683020,Politics,586028,Will Vincent Dixie win TN-7 Special Election?,2026-01,2025-12,266,skip_related_family,Same TN07 general special election as retained 695312.
683020,Politics,704810,Will Ciucu win by 3-6%?,2026-01,2025-12,276,skip_related_family,Same Bucharest mayoral election as retained 799377 and others.
683020,Politics,1245519,Will Partido Popular win 31-33 seats in the 2026 Aragon regional election?,2026-01,2026-02,202,skip_related_family,Aragon legislative election already retained as 1228027.
683020,Politics,1271816,Will Palang Pracharath Party (PPRP) finish in third place by number of seats in the 2026 Thai legislative election?,2026-01,2026-02,214,skip_already_selected,Already retained or allocated to an earlier slot.
683020,Politics,1230679,Will the Liberal Democratic Party win the second-most seats in the 2026 Japanese general election?,2026-01,2026-02,226,skip_related_family,Japan parliamentary election already retained as 1230748 and others.
683020,Politics,670208,Will AY win the most seats in the 2026 Costa Rican Legislative Assembly election?,2026-01,2026-02,238,skip_related_family,Costa Rica general election family already retained as 676453 and others.
683020,Politics,1336374,Will the Liberal Democratic Party win between 280 and 294 seats in the 2026 Japanese snap general election?,2026-01,2026-02,250,skip_related_family,Japan parliamentary election already retained as 1230748 and others.
683020,Politics,1353128,Will the Bangladesh Jamaat-e-Islami (BJI) win between 70 and 99 seats in the Bangladesh parliamentary election?,2026-01,2026-02,262,skip_related_family,Bangladesh parliamentary election already retained as 1353145.
683020,Politics,1271757,Will Democrat Party (DP) finish in second place by number of seats in the 2026 Thai legislative election?,2026-01,2026-02,272,skip_related_new_selection,Same event family as an earlier replacement.
683020,Politics,706054,Will Tyler Paul Smith win the GA-14 special election?,2026-01,2026-02,282,skip_already_selected,Already retained or allocated to an earlier slot.
683020,Politics,1231067,Will turnout in the 2026 Japanese snap election be below 50%?,2026-01,2026-02,291,skip_related_family,Japan parliamentary election already retained as 1230748 and others.
683020,Politics,1272509,Will the People’s Party (PPLE) win between 135 and 149 seats in the 2026 Thai legislative election?,2026-01,2026-02,300,skip_related_new_selection,Same event family as an earlier replacement.
683020,Politics,813511,Will FA win the second most seats in the 2026 Costa Rican Legislative Assembly election?,2026-01,2026-02,309,skip_related_family,Costa Rica general election family already retained as 676453 and others.
683020,Politics,1230482,Will the Conservative Party of Japan loose any seats in Japanese snap election?,2026-01,2026-02,317,skip_related_family,Japan parliamentary election already retained as 1230748 and others.
683020,Politics,1272536,Will the Bhumjaithai Party (BJT) win between 120 and 129 seats in the 2026 Thai legislative election?,2026-01,2026-02,325,skip_related_new_selection,Same event family as an earlier replacement.
683020,Politics,1336956,Will Shafiqur Rahman be the next Prime Minister of Bangladesh after the Parliamentary election?,2026-01,2026-02,333,skip_scope,"Post-election appointment/coalition formation, not public electoral result."
683020,Politics,1253235,Will any presidential candidate win outright in the first round of Costa Rica's presidential election?,2026-01,2026-02,341,skip_related_family,Costa Rica general election already retained as 676453.
683020,Politics,1429452,Will Angeliki Stogia - Labour finish second in the Gorton and Denton by-election?,2026-01,2026-02,348,skip_related_family,Gorton and Denton by-election already retained as 1429620.
683020,Politics,1230040,Will CRA win 173+ seats in the Japanese snap election?,2026-01,2026-02,355,skip_related_family,Japan general election already retained as 1230748.
683020,Politics,1353119,Will the Bangladesh Nationalist Party (BNP) win between 100 and 149 seats in the Bangladesh parliamentary election?,2026-01,2026-02,362,skip_related_family,Bangladesh general election already retained as 1353145.
683020,Politics,1343386,Will Gono Odhikar Parishad finish with the second most seats in the Bangladesh parliamentary election?,2026-01,2026-02,369,skip_related_family,Bangladesh general election already retained as 1353145.
683020,Politics,787709,Will Cammie Croft be the Democratic nominee for the NJ-11 special election?,2026-01,2026-02,376,skip_related_family,New Jersey 11th special election family already retained as 1447597 (general); primary shares family.
683020,Politics,1272553,Will the Pheu Thai Party (PT) win between 100 and 109 seats in the 2026 Thai legislative election?,2026-01,2026-02,383,skip_related_new_selection,Same event family as an earlier replacement.
683020,Politics,1343422,Will the Bangladesh Nationalist Party finish with the third most seats in the Bangladesh parliamentary election?,2026-01,2026-02,390,skip_related_family,Bangladesh general election already retained as 1353145.
683020,Politics,1278362,Will Bangladesh Jamaat-e-Islami (BJI) win the Bangladesh parliamentary election by between 3% and 6%?,2026-01,2026-02,397,skip_related_family,Bangladesh general election already retained as 1353145.
683020,Politics,923045,Will United Thai Nation Party (UTN) win the most seats in the 2026 Thai legislative election?,2026-01,2026-02,404,skip_related_new_selection,Same event family as an earlier replacement.
683020,Politics,1230804,Will Sanseitō be part of the governing coalition as a result of the 2026 Japanese snap election?,2026-01,2026-02,411,skip_scope,"Post-election appointment/coalition formation, not public electoral result."
683020,Politics,1429731,Will the margin of victory in the Gorton and Denton by-election be between 12% and 15%?,2026-01,2026-02,418,skip_related_family,Gorton and Denton by-election already retained as 1429620.
683020,Politics,1235180,Will the Democratic Party For the People win between 31 and 34 seats in the 2026 Japanese snap general election?,2026-01,2026-02,425,skip_related_family,Japan general election already retained as 1230748.
683020,Politics,1231078,Will LDP win a majority in the 2026 Japanese snap election?,2026-01,2026-02,432,skip_related_family,Japan general election already retained as 1230748.
683020,Politics,1235140,Will the Centrist Reform Alliance win fewer than 150 seats in the 2026 Japanese snap general election?,2026-01,2026-02,439,skip_related_family,Japan general election already retained as 1230748.
683020,Politics,1336685,Will the Liberal Democratic Party win by between 190 and 219 seats?,2026-01,2026-02,446,skip_related_family,Japan general election already retained as 1230748.
683020,Politics,654261,Will Zohran Mamdani get between 55% and 60% of the vote in the 2025 NYC mayoral election?,2026-01,2025-11,209,skip_related_family,Same NYC 2025 mayoral election as retained 563772 and others.
683020,Politics,668100,Will Salvador Nasralla win the 2025 Honduras presidential election?,2026-01,2025-11,221,skip_already_selected,Already retained or allocated to an earlier slot.
683020,Politics,670075,Will Franco Parisi come in fourth in the 1st round of the 2025 Chilean presidential election?,2026-01,2025-11,233,skip_related_family,Same Chile 2025 general election family as retained 668396; group concurrent legislature and presidential contests.
683020,Politics,588784,Will Sliwa or Adams get more votes?,2026-01,2025-11,245,skip_related_family,Same NYC 2025 mayoral election as retained 563772 and others.
683020,Politics,566989,Will DeWayne Davis win the 2025 Minneapolis mayoral election?,2026-01,2025-11,257,skip_already_selected,Already retained or allocated to an earlier slot.
683020,Politics,666470,Will Cambio por Chile gain the most seats in the Senate election?,2026-01,2025-11,268,skip_related_family,Same Chile 2025 general election family as retained 668396; group concurrent legislature and presidential contests.
683020,Politics,666146,Will Jeannette Jara win between 20% and 24% of votes in the first round?,2026-01,2025-11,278,skip_related_family,Same Chile 2025 general election family as retained 668396; group concurrent legislature and presidential contests.
683020,Politics,567138,Will Katie Wilson win the 2025 Seattle mayoral election?,2026-01,2025-11,287,skip_already_selected,Already retained or allocated to an earlier slot.
683020,Politics,571950,Will any presidential candidate win outright in the first round of the Chile's election?,2026-01,2025-11,296,skip_related_family,Same Chile 2025 general election family as retained 668396; group concurrent legislature and presidential contests.
683020,Politics,555813,Will Abigail Spanberger win the Virginia Governor Election in 2025,2026-01,2025-11,305,skip_already_selected,Already retained or allocated to an earlier slot.
683020,Politics,541622,Will José Antonio Kast win the Chilean presidential election?,2026-01,2025-11,313,skip_related_family,Same Chile 2025 general election family as retained 668396; group concurrent legislature and presidential contests.
683020,Politics,567121,Will Ed Flynn win the 2025 Boston mayoral election?,2026-01,2025-11,321,skip_prior_determination,"Ed Flynn declined the Boston mayoral race in January 2025, before the forecast; no longer an uncertain candidacy for this design."
683020,Politics,563789,Will Zohran Mamdani win 3 boroughs in the 2025 New York City Mayoral General Election?,2026-01,2025-11,329,skip_related_family,Same NYC 2025 mayoral election as retained 563772 and others.
683020,Politics,567009,Will Eileen Higgins win the 2025 Miami mayoral election?,2026-01,2025-11,337,skip_already_selected,Already retained or allocated to an earlier slot.
683020,Politics,666199,Will Johannes Kaiser win between 10% and 13% of votes in the first round?,2026-01,2025-11,344,skip_related_family,Same Chile 2025 general election family as retained 668396; group concurrent legislature and presidential contests.
683020,Politics,666455,Will Izquierda Ecologista Popular Animalista y Humanista hold the most seats in the Chamber of Deputies?,2026-01,2025-11,351,skip_related_family,Same Chile 2025 general election family as retained 668396; group concurrent legislature and presidential contests.
683020,Politics,654457,Will the Associated Press first call the 2025 New Jersey governor election before 8:00 PM ET on Nov 4 2025?,2026-01,2025-11,358,skip_scope,"Timing of a news organization call, not the election outcome."
683020,Politics,608442,Which party wins Virginia House of Delegates?,2026-01,2025-11,365,skip_related_new_selection,Same event family as an earlier replacement.
683020,Politics,593161,Will Mikie Sherrill win by 9-12%?,2026-01,2025-11,372,skip_related_family,Same New Jersey 2025 governor election as retained 551144.
683020,Politics,538928,Will Eric Adams win the 2025 NYC mayoral election?,2026-01,2025-11,379,skip_related_family,Same NYC 2025 mayoral election as retained 563772 and others.
683020,Politics,626729,Will voter turnout in the next New York City mayoral election be between 24–27%?,2026-01,2025-11,386,skip_related_family,Same NYC 2025 mayoral election as retained 563772 and others.
683020,Politics,558107,Will Mamdani get over 50% of the vote in the general mayoral election?,2026-01,2025-11,393,skip_related_family,Same NYC 2025 mayoral election as retained 563772 and others.
683020,Politics,567230,Will LaVerne Gore win the 2025 Cleveland mayoral election?,2026-01,2025-11,400,skip_already_selected,Already retained or allocated to an earlier slot.
683020,Politics,667039,Will Michelle Bachelet come in second in the 1st round of the 2025 Chilean presidential election?,2026-01,2025-11,407,skip_related_family,Same Chile 2025 general election family as retained 668396; group concurrent legislature and presidential contests.
683020,Politics,681513,Will turnout in the first round of the 2025 Chilean presidential election be between 75% and 78%?,2026-01,2025-11,414,skip_related_family,Same Chile 2025 general election family as retained 668396; group concurrent legislature and presidential contests.
683020,Politics,567184,Will Andre Dickens win the 2025 Atlanta mayoral election?,2026-01,2025-11,421,skip_already_selected,Already retained or allocated to an earlier slot.
683020,Politics,666205,Will Jeannette Jara and Johannes Kaiser advance to the runoff?,2026-01,2025-11,428,skip_related_family,Same Chile 2025 general election family as retained 668396; group concurrent legislature and presidential contests.
683020,Politics,666167,Will José Antonio Kast win between 24% and 28% of votes in the first round?,2026-01,2025-11,435,skip_related_family,Same Chile 2025 general election family as retained 668396; group concurrent legislature and presidential contests.
683020,Politics,666123,Will turnout in the first round of the 2025 Chilean presidential election be between 47% and 49%?,2026-01,2025-11,442,skip_related_family,Same Chile 2025 general election family as retained 668396; group concurrent legislature and presidential contests.
683020,Politics,666160,Will Evelyn Matthei win between 12% and 15% of votes in the first round?,2026-01,2025-11,449,skip_related_family,Same Chile 2025 general election family as retained 668396; group concurrent legislature and presidential contests.
683020,Politics,567245,Will Tony Moreno win the 2025 Pittsburgh mayoral election?,2026-01,2025-11,455,skip_already_selected,Already retained or allocated to an earlier slot.
683020,Politics,623207,Will Jason Miyares win the 2025 Virginia Attorney General election?,2026-01,2025-11,461,skip_related_new_selection,Same event family as an earlier replacement.
683020,Politics,567166,Will Saunteel Jenkins win the 2025 Detroit mayoral election?,2026-01,2025-11,466,skip_prior_determination,"Jenkins eliminated in August 5 primary, before November general-election cutoff and study window."
683020,Politics,666131,Will Jara win by 0-3%?,2026-01,2025-11,471,skip_related_family,Same Chile 2025 general election family as retained 668396; group concurrent legislature and presidential contests.
683020,Politics,571956,Will Eduardo Artés win the 1st round of the 2025 Chilean presidential election?,2026-01,2025-11,476,skip_related_family,Same Chile 2025 general election family as retained 668396; group concurrent legislature and presidential contests.
683020,Politics,585984,Will Cyrus Sajna win TX-18 Special Election?,2026-01,2025-11,481,skip_related_family,Same TX18 special election family as retained 1271645 runoff.
683020,Politics,556016,Will Curtis Sliwa drop out?,2026-01,2025-11,486,skip_scope,Candidate withdrawal announcement.
683020,Politics,593165,Will Abigail Spanberger win by 6-9%?,2026-01,2025-11,491,skip_related_new_selection,Same event family as an earlier replacement.
683020,Politics,590864,Will Democrats win between 50 and 54 seats in the 2025 Virginia House of Delegates election?,2026-01,2025-11,496,skip_related_new_selection,Same event family as an earlier replacement.
683020,Politics,679228,Will Michael Swanson be the Democratic nominee for Senate in Texas?,2026-01,2026-03,204,skip_related_family,Texas Democratic Senate primary already retained as 1329055.
683020,Politics,1449809,Will Student & Starter (StuSta) win the most seats in Utrecht’s 2026 municipal election?,2026-01,2026-03,216,skip_already_selected,Already retained or allocated to an earlier slot.
683020,Politics,813537,2026 U.S. House Election: Republican Odds over 40% by March 31?,2026-01,2026-03,228,skip_scope,"Derivative price threshold, not real-world electoral outcome."
683020,Politics,1501172,Will PH win the second most seats in the 2026 Colombian Chamber of Representatives election?,2026-01,2026-03,240,skip_related_family,Colombia parliamentary election family already retained as 1501807.
683020,Politics,1192583,Will Erwann Davoux win the Marseille mayor election?,2026-01,2026-03,252,skip_scope,Mayor chosen by municipal councillors; apply approved public-electoral-contest scope consistently with Lyon.
683020,Politics,1572667,Will Sarah Knafo advance to the second round of the 2026 Paris municipal election?,2026-01,2026-03,264,skip_already_selected,Already retained or allocated to an earlier slot.
683020,Politics,1569018,Will Inuit Ataqatigiit win the third most seats in the Danish Folketing in the 2026 Danish general election?,2026-01,2026-03,274,skip_related_family,Denmark parliamentary election already retained as 1568944.
683020,Politics,1364011,Will CDU win the second most seats in the 2026 Rhineland-Palatinate parliamentary elections?,2026-01,2026-03,284,skip_already_selected,Already retained or allocated to an earlier slot.
683020,Politics,814119,2026 U.S. Senate Election: Republican Odds over 90% by March 31?,2026-01,2026-03,293,skip_scope,Market-price derivative threshold.
683020,Politics,1348661,Will Cliff Johnson be the Democratic Nominee for MS-01?,2026-01,2026-03,302,skip_already_selected,Already retained or allocated to an earlier slot.
683020,Politics,681421,Will Mark J.N. Doyle be the next Prime Minister of Saint Vincent and the Grenadines?,2026-01,2026-03,311,skip_scope,Post-election appointment and swearing-in.
683020,Politics,1575605,Will the Social Democrats’ Popular Vote Margin of Victory in the 2026 Denmark Parliamentary Election be greater than or equal to 15%?,2026-01,2026-03,319,skip_related_family,Same Denmark parliamentary event as retained 1568944.
683020,Politics,907414,Will Andrew White win the 2026 Texas Governor Democratic primary election?,2026-01,2026-03,327,skip_prior_determination,"Andrew White withdrew January 5, before March 3 primary forecast."
683020,Politics,1340763,Will Brandon Herrera be the Republican nominee for TX-23?,2026-01,2026-03,335,skip_already_selected,Already retained or allocated to an earlier slot.
683020,Politics,1654484,Will Jean-Philippe Veter be the next mayor of Strasbourg?,2026-01,2026-03,343,skip_scope,Councillors elect the mayor after the public municipal vote.
683020,Politics,1568933,Will turnout in the 2026 Danish general elections be below 80%?,2026-01,2026-03,350,skip_related_family,Same Denmark parliamentary election as retained 1568944.
683020,Politics,1097101,"Venezuela election scheduled by March 31, 2026?",2026-01,2026-03,357,skip_scope,Election scheduling announcement.
683020,Politics,1328296,Will Jasmine Crockett receive the most votes in the first round of the Democratic Senate primary in Texas?,2026-01,2026-03,364,skip_related_family,Same Texas Democratic Senate primary as retained 1329055.
683020,Politics,679255,Will Steve Botsford Jr. be the Democratic nominee for Senate in Illinois?,2026-01,2026-03,371,skip_already_selected,Already retained or allocated to an earlier slot.
683020,Politics,1555819,Will Mario Adinolfi win the 2026 Selvazzano Dentro by-election?,2026-01,2026-03,378,skip_already_selected,Already retained or allocated to an earlier slot.
683020,Politics,569316,Will CR win the most seats in the 2026 Colombian Chamber of Representatives election?,2026-01,2026-03,385,skip_related_family,Same Colombia parliamentary event as retained 1501807.
683020,Politics,737251,Will Rastriya Janamorcha win the most seats in the Nepal House of Representatives election?,2026-01,2026-03,392,skip_related_family,Same Nepal House election as retained 1386616.
683020,Politics,704319,Will Trey Trainor be the Republican nominee for TX-21?,2026-01,2026-03,399,skip_already_selected,Already retained or allocated to an earlier slot.
683020,Politics,666860,Trump out as President by March 31?,2026-01,2026-03,406,skip_scope,Unscheduled departure from office.
683020,Politics,1348642,Will Sean Casten be the Democratic Nominee for IL-06?,2026-01,2026-03,413,skip_already_selected,Already retained or allocated to an earlier slot.
683020,Politics,1363899,Will BSW win the second most seats in the 2026 Baden-Württemberg parliamentary elections?,2026-01,2026-03,420,scope_eligible_timing_pending,Full saved rules specify a public electoral contest. Exact boundary and participation remain unverified.
950065,Economics,1559284,Will a dozen eggs cost between $2.00–2.25 in March?,2026-04,2026-04,203,skip_related_family,Same statistical release or policy meeting as a retained contract. Retained market: 1559110.
950065,Economics,1285877,Will the Bank of Canada announce a 25 bps decrease at the April meeting?,2026-04,2026-04,211,scope_eligible_timing_pending,Full saved rules reviewed: one scheduled release or policy decision; exact time verification pending.
580836,Economics,516725,Will 2 Fed rate cuts happen in 2025?,2025-09,2025-12,206,skip_scope,Window/derivative/personnel or multi-meeting contract.
580836,Economics,581752,Will Trump announce Stephen Miran to replace Lisa Cook?,2025-09,2025-12,214,skip_scope,Window/derivative/personnel or multi-meeting contract.
580836,Economics,570360,Fed decreases interest rates by 50+ bps after December 2025 meeting?,2025-09,2025-12,220,skip_related_family,Same statistical release or policy meeting as a retained contract. Retained market: 655667.
580836,Economics,691922,Will Canada's annual inflation increase by 2.2% in November?,2025-09,2025-12,226,skip_already_selected,Already retained or allocated to an earlier slot.
580836,Economics,526939,Brazil unemployment below 6.3% for Q4 2025?,2025-09,2025-12,232,scope_eligible_timing_pending,Full saved rules reviewed: one scheduled release or policy decision; exact time verification pending.
655621,Economics,516725,Will 2 Fed rate cuts happen in 2025?,2025-11,2025-12,206,skip_scope,Window/derivative/personnel or multi-meeting contract.
655621,Economics,581752,Will Trump announce Stephen Miran to replace Lisa Cook?,2025-11,2025-12,214,skip_scope,Window/derivative/personnel or multi-meeting contract.
655621,Economics,570360,Fed decreases interest rates by 50+ bps after December 2025 meeting?,2025-11,2025-12,220,skip_related_family,Same statistical release or policy meeting as a retained contract. Retained market: 655667.
655621,Economics,691922,Will Canada's annual inflation increase by 2.2% in November?,2025-11,2025-12,226,skip_already_selected,Already retained or allocated to an earlier slot.
655621,Economics,526939,Brazil unemployment below 6.3% for Q4 2025?,2025-11,2025-12,232,skip_already_selected,Already retained or allocated to an earlier slot.
655621,Economics,579056,ECB rate cut in 2025?,2025-11,2025-12,238,skip_scope,Window/derivative/personnel or multi-meeting contract.
655621,Economics,682398,Will the Bank of Brazil lower the Selic rate after December 2025 meeting?,2025-11,2025-12,244,scope_eligible_timing_pending,Full saved rules reviewed: one scheduled release or policy decision; exact time verification pending.
701514,Economics,516725,Will 2 Fed rate cuts happen in 2025?,2025-12,2025-12,206,skip_scope,Window/derivative/personnel or multi-meeting contract.
701514,Economics,581752,Will Trump announce Stephen Miran to replace Lisa Cook?,2025-12,2025-12,214,skip_scope,Window/derivative/personnel or multi-meeting contract.
701514,Economics,570360,Fed decreases interest rates by 50+ bps after December 2025 meeting?,2025-12,2025-12,220,skip_related_family,Same statistical release or policy meeting as a retained contract. Retained market: 655667.
701514,Economics,691922,Will Canada's annual inflation increase by 2.2% in November?,2025-12,2025-12,226,skip_already_selected,Already retained or allocated to an earlier slot.
701514,Economics,526939,Brazil unemployment below 6.3% for Q4 2025?,2025-12,2025-12,232,skip_already_selected,Already retained or allocated to an earlier slot.
701514,Economics,579056,ECB rate cut in 2025?,2025-12,2025-12,238,skip_scope,Window/derivative/personnel or multi-meeting contract.
701514,Economics,682398,Will the Bank of Brazil lower the Selic rate after December 2025 meeting?,2025-12,2025-12,244,skip_already_selected,Already retained or allocated to an earlier slot.
701514,Economics,906934,Will the US add between 75k and 100k jobs in November?,2025-12,2025-12,249,skip_related_family,Same statistical release or policy meeting as a retained contract. Retained market: 687496.
701514,Economics,525223,Will the 10-year Treasury yield dip below 2.0% in 2025?,2025-12,2025-12,253,skip_scope,Window/derivative/personnel or multi-meeting contract.
701514,Economics,692209,Will the Eurozone's annual inflation increase by 2.4% in November?,2025-12,2025-12,256,scope_eligible_timing_pending,Full saved rules reviewed: one scheduled release or policy decision; exact time verification pending.
695462,Economics,516725,Will 2 Fed rate cuts happen in 2025?,2025-11,2025-12,206,skip_scope,Window/derivative/personnel or multi-meeting contract.
695462,Economics,581752,Will Trump announce Stephen Miran to replace Lisa Cook?,2025-11,2025-12,214,skip_scope,Window/derivative/personnel or multi-meeting contract.
695462,Economics,570360,Fed decreases interest rates by 50+ bps after December 2025 meeting?,2025-11,2025-12,220,skip_related_family,Same statistical release or policy meeting as a retained contract. Retained market: 655667.
695462,Economics,691922,Will Canada's annual inflation increase by 2.2% in November?,2025-11,2025-12,226,skip_already_selected,Already retained or allocated to an earlier slot.
695462,Economics,526939,Brazil unemployment below 6.3% for Q4 2025?,2025-11,2025-12,232,skip_already_selected,Already retained or allocated to an earlier slot.
695462,Economics,579056,ECB rate cut in 2025?,2025-11,2025-12,238,skip_scope,Window/derivative/personnel or multi-meeting contract.
695462,Economics,682398,Will the Bank of Brazil lower the Selic rate after December 2025 meeting?,2025-11,2025-12,244,skip_already_selected,Already retained or allocated to an earlier slot.
695462,Economics,906934,Will the US add between 75k and 100k jobs in November?,2025-11,2025-12,249,skip_related_family,Same statistical release or policy meeting as a retained contract. Retained market: 687496.
695462,Economics,525223,Will the 10-year Treasury yield dip below 2.0% in 2025?,2025-11,2025-12,253,skip_scope,Window/derivative/personnel or multi-meeting contract.
695462,Economics,692209,Will the Eurozone's annual inflation increase by 2.4% in November?,2025-11,2025-12,256,skip_already_selected,Already retained or allocated to an earlier slot.
695462,Economics,694975,Will monthly inflation be lower than 1.5% in November?,2025-11,2025-12,259,scope_eligible_timing_pending,Full saved rules reviewed: one scheduled release or policy decision; exact time verification pending.
701558,Economics,516725,Will 2 Fed rate cuts happen in 2025?,2025-12,2025-12,206,skip_scope,Window/derivative/personnel or multi-meeting contract.
701558,Economics,581752,Will Trump announce Stephen Miran to replace Lisa Cook?,2025-12,2025-12,214,skip_scope,Window/derivative/personnel or multi-meeting contract.
701558,Economics,570360,Fed decreases interest rates by 50+ bps after December 2025 meeting?,2025-12,2025-12,220,skip_related_family,Same statistical release or policy meeting as a retained contract. Retained market: 655667.
701558,Economics,691922,Will Canada's annual inflation increase by 2.2% in November?,2025-12,2025-12,226,skip_already_selected,Already retained or allocated to an earlier slot.
701558,Economics,526939,Brazil unemployment below 6.3% for Q4 2025?,2025-12,2025-12,232,skip_already_selected,Already retained or allocated to an earlier slot.
701558,Economics,579056,ECB rate cut in 2025?,2025-12,2025-12,238,skip_scope,Window/derivative/personnel or multi-meeting contract.
701558,Economics,682398,Will the Bank of Brazil lower the Selic rate after December 2025 meeting?,2025-12,2025-12,244,skip_already_selected,Already retained or allocated to an earlier slot.
701558,Economics,906934,Will the US add between 75k and 100k jobs in November?,2025-12,2025-12,249,skip_related_family,Same statistical release or policy meeting as a retained contract. Retained market: 687496.
701558,Economics,525223,Will the 10-year Treasury yield dip below 2.0% in 2025?,2025-12,2025-12,253,skip_scope,Window/derivative/personnel or multi-meeting contract.
701558,Economics,692209,Will the Eurozone's annual inflation increase by 2.4% in November?,2025-12,2025-12,256,skip_already_selected,Already retained or allocated to an earlier slot.
701558,Economics,694975,Will monthly inflation be lower than 1.5% in November?,2025-12,2025-12,259,skip_already_selected,Already retained or allocated to an earlier slot.
701558,Economics,813101,'No change' or '25 bps cut' favored for Fed decision in January on December 10?,2025-12,2025-12,262,skip_scope,Window/derivative/personnel or multi-meeting contract.
701558,Economics,691919,Will Canada's monthly inflation increase by ≤0.0% in November?,2025-12,2025-12,265,skip_related_family,Same statistical release or policy meeting as a retained contract. Retained market: 691922.
701558,Economics,687961,Will the Bank of Mexico announce no change at the December meeting?,2025-12,2025-12,267,scope_eligible_timing_pending,Full saved rules reviewed: one scheduled release or policy decision; exact time verification pending.
2414116,Economics,2242046,Will monthly inflation increase by 0.2% in May?,2026-06,2026-06,207,skip_related_family,Same statistical release or policy meeting as a retained contract. Retained market: 2243882.
2414116,Economics,2810545,Will Core PCE MoM be 0.2% in June?,2026-06,2026-07,205,skip_related_family,Same statistical release or policy meeting as a retained contract. Retained market: 2810538.
2414116,Economics,2126401,Will the Central Bank of Colombia decrease the monetary policy interest rate by 50+ bps at the July meeting?,2026-06,2026-07,213,scope_eligible_timing_pending,Full saved rules reviewed: one scheduled release or policy decision; exact time verification pending.
2126446,Economics,1559284,Will a dozen eggs cost between $2.00–2.25 in March?,2026-05,2026-04,203,skip_related_family,Same statistical release or policy meeting as a retained contract. Retained market: 1559110.
2126446,Economics,1285877,Will the Bank of Canada announce a 25 bps decrease at the April meeting?,2026-05,2026-04,211,skip_already_selected,Already retained or allocated to an earlier slot.
2126446,Economics,1559151,Will monthly inflation increase by 0.4% in March?,2026-05,2026-04,217,skip_related_family,Same statistical release or policy meeting as a retained contract. Retained market: 1559110.
2126446,Economics,1795862,Will the People's Bank of China increase rates in April?,2026-05,2026-04,223,skip_scope,Window/derivative/personnel or multi-meeting contract.
2126446,Economics,1655328,Will no one dissent the April Fed decision?,2026-05,2026-04,229,skip_related_family,Same statistical release or policy meeting as a retained contract. Retained market: 669662.
2126446,Economics,1301502,Will the Central Bank of Colombia announce a decrease at the April meeting?,2026-05,2026-04,235,scope_eligible_timing_pending,Full saved rules reviewed: one scheduled release or policy decision; exact time verification pending.
654397,Economics,516725,Will 2 Fed rate cuts happen in 2025?,2025-11,2025-12,206,skip_scope,Window/derivative/personnel or multi-meeting contract.
654397,Economics,581752,Will Trump announce Stephen Miran to replace Lisa Cook?,2025-11,2025-12,214,skip_scope,Window/derivative/personnel or multi-meeting contract.
654397,Economics,570360,Fed decreases interest rates by 50+ bps after December 2025 meeting?,2025-11,2025-12,220,skip_related_family,Same statistical release or policy meeting as a retained contract. Retained market: 655667.
654397,Economics,691922,Will Canada's annual inflation increase by 2.2% in November?,2025-11,2025-12,226,skip_already_selected,Already retained or allocated to an earlier slot.
654397,Economics,526939,Brazil unemployment below 6.3% for Q4 2025?,2025-11,2025-12,232,skip_already_selected,Already retained or allocated to an earlier slot.
654397,Economics,579056,ECB rate cut in 2025?,2025-11,2025-12,238,skip_scope,Window/derivative/personnel or multi-meeting contract.
654397,Economics,682398,Will the Bank of Brazil lower the Selic rate after December 2025 meeting?,2025-11,2025-12,244,skip_already_selected,Already retained or allocated to an earlier slot.
654397,Economics,906934,Will the US add between 75k and 100k jobs in November?,2025-11,2025-12,249,skip_related_family,Same statistical release or policy meeting as a retained contract. Retained market: 687496.
654397,Economics,525223,Will the 10-year Treasury yield dip below 2.0% in 2025?,2025-11,2025-12,253,skip_scope,Window/derivative/personnel or multi-meeting contract.
654397,Economics,692209,Will the Eurozone's annual inflation increase by 2.4% in November?,2025-11,2025-12,256,skip_already_selected,Already retained or allocated to an earlier slot.
654397,Economics,694975,Will monthly inflation be lower than 1.5% in November?,2025-11,2025-12,259,skip_already_selected,Already retained or allocated to an earlier slot.
654397,Economics,813101,'No change' or '25 bps cut' favored for Fed decision in January on December 10?,2025-11,2025-12,262,skip_scope,Window/derivative/personnel or multi-meeting contract.
654397,Economics,691919,Will Canada's monthly inflation increase by ≤0.0% in November?,2025-11,2025-12,265,skip_related_family,Same statistical release or policy meeting as a retained contract. Retained market: 691922.
654397,Economics,687961,Will the Bank of Mexico announce no change at the December meeting?,2025-11,2025-12,267,skip_already_selected,Already retained or allocated to an earlier slot.
654397,Economics,535644,Will the 10-year Treasury yield hit 5.7% in 2025?,2025-11,2025-12,269,skip_scope,Window/derivative/personnel or multi-meeting contract.
654397,Economics,669987,Bank of England decreases interest rates by 50+ bps after December 2025 meeting?,2025-11,2025-12,271,scope_eligible_timing_pending,Full saved rules reviewed: one scheduled release or policy decision; exact time verification pending.
658126,Economics,2810545,Will Core PCE MoM be 0.2% in June?,2026-07,2026-07,205,skip_related_family,Same statistical release or policy meeting as a retained contract. Retained market: 2810538.
658126,Economics,2126401,Will the Central Bank of Colombia decrease the monetary policy interest rate by 50+ bps at the July meeting?,2026-07,2026-07,213,skip_already_selected,Already retained or allocated to an earlier slot.
658126,Economics,2444514,Will the June 2026 unemployment rate be 4.6%?,2026-07,2026-07,219,skip_related_family,Same statistical release or policy meeting as a retained contract. Retained market: 2446984.
658126,Economics,2129242,Will Eurozone GDP growth in Q2 2026 be between 0.4% and 0.7%?,2026-07,2026-07,225,scope_eligible_timing_pending,Full saved rules reviewed: one scheduled release or policy decision; exact time verification pending.
526940,Economics,516725,Will 2 Fed rate cuts happen in 2025?,2025-12,2025-12,206,skip_scope,Window/derivative/personnel or multi-meeting contract.
526940,Economics,581752,Will Trump announce Stephen Miran to replace Lisa Cook?,2025-12,2025-12,214,skip_scope,Window/derivative/personnel or multi-meeting contract.
526940,Economics,570360,Fed decreases interest rates by 50+ bps after December 2025 meeting?,2025-12,2025-12,220,skip_related_family,Same statistical release or policy meeting as a retained contract. Retained market: 655667.
526940,Economics,691922,Will Canada's annual inflation increase by 2.2% in November?,2025-12,2025-12,226,skip_already_selected,Already retained or allocated to an earlier slot.
526940,Economics,526939,Brazil unemployment below 6.3% for Q4 2025?,2025-12,2025-12,232,skip_already_selected,Already retained or allocated to an earlier slot.
526940,Economics,579056,ECB rate cut in 2025?,2025-12,2025-12,238,skip_scope,Window/derivative/personnel or multi-meeting contract.
526940,Economics,682398,Will the Bank of Brazil lower the Selic rate after December 2025 meeting?,2025-12,2025-12,244,skip_already_selected,Already retained or allocated to an earlier slot.
526940,Economics,906934,Will the US add between 75k and 100k jobs in November?,2025-12,2025-12,249,skip_related_family,Same statistical release or policy meeting as a retained contract. Retained market: 687496.
526940,Economics,525223,Will the 10-year Treasury yield dip below 2.0% in 2025?,2025-12,2025-12,253,skip_scope,Window/derivative/personnel or multi-meeting contract.
526940,Economics,692209,Will the Eurozone's annual inflation increase by 2.4% in November?,2025-12,2025-12,256,skip_already_selected,Already retained or allocated to an earlier slot.
526940,Economics,694975,Will monthly inflation be lower than 1.5% in November?,2025-12,2025-12,259,skip_already_selected,Already retained or allocated to an earlier slot.
526940,Economics,813101,'No change' or '25 bps cut' favored for Fed decision in January on December 10?,2025-12,2025-12,262,skip_scope,Window/derivative/personnel or multi-meeting contract.
526940,Economics,691919,Will Canada's monthly inflation increase by ≤0.0% in November?,2025-12,2025-12,265,skip_related_family,Same statistical release or policy meeting as a retained contract. Retained market: 691922.
526940,Economics,687961,Will the Bank of Mexico announce no change at the December meeting?,2025-12,2025-12,267,skip_already_selected,Already retained or allocated to an earlier slot.
526940,Economics,535644,Will the 10-year Treasury yield hit 5.7% in 2025?,2025-12,2025-12,269,skip_scope,Window/derivative/personnel or multi-meeting contract.
526940,Economics,669987,Bank of England decreases interest rates by 50+ bps after December 2025 meeting?,2025-12,2025-12,271,skip_already_selected,Already retained or allocated to an earlier slot.
526940,Economics,833217,Will monthly inflation increase by 0.3% in December?,2025-12,2025-12,273,skip_related_family,Same statistical release or policy meeting as a retained contract. Retained market: 833214.
526940,Economics,692135,Will the U.K.'s monthly inflation increase by ≥0.5% in November?,2025-12,2025-12,275,skip_related_family,Same statistical release or policy meeting as a retained contract. Retained market: 692158.
526940,Economics,949492,Fed rate cut by January 2026 meeting?,2025-12,2026-01,204,skip_scope,Window/derivative/personnel or multi-meeting contract.
526940,Economics,1236503,March Fed Derivative: Pause or Cut favored on Jan 28?,2025-12,2026-01,212,skip_scope,Window/derivative/personnel or multi-meeting contract.
526940,Economics,957794,Will the U.K.'s monthly inflation be -0.1% in December?,2025-12,2026-01,218,scope_eligible_timing_pending,Full saved rules reviewed: one scheduled release or policy decision; exact time verification pending.
813504,Economics,516725,Will 2 Fed rate cuts happen in 2025?,2025-12,2025-12,206,skip_scope,Window/derivative/personnel or multi-meeting contract.
813504,Economics,581752,Will Trump announce Stephen Miran to replace Lisa Cook?,2025-12,2025-12,214,skip_scope,Window/derivative/personnel or multi-meeting contract.
813504,Economics,570360,Fed decreases interest rates by 50+ bps after December 2025 meeting?,2025-12,2025-12,220,skip_related_family,Same statistical release or policy meeting as a retained contract. Retained market: 655667.
813504,Economics,691922,Will Canada's annual inflation increase by 2.2% in November?,2025-12,2025-12,226,skip_already_selected,Already retained or allocated to an earlier slot.
813504,Economics,526939,Brazil unemployment below 6.3% for Q4 2025?,2025-12,2025-12,232,skip_already_selected,Already retained or allocated to an earlier slot.
813504,Economics,579056,ECB rate cut in 2025?,2025-12,2025-12,238,skip_scope,Window/derivative/personnel or multi-meeting contract.
813504,Economics,682398,Will the Bank of Brazil lower the Selic rate after December 2025 meeting?,2025-12,2025-12,244,skip_already_selected,Already retained or allocated to an earlier slot.
813504,Economics,906934,Will the US add between 75k and 100k jobs in November?,2025-12,2025-12,249,skip_related_family,Same statistical release or policy meeting as a retained contract. Retained market: 687496.
813504,Economics,525223,Will the 10-year Treasury yield dip below 2.0% in 2025?,2025-12,2025-12,253,skip_scope,Window/derivative/personnel or multi-meeting contract.
813504,Economics,692209,Will the Eurozone's annual inflation increase by 2.4% in November?,2025-12,2025-12,256,skip_already_selected,Already retained or allocated to an earlier slot.
813504,Economics,694975,Will monthly inflation be lower than 1.5% in November?,2025-12,2025-12,259,skip_already_selected,Already retained or allocated to an earlier slot.
813504,Economics,813101,'No change' or '25 bps cut' favored for Fed decision in January on December 10?,2025-12,2025-12,262,skip_scope,Window/derivative/personnel or multi-meeting contract.
813504,Economics,691919,Will Canada's monthly inflation increase by ≤0.0% in November?,2025-12,2025-12,265,skip_related_family,Same statistical release or policy meeting as a retained contract. Retained market: 691922.
813504,Economics,687961,Will the Bank of Mexico announce no change at the December meeting?,2025-12,2025-12,267,skip_already_selected,Already retained or allocated to an earlier slot.
813504,Economics,535644,Will the 10-year Treasury yield hit 5.7% in 2025?,2025-12,2025-12,269,skip_scope,Window/derivative/personnel or multi-meeting contract.
813504,Economics,669987,Bank of England decreases interest rates by 50+ bps after December 2025 meeting?,2025-12,2025-12,271,skip_already_selected,Already retained or allocated to an earlier slot.
813504,Economics,833217,Will monthly inflation increase by 0.3% in December?,2025-12,2025-12,273,skip_related_family,Same statistical release or policy meeting as a retained contract. Retained market: 833214.
813504,Economics,692135,Will the U.K.'s monthly inflation increase by ≥0.5% in November?,2025-12,2025-12,275,skip_related_family,Same statistical release or policy meeting as a retained contract. Retained market: 692158.
813504,Economics,949492,Fed rate cut by January 2026 meeting?,2025-12,2026-01,204,skip_scope,Window/derivative/personnel or multi-meeting contract.
813504,Economics,1236503,March Fed Derivative: Pause or Cut favored on Jan 28?,2025-12,2026-01,212,skip_scope,Window/derivative/personnel or multi-meeting contract.
813504,Economics,957794,Will the U.K.'s monthly inflation be -0.1% in December?,2025-12,2026-01,218,skip_already_selected,Already retained or allocated to an earlier slot.
813504,Economics,669979,Will the Bank of Canada announce a 50+ bps decrease at the January meeting?,2025-12,2026-01,224,scope_eligible_timing_pending,Full saved rules reviewed: one scheduled release or policy decision; exact time verification pending.
701505,Economics,516725,Will 2 Fed rate cuts happen in 2025?,2025-11,2025-12,206,skip_scope,Window/derivative/personnel or multi-meeting contract.
701505,Economics,581752,Will Trump announce Stephen Miran to replace Lisa Cook?,2025-11,2025-12,214,skip_scope,Window/derivative/personnel or multi-meeting contract.
701505,Economics,570360,Fed decreases interest rates by 50+ bps after December 2025 meeting?,2025-11,2025-12,220,skip_related_family,Same statistical release or policy meeting as a retained contract. Retained market: 655667.
701505,Economics,691922,Will Canada's annual inflation increase by 2.2% in November?,2025-11,2025-12,226,skip_already_selected,Already retained or allocated to an earlier slot.
701505,Economics,526939,Brazil unemployment below 6.3% for Q4 2025?,2025-11,2025-12,232,skip_already_selected,Already retained or allocated to an earlier slot.
701505,Economics,579056,ECB rate cut in 2025?,2025-11,2025-12,238,skip_scope,Window/derivative/personnel or multi-meeting contract.
701505,Economics,682398,Will the Bank of Brazil lower the Selic rate after December 2025 meeting?,2025-11,2025-12,244,skip_already_selected,Already retained or allocated to an earlier slot.
701505,Economics,906934,Will the US add between 75k and 100k jobs in November?,2025-11,2025-12,249,skip_related_family,Same statistical release or policy meeting as a retained contract. Retained market: 687496.
701505,Economics,525223,Will the 10-year Treasury yield dip below 2.0% in 2025?,2025-11,2025-12,253,skip_scope,Window/derivative/personnel or multi-meeting contract.
701505,Economics,692209,Will the Eurozone's annual inflation increase by 2.4% in November?,2025-11,2025-12,256,skip_already_selected,Already retained or allocated to an earlier slot.
701505,Economics,694975,Will monthly inflation be lower than 1.5% in November?,2025-11,2025-12,259,skip_already_selected,Already retained or allocated to an earlier slot.
701505,Economics,813101,'No change' or '25 bps cut' favored for Fed decision in January on December 10?,2025-11,2025-12,262,skip_scope,Window/derivative/personnel or multi-meeting contract.
701505,Economics,691919,Will Canada's monthly inflation increase by ≤0.0% in November?,2025-11,2025-12,265,skip_related_family,Same statistical release or policy meeting as a retained contract. Retained market: 691922.
701505,Economics,687961,Will the Bank of Mexico announce no change at the December meeting?,2025-11,2025-12,267,skip_already_selected,Already retained or allocated to an earlier slot.
701505,Economics,535644,Will the 10-year Treasury yield hit 5.7% in 2025?,2025-11,2025-12,269,skip_scope,Window/derivative/personnel or multi-meeting contract.
701505,Economics,669987,Bank of England decreases interest rates by 50+ bps after December 2025 meeting?,2025-11,2025-12,271,skip_already_selected,Already retained or allocated to an earlier slot.
701505,Economics,833217,Will monthly inflation increase by 0.3% in December?,2025-11,2025-12,273,skip_related_family,Same statistical release or policy meeting as a retained contract. Retained market: 833214.
701505,Economics,692135,Will the U.K.'s monthly inflation increase by ≥0.5% in November?,2025-11,2025-12,275,skip_related_family,Same statistical release or policy meeting as a retained contract. Retained market: 692158.
701505,Economics,949492,Fed rate cut by January 2026 meeting?,2025-11,2026-01,204,skip_scope,Window/derivative/personnel or multi-meeting contract.
701505,Economics,1236503,March Fed Derivative: Pause or Cut favored on Jan 28?,2025-11,2026-01,212,skip_scope,Window/derivative/personnel or multi-meeting contract.
701505,Economics,957794,Will the U.K.'s monthly inflation be -0.1% in December?,2025-11,2026-01,218,skip_already_selected,Already retained or allocated to an earlier slot.
701505,Economics,669979,Will the Bank of Canada announce a 50+ bps decrease at the January meeting?,2025-11,2026-01,224,skip_already_selected,Already retained or allocated to an earlier slot.
701505,Economics,944596,Will Canada's monthly inflation increase by 0.3% in December?,2025-11,2026-01,230,skip_related_family,Same statistical release or policy meeting as a retained contract. Retained market: 944820.
701505,Economics,933710,Will China's annual inflation increase by between 0.1% and 0.3% in December?,2025-11,2026-01,236,skip_related_family,Same statistical release or policy meeting as a retained contract. Retained market: 933690.
701505,Economics,682400,No change in the Selic rate after Bank of Brazil's January 2026 meeting?,2025-11,2026-01,242,scope_eligible_timing_pending,Full saved rules reviewed: one scheduled release or policy decision; exact time verification pending.
898158,Economics,516725,Will 2 Fed rate cuts happen in 2025?,2025-12,2025-12,206,skip_scope,Window/derivative/personnel or multi-meeting contract.
898158,Economics,581752,Will Trump announce Stephen Miran to replace Lisa Cook?,2025-12,2025-12,214,skip_scope,Window/derivative/personnel or multi-meeting contract.
898158,Economics,570360,Fed decreases interest rates by 50+ bps after December 2025 meeting?,2025-12,2025-12,220,skip_related_family,Same statistical release or policy meeting as a retained contract. Retained market: 655667.
898158,Economics,691922,Will Canada's annual inflation increase by 2.2% in November?,2025-12,2025-12,226,skip_already_selected,Already retained or allocated to an earlier slot.
898158,Economics,526939,Brazil unemployment below 6.3% for Q4 2025?,2025-12,2025-12,232,skip_already_selected,Already retained or allocated to an earlier slot.
898158,Economics,579056,ECB rate cut in 2025?,2025-12,2025-12,238,skip_scope,Window/derivative/personnel or multi-meeting contract.
898158,Economics,682398,Will the Bank of Brazil lower the Selic rate after December 2025 meeting?,2025-12,2025-12,244,skip_already_selected,Already retained or allocated to an earlier slot.
898158,Economics,906934,Will the US add between 75k and 100k jobs in November?,2025-12,2025-12,249,skip_related_family,Same statistical release or policy meeting as a retained contract. Retained market: 687496.
898158,Economics,525223,Will the 10-year Treasury yield dip below 2.0% in 2025?,2025-12,2025-12,253,skip_scope,Window/derivative/personnel or multi-meeting contract.
898158,Economics,692209,Will the Eurozone's annual inflation increase by 2.4% in November?,2025-12,2025-12,256,skip_already_selected,Already retained or allocated to an earlier slot.
898158,Economics,694975,Will monthly inflation be lower than 1.5% in November?,2025-12,2025-12,259,skip_already_selected,Already retained or allocated to an earlier slot.
898158,Economics,813101,'No change' or '25 bps cut' favored for Fed decision in January on December 10?,2025-12,2025-12,262,skip_scope,Window/derivative/personnel or multi-meeting contract.
898158,Economics,691919,Will Canada's monthly inflation increase by ≤0.0% in November?,2025-12,2025-12,265,skip_related_family,Same statistical release or policy meeting as a retained contract. Retained market: 691922.
898158,Economics,687961,Will the Bank of Mexico announce no change at the December meeting?,2025-12,2025-12,267,skip_already_selected,Already retained or allocated to an earlier slot.
898158,Economics,535644,Will the 10-year Treasury yield hit 5.7% in 2025?,2025-12,2025-12,269,skip_scope,Window/derivative/personnel or multi-meeting contract.
898158,Economics,669987,Bank of England decreases interest rates by 50+ bps after December 2025 meeting?,2025-12,2025-12,271,skip_already_selected,Already retained or allocated to an earlier slot.
898158,Economics,833217,Will monthly inflation increase by 0.3% in December?,2025-12,2025-12,273,skip_related_family,Same statistical release or policy meeting as a retained contract. Retained market: 833214.
898158,Economics,692135,Will the U.K.'s monthly inflation increase by ≥0.5% in November?,2025-12,2025-12,275,skip_related_family,Same statistical release or policy meeting as a retained contract. Retained market: 692158.
898158,Economics,949492,Fed rate cut by January 2026 meeting?,2025-12,2026-01,204,skip_scope,Window/derivative/personnel or multi-meeting contract.
898158,Economics,1236503,March Fed Derivative: Pause or Cut favored on Jan 28?,2025-12,2026-01,212,skip_scope,Window/derivative/personnel or multi-meeting contract.
898158,Economics,957794,Will the U.K.'s monthly inflation be -0.1% in December?,2025-12,2026-01,218,skip_already_selected,Already retained or allocated to an earlier slot.
898158,Economics,669979,Will the Bank of Canada announce a 50+ bps decrease at the January meeting?,2025-12,2026-01,224,skip_already_selected,Already retained or allocated to an earlier slot.
898158,Economics,944596,Will Canada's monthly inflation increase by 0.3% in December?,2025-12,2026-01,230,skip_related_family,Same statistical release or policy meeting as a retained contract. Retained market: 944820.
898158,Economics,933710,Will China's annual inflation increase by between 0.1% and 0.3% in December?,2025-12,2026-01,236,skip_related_family,Same statistical release or policy meeting as a retained contract. Retained market: 933690.
898158,Economics,682400,No change in the Selic rate after Bank of Brazil's January 2026 meeting?,2025-12,2026-01,242,skip_already_selected,Already retained or allocated to an earlier slot.
898158,Economics,958253,Will the U.K.'s annual inflation increase by ≥3.4% in December?,2025-12,2026-01,247,skip_related_new_selection,Same event family as an earlier replacement.
898158,Economics,1006941,Will the Bank of Korea make no change to the base rate after the January Meeting?,2025-12,2026-01,252,scope_eligible_timing_pending,Full saved rules reviewed: one scheduled release or policy decision; exact time verification pending.
3208500,Economics,3213954,Will the US Trade Deficit be between $90 billion and $100 billion in June 2026?,2026-08,2026-08,208,scope_eligible_timing_pending,Full saved rules reviewed: one scheduled release or policy decision; exact time verification pending.
1288247,Economics,2242046,Will monthly inflation increase by 0.2% in May?,2026-06,2026-06,207,skip_related_family,Same statistical release or policy meeting as a retained contract. Retained market: 2243882.
1288247,Economics,2810545,Will Core PCE MoM be 0.2% in June?,2026-06,2026-07,205,skip_related_family,Same statistical release or policy meeting as a retained contract. Retained market: 2810538.
1288247,Economics,2126401,Will the Central Bank of Colombia decrease the monetary policy interest rate by 50+ bps at the July meeting?,2026-06,2026-07,213,skip_already_selected,Already retained or allocated to an earlier slot.
1288247,Economics,2444514,Will the June 2026 unemployment rate be 4.6%?,2026-06,2026-07,219,skip_related_family,Same statistical release or policy meeting as a retained contract. Retained market: 2446984.
1288247,Economics,2129242,Will Eurozone GDP growth in Q2 2026 be between 0.4% and 0.7%?,2026-06,2026-07,225,skip_already_selected,Already retained or allocated to an earlier slot.
1288247,Economics,1919563,Will the Reserve Bank of New Zealand decrease the official cash rate after the July decision?,2026-06,2026-07,231,scope_eligible_timing_pending,Full saved rules reviewed: one scheduled release or policy decision; exact time verification pending.
664911,Economics,991023,Bank of Japan increases interest rates by 25 bps after March 2026 meeting?,2026-03,2026-03,201,scope_eligible_timing_pending,Full saved rules reviewed: one scheduled release or policy decision; exact time verification pending.
1167829,Economics,949492,Fed rate cut by January 2026 meeting?,2026-01,2026-01,204,skip_scope,Window/derivative/personnel or multi-meeting contract.
1167829,Economics,1236503,March Fed Derivative: Pause or Cut favored on Jan 28?,2026-01,2026-01,212,skip_scope,Window/derivative/personnel or multi-meeting contract.
1167829,Economics,957794,Will the U.K.'s monthly inflation be -0.1% in December?,2026-01,2026-01,218,skip_already_selected,Already retained or allocated to an earlier slot.
1167829,Economics,669979,Will the Bank of Canada announce a 50+ bps decrease at the January meeting?,2026-01,2026-01,224,skip_already_selected,Already retained or allocated to an earlier slot.
1167829,Economics,944596,Will Canada's monthly inflation increase by 0.3% in December?,2026-01,2026-01,230,skip_related_family,Same statistical release or policy meeting as a retained contract. Retained market: 944820.
1167829,Economics,933710,Will China's annual inflation increase by between 0.1% and 0.3% in December?,2026-01,2026-01,236,skip_related_family,Same statistical release or policy meeting as a retained contract. Retained market: 933690.
1167829,Economics,682400,No change in the Selic rate after Bank of Brazil's January 2026 meeting?,2026-01,2026-01,242,skip_already_selected,Already retained or allocated to an earlier slot.
1167829,Economics,958253,Will the U.K.'s annual inflation increase by ≥3.4% in December?,2026-01,2026-01,247,skip_related_new_selection,Same event family as an earlier replacement.
1167829,Economics,1006941,Will the Bank of Korea make no change to the base rate after the January Meeting?,2026-01,2026-01,252,skip_already_selected,Already retained or allocated to an earlier slot.
1167829,Economics,533851,Negative GDP growth in 2025?,2026-01,2026-01,255,skip_related_family,Same statistical release or policy meeting as a retained contract. Retained market: 576878.
1167829,Economics,669999,No change in Bank of Japan's interest rates after January 2026 meeting?,2026-01,2026-01,258,scope_eligible_timing_pending,Full saved rules reviewed: one scheduled release or policy decision; exact time verification pending.
581248,Economics,516725,Will 2 Fed rate cuts happen in 2025?,2025-09,2025-12,206,skip_scope,Window/derivative/personnel or multi-meeting contract.
581248,Economics,581752,Will Trump announce Stephen Miran to replace Lisa Cook?,2025-09,2025-12,214,skip_scope,Window/derivative/personnel or multi-meeting contract.
581248,Economics,570360,Fed decreases interest rates by 50+ bps after December 2025 meeting?,2025-09,2025-12,220,skip_related_family,Same statistical release or policy meeting as a retained contract. Retained market: 655667.
581248,Economics,691922,Will Canada's annual inflation increase by 2.2% in November?,2025-09,2025-12,226,skip_already_selected,Already retained or allocated to an earlier slot.
581248,Economics,526939,Brazil unemployment below 6.3% for Q4 2025?,2025-09,2025-12,232,skip_already_selected,Already retained or allocated to an earlier slot.
581248,Economics,579056,ECB rate cut in 2025?,2025-09,2025-12,238,skip_scope,Window/derivative/personnel or multi-meeting contract.
581248,Economics,682398,Will the Bank of Brazil lower the Selic rate after December 2025 meeting?,2025-09,2025-12,244,skip_already_selected,Already retained or allocated to an earlier slot.
581248,Economics,906934,Will the US add between 75k and 100k jobs in November?,2025-09,2025-12,249,skip_related_family,Same statistical release or policy meeting as a retained contract. Retained market: 687496.
581248,Economics,525223,Will the 10-year Treasury yield dip below 2.0% in 2025?,2025-09,2025-12,253,skip_scope,Window/derivative/personnel or multi-meeting contract.
581248,Economics,692209,Will the Eurozone's annual inflation increase by 2.4% in November?,2025-09,2025-12,256,skip_already_selected,Already retained or allocated to an earlier slot.
581248,Economics,694975,Will monthly inflation be lower than 1.5% in November?,2025-09,2025-12,259,skip_already_selected,Already retained or allocated to an earlier slot.
581248,Economics,813101,'No change' or '25 bps cut' favored for Fed decision in January on December 10?,2025-09,2025-12,262,skip_scope,Window/derivative/personnel or multi-meeting contract.
581248,Economics,691919,Will Canada's monthly inflation increase by ≤0.0% in November?,2025-09,2025-12,265,skip_related_family,Same statistical release or policy meeting as a retained contract. Retained market: 691922.
581248,Economics,687961,Will the Bank of Mexico announce no change at the December meeting?,2025-09,2025-12,267,skip_already_selected,Already retained or allocated to an earlier slot.
581248,Economics,535644,Will the 10-year Treasury yield hit 5.7% in 2025?,2025-09,2025-12,269,skip_scope,Window/derivative/personnel or multi-meeting contract.
581248,Economics,669987,Bank of England decreases interest rates by 50+ bps after December 2025 meeting?,2025-09,2025-12,271,skip_already_selected,Already retained or allocated to an earlier slot.
581248,Economics,833217,Will monthly inflation increase by 0.3% in December?,2025-09,2025-12,273,skip_related_family,Same statistical release or policy meeting as a retained contract. Retained market: 833214.
581248,Economics,692135,Will the U.K.'s monthly inflation increase by ≥0.5% in November?,2025-09,2025-12,275,skip_related_family,Same statistical release or policy meeting as a retained contract. Retained market: 692158.
581248,Economics,949492,Fed rate cut by January 2026 meeting?,2025-09,2026-01,204,skip_scope,Window/derivative/personnel or multi-meeting contract.
581248,Economics,1236503,March Fed Derivative: Pause or Cut favored on Jan 28?,2025-09,2026-01,212,skip_scope,Window/derivative/personnel or multi-meeting contract.
581248,Economics,957794,Will the U.K.'s monthly inflation be -0.1% in December?,2025-09,2026-01,218,skip_already_selected,Already retained or allocated to an earlier slot.
581248,Economics,669979,Will the Bank of Canada announce a 50+ bps decrease at the January meeting?,2025-09,2026-01,224,skip_already_selected,Already retained or allocated to an earlier slot.
581248,Economics,944596,Will Canada's monthly inflation increase by 0.3% in December?,2025-09,2026-01,230,skip_related_family,Same statistical release or policy meeting as a retained contract. Retained market: 944820.
581248,Economics,933710,Will China's annual inflation increase by between 0.1% and 0.3% in December?,2025-09,2026-01,236,skip_related_family,Same statistical release or policy meeting as a retained contract. Retained market: 933690.
581248,Economics,682400,No change in the Selic rate after Bank of Brazil's January 2026 meeting?,2025-09,2026-01,242,skip_already_selected,Already retained or allocated to an earlier slot.
581248,Economics,958253,Will the U.K.'s annual inflation increase by ≥3.4% in December?,2025-09,2026-01,247,skip_related_new_selection,Same event family as an earlier replacement.
581248,Economics,1006941,Will the Bank of Korea make no change to the base rate after the January Meeting?,2025-09,2026-01,252,skip_already_selected,Already retained or allocated to an earlier slot.
581248,Economics,533851,Negative GDP growth in 2025?,2025-09,2026-01,255,skip_related_family,Same statistical release or policy meeting as a retained contract. Retained market: 576878.
581248,Economics,669999,No change in Bank of Japan's interest rates after January 2026 meeting?,2025-09,2026-01,258,skip_already_selected,Already retained or allocated to an earlier slot.
581248,Economics,1179306,Will the January 2026 FOMC decision result in a 25bp cut with ≥2 dissents?,2025-09,2026-01,261,skip_related_family,Same statistical release or policy meeting as a retained contract. Retained market: 915375.
581248,Economics,705380,Will a dozen eggs cost between $3.25–3.50 in December?,2025-09,2026-01,264,skip_related_family,Same statistical release or policy meeting as a retained contract. Retained market: 833214.
581248,Economics,1236532,"March Fed Derivative: ""25bps cut"" flips ""Pause"" by Feb 28?",2025-09,2026-02,202,skip_scope,Window/derivative/personnel or multi-meeting contract.
581248,Economics,969648,Will monthly inflation increase by 0.4% in January?,2025-09,2026-02,210,skip_related_family,Same statistical release or policy meeting as a retained contract. Retained market: 1185718.
581248,Economics,1343759,"Will there be between 230k and 240k initial jobless claims during the week ending February 7, 2026?",2025-09,2026-02,216,scope_eligible_timing_pending,Full saved rules reviewed: one scheduled release or policy decision; exact time verification pending.
522150,Economics,516725,Will 2 Fed rate cuts happen in 2025?,2025-12,2025-12,206,skip_scope,Window/derivative/personnel or multi-meeting contract.
522150,Economics,581752,Will Trump announce Stephen Miran to replace Lisa Cook?,2025-12,2025-12,214,skip_scope,Window/derivative/personnel or multi-meeting contract.
522150,Economics,570360,Fed decreases interest rates by 50+ bps after December 2025 meeting?,2025-12,2025-12,220,skip_related_family,Same statistical release or policy meeting as a retained contract. Retained market: 655667.
522150,Economics,691922,Will Canada's annual inflation increase by 2.2% in November?,2025-12,2025-12,226,skip_already_selected,Already retained or allocated to an earlier slot.
522150,Economics,526939,Brazil unemployment below 6.3% for Q4 2025?,2025-12,2025-12,232,skip_already_selected,Already retained or allocated to an earlier slot.
522150,Economics,579056,ECB rate cut in 2025?,2025-12,2025-12,238,skip_scope,Window/derivative/personnel or multi-meeting contract.
522150,Economics,682398,Will the Bank of Brazil lower the Selic rate after December 2025 meeting?,2025-12,2025-12,244,skip_already_selected,Already retained or allocated to an earlier slot.
522150,Economics,906934,Will the US add between 75k and 100k jobs in November?,2025-12,2025-12,249,skip_related_family,Same statistical release or policy meeting as a retained contract. Retained market: 687496.
522150,Economics,525223,Will the 10-year Treasury yield dip below 2.0% in 2025?,2025-12,2025-12,253,skip_scope,Window/derivative/personnel or multi-meeting contract.
522150,Economics,692209,Will the Eurozone's annual inflation increase by 2.4% in November?,2025-12,2025-12,256,skip_already_selected,Already retained or allocated to an earlier slot.
522150,Economics,694975,Will monthly inflation be lower than 1.5% in November?,2025-12,2025-12,259,skip_already_selected,Already retained or allocated to an earlier slot.
522150,Economics,813101,'No change' or '25 bps cut' favored for Fed decision in January on December 10?,2025-12,2025-12,262,skip_scope,Window/derivative/personnel or multi-meeting contract.
522150,Economics,691919,Will Canada's monthly inflation increase by ≤0.0% in November?,2025-12,2025-12,265,skip_related_family,Same statistical release or policy meeting as a retained contract. Retained market: 691922.
522150,Economics,687961,Will the Bank of Mexico announce no change at the December meeting?,2025-12,2025-12,267,skip_already_selected,Already retained or allocated to an earlier slot.
522150,Economics,535644,Will the 10-year Treasury yield hit 5.7% in 2025?,2025-12,2025-12,269,skip_scope,Window/derivative/personnel or multi-meeting contract.
522150,Economics,669987,Bank of England decreases interest rates by 50+ bps after December 2025 meeting?,2025-12,2025-12,271,skip_already_selected,Already retained or allocated to an earlier slot.
522150,Economics,833217,Will monthly inflation increase by 0.3% in December?,2025-12,2025-12,273,skip_related_family,Same statistical release or policy meeting as a retained contract. Retained market: 833214.
522150,Economics,692135,Will the U.K.'s monthly inflation increase by ≥0.5% in November?,2025-12,2025-12,275,skip_related_family,Same statistical release or policy meeting as a retained contract. Retained market: 692158.
522150,Economics,949492,Fed rate cut by January 2026 meeting?,2025-12,2026-01,204,skip_scope,Window/derivative/personnel or multi-meeting contract.
522150,Economics,1236503,March Fed Derivative: Pause or Cut favored on Jan 28?,2025-12,2026-01,212,skip_scope,Window/derivative/personnel or multi-meeting contract.
522150,Economics,957794,Will the U.K.'s monthly inflation be -0.1% in December?,2025-12,2026-01,218,skip_already_selected,Already retained or allocated to an earlier slot.
522150,Economics,669979,Will the Bank of Canada announce a 50+ bps decrease at the January meeting?,2025-12,2026-01,224,skip_already_selected,Already retained or allocated to an earlier slot.
522150,Economics,944596,Will Canada's monthly inflation increase by 0.3% in December?,2025-12,2026-01,230,skip_related_family,Same statistical release or policy meeting as a retained contract. Retained market: 944820.
522150,Economics,933710,Will China's annual inflation increase by between 0.1% and 0.3% in December?,2025-12,2026-01,236,skip_related_family,Same statistical release or policy meeting as a retained contract. Retained market: 933690.
522150,Economics,682400,No change in the Selic rate after Bank of Brazil's January 2026 meeting?,2025-12,2026-01,242,skip_already_selected,Already retained or allocated to an earlier slot.
522150,Economics,958253,Will the U.K.'s annual inflation increase by ≥3.4% in December?,2025-12,2026-01,247,skip_related_new_selection,Same event family as an earlier replacement.
522150,Economics,1006941,Will the Bank of Korea make no change to the base rate after the January Meeting?,2025-12,2026-01,252,skip_already_selected,Already retained or allocated to an earlier slot.
522150,Economics,533851,Negative GDP growth in 2025?,2025-12,2026-01,255,skip_related_family,Same statistical release or policy meeting as a retained contract. Retained market: 576878.
522150,Economics,669999,No change in Bank of Japan's interest rates after January 2026 meeting?,2025-12,2026-01,258,skip_already_selected,Already retained or allocated to an earlier slot.
522150,Economics,1179306,Will the January 2026 FOMC decision result in a 25bp cut with ≥2 dissents?,2025-12,2026-01,261,skip_related_family,Same statistical release or policy meeting as a retained contract. Retained market: 915375.
522150,Economics,705380,Will a dozen eggs cost between $3.25–3.50 in December?,2025-12,2026-01,264,skip_related_family,Same statistical release or policy meeting as a retained contract. Retained market: 833214.
522150,Economics,1236532,"March Fed Derivative: ""25bps cut"" flips ""Pause"" by Feb 28?",2025-12,2026-02,202,skip_scope,Window/derivative/personnel or multi-meeting contract.
522150,Economics,969648,Will monthly inflation increase by 0.4% in January?,2025-12,2026-02,210,skip_related_family,Same statistical release or policy meeting as a retained contract. Retained market: 1185718.
522150,Economics,1343759,"Will there be between 230k and 240k initial jobless claims during the week ending February 7, 2026?",2025-12,2026-02,216,skip_already_selected,Already retained or allocated to an earlier slot.
522150,Economics,1007021,Will the Bank of Korea make no change to the base rate after the February Meeting?,2025-12,2026-02,222,scope_eligible_timing_pending,Full saved rules reviewed: one scheduled release or policy decision; exact time verification pending.
587216,Economics,516725,Will 2 Fed rate cuts happen in 2025?,2025-12,2025-12,206,skip_scope,Window/derivative/personnel or multi-meeting contract.
587216,Economics,581752,Will Trump announce Stephen Miran to replace Lisa Cook?,2025-12,2025-12,214,skip_scope,Window/derivative/personnel or multi-meeting contract.
587216,Economics,570360,Fed decreases interest rates by 50+ bps after December 2025 meeting?,2025-12,2025-12,220,skip_related_family,Same statistical release or policy meeting as a retained contract. Retained market: 655667.
587216,Economics,691922,Will Canada's annual inflation increase by 2.2% in November?,2025-12,2025-12,226,skip_already_selected,Already retained or allocated to an earlier slot.
587216,Economics,526939,Brazil unemployment below 6.3% for Q4 2025?,2025-12,2025-12,232,skip_already_selected,Already retained or allocated to an earlier slot.
587216,Economics,579056,ECB rate cut in 2025?,2025-12,2025-12,238,skip_scope,Window/derivative/personnel or multi-meeting contract.
587216,Economics,682398,Will the Bank of Brazil lower the Selic rate after December 2025 meeting?,2025-12,2025-12,244,skip_already_selected,Already retained or allocated to an earlier slot.
587216,Economics,906934,Will the US add between 75k and 100k jobs in November?,2025-12,2025-12,249,skip_related_family,Same statistical release or policy meeting as a retained contract. Retained market: 687496.
587216,Economics,525223,Will the 10-year Treasury yield dip below 2.0% in 2025?,2025-12,2025-12,253,skip_scope,Window/derivative/personnel or multi-meeting contract.
587216,Economics,692209,Will the Eurozone's annual inflation increase by 2.4% in November?,2025-12,2025-12,256,skip_already_selected,Already retained or allocated to an earlier slot.
587216,Economics,694975,Will monthly inflation be lower than 1.5% in November?,2025-12,2025-12,259,skip_already_selected,Already retained or allocated to an earlier slot.
587216,Economics,813101,'No change' or '25 bps cut' favored for Fed decision in January on December 10?,2025-12,2025-12,262,skip_scope,Window/derivative/personnel or multi-meeting contract.
587216,Economics,691919,Will Canada's monthly inflation increase by ≤0.0% in November?,2025-12,2025-12,265,skip_related_family,Same statistical release or policy meeting as a retained contract. Retained market: 691922.
587216,Economics,687961,Will the Bank of Mexico announce no change at the December meeting?,2025-12,2025-12,267,skip_already_selected,Already retained or allocated to an earlier slot.
587216,Economics,535644,Will the 10-year Treasury yield hit 5.7% in 2025?,2025-12,2025-12,269,skip_scope,Window/derivative/personnel or multi-meeting contract.
587216,Economics,669987,Bank of England decreases interest rates by 50+ bps after December 2025 meeting?,2025-12,2025-12,271,skip_already_selected,Already retained or allocated to an earlier slot.
587216,Economics,833217,Will monthly inflation increase by 0.3% in December?,2025-12,2025-12,273,skip_related_family,Same statistical release or policy meeting as a retained contract. Retained market: 833214.
587216,Economics,692135,Will the U.K.'s monthly inflation increase by ≥0.5% in November?,2025-12,2025-12,275,skip_related_family,Same statistical release or policy meeting as a retained contract. Retained market: 692158.
587216,Economics,949492,Fed rate cut by January 2026 meeting?,2025-12,2026-01,204,skip_scope,Window/derivative/personnel or multi-meeting contract.
587216,Economics,1236503,March Fed Derivative: Pause or Cut favored on Jan 28?,2025-12,2026-01,212,skip_scope,Window/derivative/personnel or multi-meeting contract.
587216,Economics,957794,Will the U.K.'s monthly inflation be -0.1% in December?,2025-12,2026-01,218,skip_already_selected,Already retained or allocated to an earlier slot.
587216,Economics,669979,Will the Bank of Canada announce a 50+ bps decrease at the January meeting?,2025-12,2026-01,224,skip_already_selected,Already retained or allocated to an earlier slot.
587216,Economics,944596,Will Canada's monthly inflation increase by 0.3% in December?,2025-12,2026-01,230,skip_related_family,Same statistical release or policy meeting as a retained contract. Retained market: 944820.
587216,Economics,933710,Will China's annual inflation increase by between 0.1% and 0.3% in December?,2025-12,2026-01,236,skip_related_family,Same statistical release or policy meeting as a retained contract. Retained market: 933690.
587216,Economics,682400,No change in the Selic rate after Bank of Brazil's January 2026 meeting?,2025-12,2026-01,242,skip_already_selected,Already retained or allocated to an earlier slot.
587216,Economics,958253,Will the U.K.'s annual inflation increase by ≥3.4% in December?,2025-12,2026-01,247,skip_related_new_selection,Same event family as an earlier replacement.
587216,Economics,1006941,Will the Bank of Korea make no change to the base rate after the January Meeting?,2025-12,2026-01,252,skip_already_selected,Already retained or allocated to an earlier slot.
587216,Economics,533851,Negative GDP growth in 2025?,2025-12,2026-01,255,skip_related_family,Same statistical release or policy meeting as a retained contract. Retained market: 576878.
587216,Economics,669999,No change in Bank of Japan's interest rates after January 2026 meeting?,2025-12,2026-01,258,skip_already_selected,Already retained or allocated to an earlier slot.
587216,Economics,1179306,Will the January 2026 FOMC decision result in a 25bp cut with ≥2 dissents?,2025-12,2026-01,261,skip_related_family,Same statistical release or policy meeting as a retained contract. Retained market: 915375.
587216,Economics,705380,Will a dozen eggs cost between $3.25–3.50 in December?,2025-12,2026-01,264,skip_related_family,Same statistical release or policy meeting as a retained contract. Retained market: 833214.
587216,Economics,1236532,"March Fed Derivative: ""25bps cut"" flips ""Pause"" by Feb 28?",2025-12,2026-02,202,skip_scope,Window/derivative/personnel or multi-meeting contract.
587216,Economics,969648,Will monthly inflation increase by 0.4% in January?,2025-12,2026-02,210,skip_related_family,Same statistical release or policy meeting as a retained contract. Retained market: 1185718.
587216,Economics,1343759,"Will there be between 230k and 240k initial jobless claims during the week ending February 7, 2026?",2025-12,2026-02,216,skip_already_selected,Already retained or allocated to an earlier slot.
587216,Economics,1007021,Will the Bank of Korea make no change to the base rate after the February Meeting?,2025-12,2026-02,222,skip_already_selected,Already retained or allocated to an earlier slot.
587216,Economics,1178764,Will annual inflation in Argentina increase by 39% or higher in January 2026?,2025-12,2026-02,228,skip_related_family,Same statistical release or policy meeting as a retained contract. Retained market: 1178746.
587216,Economics,1370450,"Will there be between 210k and 220k initial jobless claims during the week ending February 14, 2026?",2025-12,2026-02,234,scope_eligible_timing_pending,Full saved rules reviewed: one scheduled release or policy decision; exact time verification pending.
1167839,Economics,991023,Bank of Japan increases interest rates by 25 bps after March 2026 meeting?,2026-03,2026-03,201,skip_already_selected,Already retained or allocated to an earlier slot.
1167839,Economics,964476,Will the ECB announce a 25 bps decrease at the March 2026 meeting?,2026-03,2026-03,209,scope_eligible_timing_pending,Full saved rules reviewed: one scheduled release or policy decision; exact time verification pending.
1744646,Economics,1559284,Will a dozen eggs cost between $2.00–2.25 in March?,2026-04,2026-04,203,skip_related_family,Same statistical release or policy meeting as a retained contract. Retained market: 1559110.
1744646,Economics,1285877,Will the Bank of Canada announce a 25 bps decrease at the April meeting?,2026-04,2026-04,211,skip_already_selected,Already retained or allocated to an earlier slot.
1744646,Economics,1559151,Will monthly inflation increase by 0.4% in March?,2026-04,2026-04,217,skip_related_family,Same statistical release or policy meeting as a retained contract. Retained market: 1559110.
1744646,Economics,1795862,Will the People's Bank of China increase rates in April?,2026-04,2026-04,223,skip_scope,Window/derivative/personnel or multi-meeting contract.
1744646,Economics,1655328,Will no one dissent the April Fed decision?,2026-04,2026-04,229,skip_related_family,Same statistical release or policy meeting as a retained contract. Retained market: 669662.
1744646,Economics,1301502,Will the Central Bank of Colombia announce a decrease at the April meeting?,2026-04,2026-04,235,skip_already_selected,Already retained or allocated to an earlier slot.
1744646,Economics,1006073,Will US GDP growth in Q1 2026 be less than 1.0%?,2026-04,2026-04,241,scope_eligible_timing_pending,Full saved rules reviewed: one scheduled release or policy decision; exact time verification pending.
2118189,Economics,1559284,Will a dozen eggs cost between $2.00–2.25 in March?,2026-05,2026-04,203,skip_related_family,Same statistical release or policy meeting as a retained contract. Retained market: 1559110.
2118189,Economics,1285877,Will the Bank of Canada announce a 25 bps decrease at the April meeting?,2026-05,2026-04,211,skip_already_selected,Already retained or allocated to an earlier slot.
2118189,Economics,1559151,Will monthly inflation increase by 0.4% in March?,2026-05,2026-04,217,skip_related_family,Same statistical release or policy meeting as a retained contract. Retained market: 1559110.
2118189,Economics,1795862,Will the People's Bank of China increase rates in April?,2026-05,2026-04,223,skip_scope,Window/derivative/personnel or multi-meeting contract.
2118189,Economics,1655328,Will no one dissent the April Fed decision?,2026-05,2026-04,229,skip_related_family,Same statistical release or policy meeting as a retained contract. Retained market: 669662.
2118189,Economics,1301502,Will the Central Bank of Colombia announce a decrease at the April meeting?,2026-05,2026-04,235,skip_already_selected,Already retained or allocated to an earlier slot.
2118189,Economics,1006073,Will US GDP growth in Q1 2026 be less than 1.0%?,2026-05,2026-04,241,skip_already_selected,Already retained or allocated to an earlier slot.
2118189,Economics,1374255,Will annual inflation increase by ≤2.0% in March?,2026-05,2026-04,246,skip_related_family,Same statistical release or policy meeting as a retained contract. Retained market: 1559110.
2118189,Economics,1194732,Will the Bank of Korea increase the base rate after the April Meeting?,2026-05,2026-04,251,scope_eligible_timing_pending,Full saved rules reviewed: one scheduled release or policy decision; exact time verification pending.
902260,Economics,991023,Bank of Japan increases interest rates by 25 bps after March 2026 meeting?,2026-03,2026-03,201,skip_already_selected,Already retained or allocated to an earlier slot.
902260,Economics,964476,Will the ECB announce a 25 bps decrease at the March 2026 meeting?,2026-03,2026-03,209,skip_already_selected,Already retained or allocated to an earlier slot.
902260,Economics,1420682,Will India’s Unemployment Rate not change in February?,2026-03,2026-03,215,scope_eligible_timing_pending,Full saved rules reviewed: one scheduled release or policy decision; exact time verification pending.
798202,Economics,516725,Will 2 Fed rate cuts happen in 2025?,2025-12,2025-12,206,skip_scope,Window/derivative/personnel or multi-meeting contract.
798202,Economics,581752,Will Trump announce Stephen Miran to replace Lisa Cook?,2025-12,2025-12,214,skip_scope,Window/derivative/personnel or multi-meeting contract.
798202,Economics,570360,Fed decreases interest rates by 50+ bps after December 2025 meeting?,2025-12,2025-12,220,skip_related_family,Same statistical release or policy meeting as a retained contract. Retained market: 655667.
798202,Economics,691922,Will Canada's annual inflation increase by 2.2% in November?,2025-12,2025-12,226,skip_already_selected,Already retained or allocated to an earlier slot.
798202,Economics,526939,Brazil unemployment below 6.3% for Q4 2025?,2025-12,2025-12,232,skip_already_selected,Already retained or allocated to an earlier slot.
798202,Economics,579056,ECB rate cut in 2025?,2025-12,2025-12,238,skip_scope,Window/derivative/personnel or multi-meeting contract.
798202,Economics,682398,Will the Bank of Brazil lower the Selic rate after December 2025 meeting?,2025-12,2025-12,244,skip_already_selected,Already retained or allocated to an earlier slot.
798202,Economics,906934,Will the US add between 75k and 100k jobs in November?,2025-12,2025-12,249,skip_related_family,Same statistical release or policy meeting as a retained contract. Retained market: 687496.
798202,Economics,525223,Will the 10-year Treasury yield dip below 2.0% in 2025?,2025-12,2025-12,253,skip_scope,Window/derivative/personnel or multi-meeting contract.
798202,Economics,692209,Will the Eurozone's annual inflation increase by 2.4% in November?,2025-12,2025-12,256,skip_already_selected,Already retained or allocated to an earlier slot.
798202,Economics,694975,Will monthly inflation be lower than 1.5% in November?,2025-12,2025-12,259,skip_already_selected,Already retained or allocated to an earlier slot.
798202,Economics,813101,'No change' or '25 bps cut' favored for Fed decision in January on December 10?,2025-12,2025-12,262,skip_scope,Window/derivative/personnel or multi-meeting contract.
798202,Economics,691919,Will Canada's monthly inflation increase by ≤0.0% in November?,2025-12,2025-12,265,skip_related_family,Same statistical release or policy meeting as a retained contract. Retained market: 691922.
798202,Economics,687961,Will the Bank of Mexico announce no change at the December meeting?,2025-12,2025-12,267,skip_already_selected,Already retained or allocated to an earlier slot.
798202,Economics,535644,Will the 10-year Treasury yield hit 5.7% in 2025?,2025-12,2025-12,269,skip_scope,Window/derivative/personnel or multi-meeting contract.
798202,Economics,669987,Bank of England decreases interest rates by 50+ bps after December 2025 meeting?,2025-12,2025-12,271,skip_already_selected,Already retained or allocated to an earlier slot.
798202,Economics,833217,Will monthly inflation increase by 0.3% in December?,2025-12,2025-12,273,skip_related_family,Same statistical release or policy meeting as a retained contract. Retained market: 833214.
798202,Economics,692135,Will the U.K.'s monthly inflation increase by ≥0.5% in November?,2025-12,2025-12,275,skip_related_family,Same statistical release or policy meeting as a retained contract. Retained market: 692158.
798202,Economics,949492,Fed rate cut by January 2026 meeting?,2025-12,2026-01,204,skip_scope,Window/derivative/personnel or multi-meeting contract.
798202,Economics,1236503,March Fed Derivative: Pause or Cut favored on Jan 28?,2025-12,2026-01,212,skip_scope,Window/derivative/personnel or multi-meeting contract.
798202,Economics,957794,Will the U.K.'s monthly inflation be -0.1% in December?,2025-12,2026-01,218,skip_already_selected,Already retained or allocated to an earlier slot.
798202,Economics,669979,Will the Bank of Canada announce a 50+ bps decrease at the January meeting?,2025-12,2026-01,224,skip_already_selected,Already retained or allocated to an earlier slot.
798202,Economics,944596,Will Canada's monthly inflation increase by 0.3% in December?,2025-12,2026-01,230,skip_related_family,Same statistical release or policy meeting as a retained contract. Retained market: 944820.
798202,Economics,933710,Will China's annual inflation increase by between 0.1% and 0.3% in December?,2025-12,2026-01,236,skip_related_family,Same statistical release or policy meeting as a retained contract. Retained market: 933690.
798202,Economics,682400,No change in the Selic rate after Bank of Brazil's January 2026 meeting?,2025-12,2026-01,242,skip_already_selected,Already retained or allocated to an earlier slot.
798202,Economics,958253,Will the U.K.'s annual inflation increase by ≥3.4% in December?,2025-12,2026-01,247,skip_related_new_selection,Same event family as an earlier replacement.
798202,Economics,1006941,Will the Bank of Korea make no change to the base rate after the January Meeting?,2025-12,2026-01,252,skip_already_selected,Already retained or allocated to an earlier slot.
798202,Economics,533851,Negative GDP growth in 2025?,2025-12,2026-01,255,skip_related_family,Same statistical release or policy meeting as a retained contract. Retained market: 576878.
798202,Economics,669999,No change in Bank of Japan's interest rates after January 2026 meeting?,2025-12,2026-01,258,skip_already_selected,Already retained or allocated to an earlier slot.
798202,Economics,1179306,Will the January 2026 FOMC decision result in a 25bp cut with ≥2 dissents?,2025-12,2026-01,261,skip_related_family,Same statistical release or policy meeting as a retained contract. Retained market: 915375.
798202,Economics,705380,Will a dozen eggs cost between $3.25–3.50 in December?,2025-12,2026-01,264,skip_related_family,Same statistical release or policy meeting as a retained contract. Retained market: 833214.
798202,Economics,1236532,"March Fed Derivative: ""25bps cut"" flips ""Pause"" by Feb 28?",2025-12,2026-02,202,skip_scope,Window/derivative/personnel or multi-meeting contract.
798202,Economics,969648,Will monthly inflation increase by 0.4% in January?,2025-12,2026-02,210,skip_related_family,Same statistical release or policy meeting as a retained contract. Retained market: 1185718.
798202,Economics,1343759,"Will there be between 230k and 240k initial jobless claims during the week ending February 7, 2026?",2025-12,2026-02,216,skip_already_selected,Already retained or allocated to an earlier slot.
798202,Economics,1007021,Will the Bank of Korea make no change to the base rate after the February Meeting?,2025-12,2026-02,222,skip_already_selected,Already retained or allocated to an earlier slot.
798202,Economics,1178764,Will annual inflation in Argentina increase by 39% or higher in January 2026?,2025-12,2026-02,228,skip_related_family,Same statistical release or policy meeting as a retained contract. Retained market: 1178746.
798202,Economics,1370450,"Will there be between 210k and 220k initial jobless claims during the week ending February 14, 2026?",2025-12,2026-02,234,skip_already_selected,Already retained or allocated to an earlier slot.
798202,Economics,1116336,Will the Bank of Israel increase the Bank of Israel Interest Rate after the February decision?,2025-12,2026-02,240,scope_eligible_timing_pending,Full saved rules reviewed: one scheduled release or policy decision; exact time verification pending.
1190133,Economics,991023,Bank of Japan increases interest rates by 25 bps after March 2026 meeting?,2026-03,2026-03,201,skip_already_selected,Already retained or allocated to an earlier slot.
1190133,Economics,964476,Will the ECB announce a 25 bps decrease at the March 2026 meeting?,2026-03,2026-03,209,skip_already_selected,Already retained or allocated to an earlier slot.
1190133,Economics,1420682,Will India’s Unemployment Rate not change in February?,2026-03,2026-03,215,skip_already_selected,Already retained or allocated to an earlier slot.
1190133,Economics,1227992,Nothing Ever Happens: Interest Rates,2026-03,2026-03,221,skip_scope,Window/derivative/personnel or multi-meeting contract.
1190133,Economics,1005413,Will the Central Bank of Colombia announce no change at the March meeting?,2026-03,2026-03,227,scope_eligible_timing_pending,Full saved rules reviewed: one scheduled release or policy decision; exact time verification pending.
537133,Economics,516725,Will 2 Fed rate cuts happen in 2025?,2025-12,2025-12,206,skip_scope,Window/derivative/personnel or multi-meeting contract.
537133,Economics,581752,Will Trump announce Stephen Miran to replace Lisa Cook?,2025-12,2025-12,214,skip_scope,Window/derivative/personnel or multi-meeting contract.
537133,Economics,570360,Fed decreases interest rates by 50+ bps after December 2025 meeting?,2025-12,2025-12,220,skip_related_family,Same statistical release or policy meeting as a retained contract. Retained market: 655667.
537133,Economics,691922,Will Canada's annual inflation increase by 2.2% in November?,2025-12,2025-12,226,skip_already_selected,Already retained or allocated to an earlier slot.
537133,Economics,526939,Brazil unemployment below 6.3% for Q4 2025?,2025-12,2025-12,232,skip_already_selected,Already retained or allocated to an earlier slot.
537133,Economics,579056,ECB rate cut in 2025?,2025-12,2025-12,238,skip_scope,Window/derivative/personnel or multi-meeting contract.
537133,Economics,682398,Will the Bank of Brazil lower the Selic rate after December 2025 meeting?,2025-12,2025-12,244,skip_already_selected,Already retained or allocated to an earlier slot.
537133,Economics,906934,Will the US add between 75k and 100k jobs in November?,2025-12,2025-12,249,skip_related_family,Same statistical release or policy meeting as a retained contract. Retained market: 687496.
537133,Economics,525223,Will the 10-year Treasury yield dip below 2.0% in 2025?,2025-12,2025-12,253,skip_scope,Window/derivative/personnel or multi-meeting contract.
537133,Economics,692209,Will the Eurozone's annual inflation increase by 2.4% in November?,2025-12,2025-12,256,skip_already_selected,Already retained or allocated to an earlier slot.
537133,Economics,694975,Will monthly inflation be lower than 1.5% in November?,2025-12,2025-12,259,skip_already_selected,Already retained or allocated to an earlier slot.
537133,Economics,813101,'No change' or '25 bps cut' favored for Fed decision in January on December 10?,2025-12,2025-12,262,skip_scope,Window/derivative/personnel or multi-meeting contract.
537133,Economics,691919,Will Canada's monthly inflation increase by ≤0.0% in November?,2025-12,2025-12,265,skip_related_family,Same statistical release or policy meeting as a retained contract. Retained market: 691922.
537133,Economics,687961,Will the Bank of Mexico announce no change at the December meeting?,2025-12,2025-12,267,skip_already_selected,Already retained or allocated to an earlier slot.
537133,Economics,535644,Will the 10-year Treasury yield hit 5.7% in 2025?,2025-12,2025-12,269,skip_scope,Window/derivative/personnel or multi-meeting contract.
537133,Economics,669987,Bank of England decreases interest rates by 50+ bps after December 2025 meeting?,2025-12,2025-12,271,skip_already_selected,Already retained or allocated to an earlier slot.
537133,Economics,833217,Will monthly inflation increase by 0.3% in December?,2025-12,2025-12,273,skip_related_family,Same statistical release or policy meeting as a retained contract. Retained market: 833214.
537133,Economics,692135,Will the U.K.'s monthly inflation increase by ≥0.5% in November?,2025-12,2025-12,275,skip_related_family,Same statistical release or policy meeting as a retained contract. Retained market: 692158.
537133,Economics,949492,Fed rate cut by January 2026 meeting?,2025-12,2026-01,204,skip_scope,Window/derivative/personnel or multi-meeting contract.
537133,Economics,1236503,March Fed Derivative: Pause or Cut favored on Jan 28?,2025-12,2026-01,212,skip_scope,Window/derivative/personnel or multi-meeting contract.
537133,Economics,957794,Will the U.K.'s monthly inflation be -0.1% in December?,2025-12,2026-01,218,skip_already_selected,Already retained or allocated to an earlier slot.
537133,Economics,669979,Will the Bank of Canada announce a 50+ bps decrease at the January meeting?,2025-12,2026-01,224,skip_already_selected,Already retained or allocated to an earlier slot.
537133,Economics,944596,Will Canada's monthly inflation increase by 0.3% in December?,2025-12,2026-01,230,skip_related_family,Same statistical release or policy meeting as a retained contract. Retained market: 944820.
537133,Economics,933710,Will China's annual inflation increase by between 0.1% and 0.3% in December?,2025-12,2026-01,236,skip_related_family,Same statistical release or policy meeting as a retained contract. Retained market: 933690.
537133,Economics,682400,No change in the Selic rate after Bank of Brazil's January 2026 meeting?,2025-12,2026-01,242,skip_already_selected,Already retained or allocated to an earlier slot.
537133,Economics,958253,Will the U.K.'s annual inflation increase by ≥3.4% in December?,2025-12,2026-01,247,skip_related_new_selection,Same event family as an earlier replacement.
537133,Economics,1006941,Will the Bank of Korea make no change to the base rate after the January Meeting?,2025-12,2026-01,252,skip_already_selected,Already retained or allocated to an earlier slot.
537133,Economics,533851,Negative GDP growth in 2025?,2025-12,2026-01,255,skip_related_family,Same statistical release or policy meeting as a retained contract. Retained market: 576878.
537133,Economics,669999,No change in Bank of Japan's interest rates after January 2026 meeting?,2025-12,2026-01,258,skip_already_selected,Already retained or allocated to an earlier slot.
537133,Economics,1179306,Will the January 2026 FOMC decision result in a 25bp cut with ≥2 dissents?,2025-12,2026-01,261,skip_related_family,Same statistical release or policy meeting as a retained contract. Retained market: 915375.
537133,Economics,705380,Will a dozen eggs cost between $3.25–3.50 in December?,2025-12,2026-01,264,skip_related_family,Same statistical release or policy meeting as a retained contract. Retained market: 833214.
537133,Economics,1236532,"March Fed Derivative: ""25bps cut"" flips ""Pause"" by Feb 28?",2025-12,2026-02,202,skip_scope,Window/derivative/personnel or multi-meeting contract.
537133,Economics,969648,Will monthly inflation increase by 0.4% in January?,2025-12,2026-02,210,skip_related_family,Same statistical release or policy meeting as a retained contract. Retained market: 1185718.
537133,Economics,1343759,"Will there be between 230k and 240k initial jobless claims during the week ending February 7, 2026?",2025-12,2026-02,216,skip_already_selected,Already retained or allocated to an earlier slot.
537133,Economics,1007021,Will the Bank of Korea make no change to the base rate after the February Meeting?,2025-12,2026-02,222,skip_already_selected,Already retained or allocated to an earlier slot.
537133,Economics,1178764,Will annual inflation in Argentina increase by 39% or higher in January 2026?,2025-12,2026-02,228,skip_related_family,Same statistical release or policy meeting as a retained contract. Retained market: 1178746.
537133,Economics,1370450,"Will there be between 210k and 220k initial jobless claims during the week ending February 14, 2026?",2025-12,2026-02,234,skip_already_selected,Already retained or allocated to an earlier slot.
537133,Economics,1116336,Will the Bank of Israel increase the Bank of Israel Interest Rate after the February decision?,2025-12,2026-02,240,skip_already_selected,Already retained or allocated to an earlier slot.
537133,Economics,991023,Bank of Japan increases interest rates by 25 bps after March 2026 meeting?,2025-12,2026-03,201,skip_already_selected,Already retained or allocated to an earlier slot.
537133,Economics,964476,Will the ECB announce a 25 bps decrease at the March 2026 meeting?,2025-12,2026-03,209,skip_already_selected,Already retained or allocated to an earlier slot.
537133,Economics,1420682,Will India’s Unemployment Rate not change in February?,2025-12,2026-03,215,skip_already_selected,Already retained or allocated to an earlier slot.
537133,Economics,1227992,Nothing Ever Happens: Interest Rates,2025-12,2026-03,221,skip_scope,Window/derivative/personnel or multi-meeting contract.
537133,Economics,1005413,Will the Central Bank of Colombia announce no change at the March meeting?,2025-12,2026-03,227,skip_already_selected,Already retained or allocated to an earlier slot.
537133,Economics,1360618,Will South Korea's Unemployment Rate decrease between January and February 2026?,2025-12,2026-03,233,scope_eligible_timing_pending,Full saved rules reviewed: one scheduled release or policy decision; exact time verification pending.
516711,Economics,516725,Will 2 Fed rate cuts happen in 2025?,2025-12,2025-12,206,skip_scope,Window/derivative/personnel or multi-meeting contract.
516711,Economics,581752,Will Trump announce Stephen Miran to replace Lisa Cook?,2025-12,2025-12,214,skip_scope,Window/derivative/personnel or multi-meeting contract.
516711,Economics,570360,Fed decreases interest rates by 50+ bps after December 2025 meeting?,2025-12,2025-12,220,skip_related_family,Same statistical release or policy meeting as a retained contract. Retained market: 655667.
516711,Economics,691922,Will Canada's annual inflation increase by 2.2% in November?,2025-12,2025-12,226,skip_already_selected,Already retained or allocated to an earlier slot.
516711,Economics,526939,Brazil unemployment below 6.3% for Q4 2025?,2025-12,2025-12,232,skip_already_selected,Already retained or allocated to an earlier slot.
516711,Economics,579056,ECB rate cut in 2025?,2025-12,2025-12,238,skip_scope,Window/derivative/personnel or multi-meeting contract.
516711,Economics,682398,Will the Bank of Brazil lower the Selic rate after December 2025 meeting?,2025-12,2025-12,244,skip_already_selected,Already retained or allocated to an earlier slot.
516711,Economics,906934,Will the US add between 75k and 100k jobs in November?,2025-12,2025-12,249,skip_related_family,Same statistical release or policy meeting as a retained contract. Retained market: 687496.
516711,Economics,525223,Will the 10-year Treasury yield dip below 2.0% in 2025?,2025-12,2025-12,253,skip_scope,Window/derivative/personnel or multi-meeting contract.
516711,Economics,692209,Will the Eurozone's annual inflation increase by 2.4% in November?,2025-12,2025-12,256,skip_already_selected,Already retained or allocated to an earlier slot.
516711,Economics,694975,Will monthly inflation be lower than 1.5% in November?,2025-12,2025-12,259,skip_already_selected,Already retained or allocated to an earlier slot.
516711,Economics,813101,'No change' or '25 bps cut' favored for Fed decision in January on December 10?,2025-12,2025-12,262,skip_scope,Window/derivative/personnel or multi-meeting contract.
516711,Economics,691919,Will Canada's monthly inflation increase by ≤0.0% in November?,2025-12,2025-12,265,skip_related_family,Same statistical release or policy meeting as a retained contract. Retained market: 691922.
516711,Economics,687961,Will the Bank of Mexico announce no change at the December meeting?,2025-12,2025-12,267,skip_already_selected,Already retained or allocated to an earlier slot.
516711,Economics,535644,Will the 10-year Treasury yield hit 5.7% in 2025?,2025-12,2025-12,269,skip_scope,Window/derivative/personnel or multi-meeting contract.
516711,Economics,669987,Bank of England decreases interest rates by 50+ bps after December 2025 meeting?,2025-12,2025-12,271,skip_already_selected,Already retained or allocated to an earlier slot.
516711,Economics,833217,Will monthly inflation increase by 0.3% in December?,2025-12,2025-12,273,skip_related_family,Same statistical release or policy meeting as a retained contract. Retained market: 833214.
516711,Economics,692135,Will the U.K.'s monthly inflation increase by ≥0.5% in November?,2025-12,2025-12,275,skip_related_family,Same statistical release or policy meeting as a retained contract. Retained market: 692158.
516711,Economics,949492,Fed rate cut by January 2026 meeting?,2025-12,2026-01,204,skip_scope,Window/derivative/personnel or multi-meeting contract.
516711,Economics,1236503,March Fed Derivative: Pause or Cut favored on Jan 28?,2025-12,2026-01,212,skip_scope,Window/derivative/personnel or multi-meeting contract.
516711,Economics,957794,Will the U.K.'s monthly inflation be -0.1% in December?,2025-12,2026-01,218,skip_already_selected,Already retained or allocated to an earlier slot.
516711,Economics,669979,Will the Bank of Canada announce a 50+ bps decrease at the January meeting?,2025-12,2026-01,224,skip_already_selected,Already retained or allocated to an earlier slot.
516711,Economics,944596,Will Canada's monthly inflation increase by 0.3% in December?,2025-12,2026-01,230,skip_related_family,Same statistical release or policy meeting as a retained contract. Retained market: 944820.
516711,Economics,933710,Will China's annual inflation increase by between 0.1% and 0.3% in December?,2025-12,2026-01,236,skip_related_family,Same statistical release or policy meeting as a retained contract. Retained market: 933690.
516711,Economics,682400,No change in the Selic rate after Bank of Brazil's January 2026 meeting?,2025-12,2026-01,242,skip_already_selected,Already retained or allocated to an earlier slot.
516711,Economics,958253,Will the U.K.'s annual inflation increase by ≥3.4% in December?,2025-12,2026-01,247,skip_related_new_selection,Same event family as an earlier replacement.
516711,Economics,1006941,Will the Bank of Korea make no change to the base rate after the January Meeting?,2025-12,2026-01,252,skip_already_selected,Already retained or allocated to an earlier slot.
516711,Economics,533851,Negative GDP growth in 2025?,2025-12,2026-01,255,skip_related_family,Same statistical release or policy meeting as a retained contract. Retained market: 576878.
516711,Economics,669999,No change in Bank of Japan's interest rates after January 2026 meeting?,2025-12,2026-01,258,skip_already_selected,Already retained or allocated to an earlier slot.
516711,Economics,1179306,Will the January 2026 FOMC decision result in a 25bp cut with ≥2 dissents?,2025-12,2026-01,261,skip_related_family,Same statistical release or policy meeting as a retained contract. Retained market: 915375.
516711,Economics,705380,Will a dozen eggs cost between $3.25–3.50 in December?,2025-12,2026-01,264,skip_related_family,Same statistical release or policy meeting as a retained contract. Retained market: 833214.
516711,Economics,1236532,"March Fed Derivative: ""25bps cut"" flips ""Pause"" by Feb 28?",2025-12,2026-02,202,skip_scope,Window/derivative/personnel or multi-meeting contract.
516711,Economics,969648,Will monthly inflation increase by 0.4% in January?,2025-12,2026-02,210,skip_related_family,Same statistical release or policy meeting as a retained contract. Retained market: 1185718.
516711,Economics,1343759,"Will there be between 230k and 240k initial jobless claims during the week ending February 7, 2026?",2025-12,2026-02,216,skip_already_selected,Already retained or allocated to an earlier slot.
516711,Economics,1007021,Will the Bank of Korea make no change to the base rate after the February Meeting?,2025-12,2026-02,222,skip_already_selected,Already retained or allocated to an earlier slot.
516711,Economics,1178764,Will annual inflation in Argentina increase by 39% or higher in January 2026?,2025-12,2026-02,228,skip_related_family,Same statistical release or policy meeting as a retained contract. Retained market: 1178746.
516711,Economics,1370450,"Will there be between 210k and 220k initial jobless claims during the week ending February 14, 2026?",2025-12,2026-02,234,skip_already_selected,Already retained or allocated to an earlier slot.
516711,Economics,1116336,Will the Bank of Israel increase the Bank of Israel Interest Rate after the February decision?,2025-12,2026-02,240,skip_already_selected,Already retained or allocated to an earlier slot.
516711,Economics,991023,Bank of Japan increases interest rates by 25 bps after March 2026 meeting?,2025-12,2026-03,201,skip_already_selected,Already retained or allocated to an earlier slot.
516711,Economics,964476,Will the ECB announce a 25 bps decrease at the March 2026 meeting?,2025-12,2026-03,209,skip_already_selected,Already retained or allocated to an earlier slot.
516711,Economics,1420682,Will India’s Unemployment Rate not change in February?,2025-12,2026-03,215,skip_already_selected,Already retained or allocated to an earlier slot.
516711,Economics,1227992,Nothing Ever Happens: Interest Rates,2025-12,2026-03,221,skip_scope,Window/derivative/personnel or multi-meeting contract.
516711,Economics,1005413,Will the Central Bank of Colombia announce no change at the March meeting?,2025-12,2026-03,227,skip_already_selected,Already retained or allocated to an earlier slot.
516711,Economics,1360618,Will South Korea's Unemployment Rate decrease between January and February 2026?,2025-12,2026-03,233,skip_already_selected,Already retained or allocated to an earlier slot.
516711,Economics,1370913,Will Argentina’s monthly inflation in February 2026 be between 3.4% and 3.6%?,2025-12,2026-03,239,scope_eligible_timing_pending,Full saved rules reviewed: one scheduled release or policy decision; exact time verification pending.
